name,method,pattern,actual_sparsity,ppl,type,M,variant,layers,sparsity,median_ms,speedup_vs_dense
magnitude-block16x16-50,magnitude,block16,0.5000015370575063,33803.19741803803,down_proj,1,csr,5,0.5000016979705122,0.3474719822406769,0.11710857899519748
magnitude-block16x16-50,magnitude,block16,0.5000015370575063,33803.19741803803,down_proj,1,csr_random,5,0.5000016979705122,0.35122931003570557,0.11583470356478429
magnitude-block16x16-50,magnitude,block16,0.5000015370575063,33803.19741803803,down_proj,1,csr_rowmajor,5,0.5000016979705122,0.3446526825428009,0.11807692105164601
magnitude-block16x16-50,magnitude,block16,0.5000015370575063,33803.19741803803,down_proj,1,dense,5,0.5000016979705122,0.04071146249771118,1.0
magnitude-block16x16-50,magnitude,block16,0.5000015370575063,33803.19741803803,down_proj,8,csr,5,0.5000016979705122,0.31750090420246124,0.41270964213068706
magnitude-block16x16-50,magnitude,block16,0.5000015370575063,33803.19741803803,down_proj,8,csr_random,5,0.5000016979705122,0.32581761479377747,0.40157441625894225
magnitude-block16x16-50,magnitude,block16,0.5000015370575063,33803.19741803803,down_proj,8,csr_rowmajor,5,0.5000016979705122,0.24227462708950043,0.54110733436171
magnitude-block16x16-50,magnitude,block16,0.5000015370575063,33803.19741803803,down_proj,8,dense,5,0.5000016979705122,0.131138414144516,1.0
magnitude-block16x16-50,magnitude,block16,0.5000015370575063,33803.19741803803,down_proj,32,csr,5,0.5000016979705122,0.8102897554636002,0.2950061618736382
magnitude-block16x16-50,magnitude,block16,0.5000015370575063,33803.19741803803,down_proj,32,csr_random,5,0.5000016979705122,0.8179470896720886,0.2922406996064162
magnitude-block16x16-50,magnitude,block16,0.5000015370575063,33803.19741803803,down_proj,32,csr_rowmajor,5,0.5000016979705122,0.46610571444034576,0.5128545916108292
magnitude-block16x16-50,magnitude,block16,0.5000015370575063,33803.19741803803,down_proj,32,dense,5,0.5000016979705122,0.23903287947177887,1.0
magnitude-block16x16-50,magnitude,block16,0.5000015370575063,33803.19741803803,down_proj,128,csr,5,0.5000016979705122,4.449477046728134,0.1366519874606927
magnitude-block16x16-50,magnitude,block16,0.5000015370575063,33803.19741803803,down_proj,128,csr_random,5,0.5000016979705122,4.9322716891765594,0.12225057495242243
magnitude-block16x16-50,magnitude,block16,0.5000015370575063,33803.19741803803,down_proj,128,csr_rowmajor,5,0.5000016979705122,3.3909235149621964,0.17900071622385688
magnitude-block16x16-50,magnitude,block16,0.5000015370575063,33803.19741803803,down_proj,128,dense,5,0.5000016979705122,0.601557269692421,1.0
magnitude-block16x16-50,magnitude,block16,0.5000015370575063,33803.19741803803,down_proj,512,csr,5,0.5000016979705122,18.270111456513405,0.14996950467306236
magnitude-block16x16-50,magnitude,block16,0.5000015370575063,33803.19741803803,down_proj,512,csr_random,5,0.5000016979705122,19.070114195346832,0.14368899886338918
magnitude-block16x16-50,magnitude,block16,0.5000015370575063,33803.19741803803,down_proj,512,csr_rowmajor,5,0.5000016979705122,13.954633101820946,0.19643467476916104
magnitude-block16x16-50,magnitude,block16,0.5000015370575063,33803.19741803803,down_proj,512,dense,5,0.5000016979705122,2.7398616075515747,1.0
magnitude-block16x16-50,magnitude,block16,0.5000015370575063,33803.19741803803,gate_proj,1,csr,5,0.5000013767328477,0.3127235919237137,0.11833333783657826
magnitude-block16x16-50,magnitude,block16,0.5000015370575063,33803.19741803803,gate_proj,1,csr_random,5,0.5000013767328477,0.31594038009643555,0.11712075264973686
magnitude-block16x16-50,magnitude,block16,0.5000015370575063,33803.19741803803,gate_proj,1,csr_rowmajor,5,0.5000013767328477,0.3100171685218811,0.11936616363761246
magnitude-block16x16-50,magnitude,block16,0.5000015370575063,33803.19741803803,gate_proj,1,dense,5,0.5000013767328477,0.03700330853462219,1.0
magnitude-block16x16-50,magnitude,block16,0.5000015370575063,33803.19741803803,gate_proj,8,csr,5,0.5000013767328477,0.2533178776502609,0.336083260666712
magnitude-block16x16-50,magnitude,block16,0.5000015370575063,33803.19741803803,gate_proj,8,csr_random,5,0.5000013767328477,0.2555675804615021,0.33328803487493325
magnitude-block16x16-50,magnitude,block16,0.5000015370575063,33803.19741803803,gate_proj,8,csr_rowmajor,5,0.5000013767328477,0.23351609706878662,0.364742902299296
magnitude-block16x16-50,magnitude,block16,0.5000015370575063,33803.19741803803,gate_proj,8,dense,5,0.5000013767328477,0.08517317473888397,1.0
magnitude-block16x16-50,magnitude,block16,0.5000015370575063,33803.19741803803,gate_proj,32,csr,5,0.5000013767328477,0.49353092908859253,0.47164744077185794
magnitude-block16x16-50,magnitude,block16,0.5000015370575063,33803.19741803803,gate_proj,32,csr_random,5,0.5000013767328477,0.4974581301212311,0.46677809614263277
magnitude-block16x16-50,magnitude,block16,0.5000015370575063,33803.19741803803,gate_proj,32,csr_rowmajor,5,0.5000013767328477,0.4424765706062317,0.5247769210023744
magnitude-block16x16-50,magnitude,block16,0.5000015370575063,33803.19741803803,gate_proj,32,dense,5,0.5000013767328477,0.2321988344192505,1.0
magnitude-block16x16-50,magnitude,block16,0.5000015370575063,33803.19741803803,gate_proj,128,csr,5,0.5000013767328477,1.6862455755472183,0.44451109382143406
magnitude-block16x16-50,magnitude,block16,0.5000015370575063,33803.19741803803,gate_proj,128,csr_random,5,0.5000013767328477,1.6821365803480148,0.44557803075964214
magnitude-block16x16-50,magnitude,block16,0.5000015370575063,33803.19741803803,gate_proj,128,csr_rowmajor,5,0.5000013767328477,1.5467192977666855,0.4844718946254762
magnitude-block16x16-50,magnitude,block16,0.5000015370575063,33803.19741803803,gate_proj,128,dense,5,0.5000013767328477,0.748884305357933,1.0
magnitude-block16x16-50,magnitude,block16,0.5000015370575063,33803.19741803803,gate_proj,512,csr,5,0.5000013767328477,9.282427281141281,0.24478476161565127
magnitude-block16x16-50,magnitude,block16,0.5000015370575063,33803.19741803803,gate_proj,512,csr_random,5,0.5000013767328477,9.375615045428276,0.24534514102104296
magnitude-block16x16-50,magnitude,block16,0.5000015370575063,33803.19741803803,gate_proj,512,csr_rowmajor,5,0.5000013767328477,8.416019007563591,0.26963455271464765
magnitude-block16x16-50,magnitude,block16,0.5000015370575063,33803.19741803803,gate_proj,512,dense,5,0.5000013767328477,2.223624289035797,1.0
magnitude-block16x16-50,magnitude,block16,0.5000015370575063,33803.19741803803,k_proj,1,csr,5,0.5000017438616071,0.03071315586566925,0.2319137224725649
magnitude-block16x16-50,magnitude,block16,0.5000015370575063,33803.19741803803,k_proj,1,csr_random,5,0.5000017438616071,0.030225515365600586,0.23566643261946496
magnitude-block16x16-50,magnitude,block16,0.5000015370575063,33803.19741803803,k_proj,1,csr_rowmajor,5,0.5000017438616071,0.02878531813621521,0.24744466008067872
magnitude-block16x16-50,magnitude,block16,0.5000015370575063,33803.19741803803,k_proj,1,dense,5,0.5000017438616071,0.007121264934539795,1.0
magnitude-block16x16-50,magnitude,block16,0.5000015370575063,33803.19741803803,k_proj,8,csr,5,0.5000017438616071,0.04486739635467529,0.2619814687644941
magnitude-block16x16-50,magnitude,block16,0.5000015370575063,33803.19741803803,k_proj,8,csr_random,5,0.5000017438616071,0.04469975829124451,0.2629101292489628
magnitude-block16x16-50,magnitude,block16,0.5000015370575063,33803.19741803803,k_proj,8,csr_rowmajor,5,0.5000017438616071,0.026200339198112488,0.44858977489546276
magnitude-block16x16-50,magnitude,block16,0.5000015370575063,33803.19741803803,k_proj,8,dense,5,0.5000017438616071,0.011749565601348877,1.0
magnitude-block16x16-50,magnitude,block16,0.5000015370575063,33803.19741803803,k_proj,32,csr,5,0.5000017438616071,0.07381178438663483,0.22012637035547328
magnitude-block16x16-50,magnitude,block16,0.5000015370575063,33803.19741803803,k_proj,32,csr_random,5,0.5000017438616071,0.07318072021007538,0.2220671803221675
magnitude-block16x16-50,magnitude,block16,0.5000015370575063,33803.19741803803,k_proj,32,csr_rowmajor,5,0.5000017438616071,0.03145337104797363,0.5164292826541325
magnitude-block16x16-50,magnitude,block16,0.5000015370575063,33803.19741803803,k_proj,32,dense,5,0.5000017438616071,0.016235560178756714,1.0
magnitude-block16x16-50,magnitude,block16,0.5000015370575063,33803.19741803803,k_proj,128,csr,5,0.5000017438616071,0.23578405380249023,0.13657858140212448
magnitude-block16x16-50,magnitude,block16,0.5000015370575063,33803.19741803803,k_proj,128,csr_random,5,0.5000017438616071,0.23267976939678192,0.1383356224571298
magnitude-block16x16-50,magnitude,block16,0.5000015370575063,33803.19741803803,k_proj,128,csr_rowmajor,5,0.5000017438616071,0.07148832082748413,0.4516666696634972
magnitude-block16x16-50,magnitude,block16,0.5000015370575063,33803.19741803803,k_proj,128,dense,5,0.5000017438616071,0.032185763120651245,1.0
magnitude-block16x16-50,magnitude,block16,0.5000015370575063,33803.19741803803,k_proj,512,csr,5,0.5000017438616071,1.0065466165542603,0.0790616101676681
magnitude-block16x16-50,magnitude,block16,0.5000015370575063,33803.19741803803,k_proj,512,csr_random,5,0.5000017438616071,0.9713228791952133,0.08189845851531502
magnitude-block16x16-50,magnitude,block16,0.5000015370575063,33803.19741803803,k_proj,512,csr_rowmajor,5,0.5000017438616071,0.34312158823013306,0.23315504967183745
magnitude-block16x16-50,magnitude,block16,0.5000015370575063,33803.19741803803,k_proj,512,dense,5,0.5000017438616071,0.07954314351081848,1.0
magnitude-block16x16-50,magnitude,block16,0.5000015370575063,33803.19741803803,o_proj,1,csr,5,0.500000996492347,0.06526000797748566,0.17702622228390144
magnitude-block16x16-50,magnitude,block16,0.5000015370575063,33803.19741803803,o_proj,1,csr_random,5,0.500000996492347,0.06508566439151764,0.1774804483650014
magnitude-block16x16-50,magnitude,block16,0.5000015370575063,33803.19741803803,o_proj,1,csr_rowmajor,5,0.500000996492347,0.06308406591415405,0.1831288810202035
magnitude-block16x16-50,magnitude,block16,0.5000015370575063,33803.19741803803,o_proj,1,dense,5,0.500000996492347,0.011551380157470703,1.0
magnitude-block16x16-50,magnitude,block16,0.5000015370575063,33803.19741803803,o_proj,8,csr,5,0.500000996492347,0.06421655416488647,0.5186013727742372
magnitude-block16x16-50,magnitude,block16,0.5000015370575063,33803.19741803803,o_proj,8,csr_random,5,0.500000996492347,0.06516501307487488,0.5110563496483516
magnitude-block16x16-50,magnitude,block16,0.5000015370575063,33803.19741803803,o_proj,8,csr_rowmajor,5,0.500000996492347,0.04509352147579193,0.738532264694988
magnitude-block16x16-50,magnitude,block16,0.5000015370575063,33803.19741803803,o_proj,8,dense,5,0.500000996492347,0.033301860094070435,1.0
magnitude-block16x16-50,magnitude,block16,0.5000015370575063,33803.19741803803,o_proj,32,csr,5,0.500000996492347,0.1324377954006195,0.3962007999674852
magnitude-block16x16-50,magnitude,block16,0.5000015370575063,33803.19741803803,o_proj,32,csr_random,5,0.500000996492347,0.13663507997989655,0.3840044038400774
magnitude-block16x16-50,magnitude,block16,0.5000015370575063,33803.19741803803,o_proj,32,csr_rowmajor,5,0.500000996492347,0.09102076292037964,0.5765749725595691
magnitude-block16x16-50,magnitude,block16,0.5000015370575063,33803.19741803803,o_proj,32,dense,5,0.500000996492347,0.05246475338935852,1.0
magnitude-block16x16-50,magnitude,block16,0.5000015370575063,33803.19741803803,o_proj,128,csr,5,0.500000996492347,0.43895430862903595,0.2934889733298482
magnitude-block16x16-50,magnitude,block16,0.5000015370575063,33803.19741803803,o_proj,128,csr_random,5,0.500000996492347,0.45576952397823334,0.28269373908969747
magnitude-block16x16-50,magnitude,block16,0.5000015370575063,33803.19741803803,o_proj,128,csr_rowmajor,5,0.500000996492347,0.28106682002544403,0.4584075657887213
magnitude-block16x16-50,magnitude,block16,0.5000015370575063,33803.19741803803,o_proj,128,dense,5,0.500000996492347,0.12879818677902222,1.0
magnitude-block16x16-50,magnitude,block16,0.5000015370575063,33803.19741803803,o_proj,512,csr,5,0.500000996492347,1.8836669623851776,0.23733066599177643
magnitude-block16x16-50,magnitude,block16,0.5000015370575063,33803.19741803803,o_proj,512,csr_random,5,0.500000996492347,2.0504090934991837,0.21712788197451385
magnitude-block16x16-50,magnitude,block16,0.5000015370575063,33803.19741803803,o_proj,512,csr_rowmajor,5,0.500000996492347,1.4438722282648087,0.3134739401386478
magnitude-block16x16-50,magnitude,block16,0.5000015370575063,33803.19741803803,o_proj,512,dense,5,0.500000996492347,0.4421968013048172,1.0
magnitude-block16x16-50,magnitude,block16,0.5000015370575063,33803.19741803803,q_proj,1,csr,5,0.5000014947385204,0.0652942806482315,0.17724823721757244
magnitude-block16x16-50,magnitude,block16,0.5000015370575063,33803.19741803803,q_proj,1,csr_random,5,0.5000014947385204,0.06463080644607544,0.17908457912722187
magnitude-block16x16-50,magnitude,block16,0.5000015370575063,33803.19741803803,q_proj,1,csr_rowmajor,5,0.5000014947385204,0.0634409487247467,0.18242626971037157
magnitude-block16x16-50,magnitude,block16,0.5000015370575063,33803.19741803803,q_proj,1,dense,5,0.5000014947385204,0.011572986841201782,1.0
magnitude-block16x16-50,magnitude,block16,0.5000015370575063,33803.19741803803,q_proj,8,csr,5,0.5000014947385204,0.06463080644607544,0.5144443504472608
magnitude-block16x16-50,magnitude,block16,0.5000015370575063,33803.19741803803,q_proj,8,csr_random,5,0.5000014947385204,0.06492659449577332,0.5121211715061006
magnitude-block16x16-50,magnitude,block16,0.5000015370575063,33803.19741803803,q_proj,8,csr_rowmajor,5,0.5000014947385204,0.04585534334182739,0.7251390362408701
magnitude-block16x16-50,magnitude,block16,0.5000015370575063,33803.19741803803,q_proj,8,dense,5,0.5000014947385204,0.03324821591377258,1.0
magnitude-block16x16-50,magnitude,block16,0.5000015370575063,33803.19741803803,q_proj,32,csr,5,0.5000014947385204,0.1352071762084961,0.3877451356022198
magnitude-block16x16-50,magnitude,block16,0.5000015370575063,33803.19741803803,q_proj,32,csr_random,5,0.5000014947385204,0.13543888926506042,0.3870889038904093
magnitude-block16x16-50,magnitude,block16,0.5000015370575063,33803.19741803803,q_proj,32,csr_rowmajor,5,0.5000014947385204,0.09196773171424866,0.5700462288014804
magnitude-block16x16-50,magnitude,block16,0.5000015370575063,33803.19741803803,q_proj,32,dense,5,0.5000014947385204,0.05242377519607544,1.0
magnitude-block16x16-50,magnitude,block16,0.5000015370575063,33803.19741803803,q_proj,128,csr,5,0.5000014947385204,0.4751015454530716,0.27380183039523104
magnitude-block16x16-50,magnitude,block16,0.5000015370575063,33803.19741803803,q_proj,128,csr_random,5,0.5000014947385204,0.45845434069633484,0.28096322836178433
magnitude-block16x16-50,magnitude,block16,0.5000015370575063,33803.19741803803,q_proj,128,csr_rowmajor,5,0.5000014947385204,0.2853311598300934,0.4515401375535717
magnitude-block16x16-50,magnitude,block16,0.5000015370575063,33803.19741803803,q_proj,128,dense,5,0.5000014947385204,0.12874864041805267,1.0
magnitude-block16x16-50,magnitude,block16,0.5000015370575063,33803.19741803803,q_proj,512,csr,5,0.5000014947385204,2.4576563388109207,0.18019298099687073
magnitude-block16x16-50,magnitude,block16,0.5000015370575063,33803.19741803803,q_proj,512,csr_random,5,0.5000014947385204,2.019144222140312,0.21930644198674348
magnitude-block16x16-50,magnitude,block16,0.5000015370575063,33803.19741803803,q_proj,512,csr_rowmajor,5,0.5000014947385204,1.9570279866456985,0.22735671110679176
magnitude-block16x16-50,magnitude,block16,0.5000015370575063,33803.19741803803,q_proj,512,dense,5,0.5000014947385204,0.44218264520168304,1.0
magnitude-block16x16-50,magnitude,block16,0.5000015370575063,33803.19741803803,up_proj,1,csr,5,0.500001193168468,0.3148987889289856,0.11977932664373277
magnitude-block16x16-50,magnitude,block16,0.5000015370575063,33803.19741803803,up_proj,1,csr_random,5,0.500001193168468,0.31615495681762695,0.11932063586660725
magnitude-block16x16-50,magnitude,block16,0.5000015370575063,33803.19741803803,up_proj,1,csr_rowmajor,5,0.500001193168468,0.31232982873916626,0.12076355368642723
magnitude-block16x16-50,magnitude,block16,0.5000015370575063,33803.19741803803,up_proj,1,dense,5,0.500001193168468,0.03772825002670288,1.0
magnitude-block16x16-50,magnitude,block16,0.5000015370575063,33803.19741803803,up_proj,8,csr,5,0.500001193168468,0.25478191673755646,0.3492998292276986
magnitude-block16x16-50,magnitude,block16,0.5000015370575063,33803.19741803803,up_proj,8,csr_random,5,0.500001193168468,0.2572588622570038,0.3460644362934354
magnitude-block16x16-50,magnitude,block16,0.5000015370575063,33803.19741803803,up_proj,8,csr_rowmajor,5,0.500001193168468,0.23467391729354858,0.37925068937961226
magnitude-block16x16-50,magnitude,block16,0.5000015370575063,33803.19741803803,up_proj,8,dense,5,0.500001193168468,0.0892437994480133,1.0
magnitude-block16x16-50,magnitude,block16,0.5000015370575063,33803.19741803803,up_proj,32,csr,5,0.500001193168468,0.4802357405424118,0.4840853460496543
magnitude-block16x16-50,magnitude,block16,0.5000015370575063,33803.19741803803,up_proj,32,csr_random,5,0.500001193168468,0.49594081938266754,0.4687219437379066
magnitude-block16x16-50,magnitude,block16,0.5000015370575063,33803.19741803803,up_proj,32,csr_rowmajor,5,0.500001193168468,0.44014379382133484,0.5281509076640623
magnitude-block16x16-50,magnitude,block16,0.5000015370575063,33803.19741803803,up_proj,32,dense,5,0.500001193168468,0.2324562519788742,1.0
magnitude-block16x16-50,magnitude,block16,0.5000015370575063,33803.19741803803,up_proj,128,csr,5,0.500001193168468,1.697445660829544,0.44592647931589363
magnitude-block16x16-50,magnitude,block16,0.5000015370575063,33803.19741803803,up_proj,128,csr_random,5,0.500001193168468,1.6791705042123795,0.4509354861299864
magnitude-block16x16-50,magnitude,block16,0.5000015370575063,33803.19741803803,up_proj,128,csr_rowmajor,5,0.500001193168468,1.5430767089128494,0.49075440015948363
magnitude-block16x16-50,magnitude,block16,0.5000015370575063,33803.19741803803,up_proj,128,dense,5,0.500001193168468,0.7566612213850021,1.0
magnitude-block16x16-50,magnitude,block16,0.5000015370575063,33803.19741803803,up_proj,512,csr,5,0.500001193168468,7.620325684547424,0.29703597433781254
magnitude-block16x16-50,magnitude,block16,0.5000015370575063,33803.19741803803,up_proj,512,csr_random,5,0.500001193168468,8.291735127568245,0.27230535776981923
magnitude-block16x16-50,magnitude,block16,0.5000015370575063,33803.19741803803,up_proj,512,csr_rowmajor,5,0.500001193168468,8.38448740541935,0.2774093812667612
magnitude-block16x16-50,magnitude,block16,0.5000015370575063,33803.19741803803,up_proj,512,dense,5,0.500001193168468,2.2431686520576477,1.0
magnitude-block16x16-50,magnitude,block16,0.5000015370575063,33803.19741803803,v_proj,1,csr,5,0.5,0.0301361083984375,0.2377391013121026
magnitude-block16x16-50,magnitude,block16,0.5000015370575063,33803.19741803803,v_proj,1,csr_random,5,0.5,0.029831379652023315,0.24015666276615594
magnitude-block16x16-50,magnitude,block16,0.5000015370575063,33803.19741803803,v_proj,1,csr_rowmajor,5,0.5,0.028318166732788086,0.2530015609738308
magnitude-block16x16-50,magnitude,block16,0.5000015370575063,33803.19741803803,v_proj,1,dense,5,0.5,0.007164478302001953,1.0
magnitude-block16x16-50,magnitude,block16,0.5000015370575063,33803.19741803803,v_proj,8,csr,5,0.5,0.04519149661064148,0.2576841638712443
magnitude-block16x16-50,magnitude,block16,0.5000015370575063,33803.19741803803,v_proj,8,csr_random,5,0.5,0.04486367106437683,0.2595679639675155
magnitude-block16x16-50,magnitude,block16,0.5000015370575063,33803.19741803803,v_proj,8,csr_rowmajor,5,0.5,0.0260278582572937,0.44736816991716627
magnitude-block16x16-50,magnitude,block16,0.5000015370575063,33803.19741803803,v_proj,8,dense,5,0.5,0.011643767356872559,1.0
magnitude-block16x16-50,magnitude,block16,0.5000015370575063,33803.19741803803,v_proj,32,csr,5,0.5,0.07471442222595215,0.2172561881759629
magnitude-block16x16-50,magnitude,block16,0.5000015370575063,33803.19741803803,v_proj,32,csr_random,5,0.5,0.07365606725215912,0.22037225298924942
magnitude-block16x16-50,magnitude,block16,0.5000015370575063,33803.19741803803,v_proj,32,csr_rowmajor,5,0.5,0.030985474586486816,0.5235819180537528
magnitude-block16x16-50,magnitude,block16,0.5000015370575063,33803.19741803803,v_proj,32,dense,5,0.5,0.01622214913368225,1.0
magnitude-block16x16-50,magnitude,block16,0.5000015370575063,33803.19741803803,v_proj,128,csr,5,0.5,0.23018941283226013,0.1399865081427059
magnitude-block16x16-50,magnitude,block16,0.5000015370575063,33803.19741803803,v_proj,128,csr_random,5,0.5,0.23111626505851746,0.13931843255970597
magnitude-block16x16-50,magnitude,block16,0.5000015370575063,33803.19741803803,v_proj,128,csr_rowmajor,5,0.5,0.07112398743629456,0.4541941714253356
magnitude-block16x16-50,magnitude,block16,0.5000015370575063,33803.19741803803,v_proj,128,dense,5,0.5,0.03219246864318848,1.0
magnitude-block16x16-50,magnitude,block16,0.5000015370575063,33803.19741803803,v_proj,512,csr,5,0.5,0.987987220287323,0.08125366602470721
magnitude-block16x16-50,magnitude,block16,0.5000015370575063,33803.19741803803,v_proj,512,csr_random,5,0.5,0.9717270731925964,0.08251878793578206
magnitude-block16x16-50,magnitude,block16,0.5000015370575063,33803.19741803803,v_proj,512,csr_rowmajor,5,0.5,0.307319313287735,0.2658572749548186
magnitude-block16x16-50,magnitude,block16,0.5000015370575063,33803.19741803803,v_proj,512,dense,5,0.5,0.08018985390663147,1.0
magnitude-block16x16-70,magnitude,block16,0.6999321850228223,9657611.360023422,down_proj,1,csr,5,0.699954200687265,0.2061307430267334,0.19036109508396276
magnitude-block16x16-70,magnitude,block16,0.6999321850228223,9657611.360023422,down_proj,1,csr_random,5,0.699954200687265,0.20736344158649445,0.1891851712975398
magnitude-block16x16-70,magnitude,block16,0.6999321850228223,9657611.360023422,down_proj,1,csr_rowmajor,5,0.699954200687265,0.202883780002594,0.19341331473984688
magnitude-block16x16-70,magnitude,block16,0.6999321850228223,9657611.360023422,down_proj,1,dense,5,0.699954200687265,0.03921091556549072,1.0
magnitude-block16x16-70,magnitude,block16,0.6999321850228223,9657611.360023422,down_proj,8,csr,5,0.699954200687265,0.2017676830291748,0.661715997671421
magnitude-block16x16-70,magnitude,block16,0.6999321850228223,9657611.360023422,down_proj,8,csr_random,5,0.699954200687265,0.2063322812318802,0.6470794200894745
magnitude-block16x16-70,magnitude,block16,0.6999321850228223,9657611.360023422,down_proj,8,csr_rowmajor,5,0.699954200687265,0.12212507426738739,1.0971242028729191
magnitude-block16x16-70,magnitude,block16,0.6999321850228223,9657611.360023422,down_proj,8,dense,5,0.699954200687265,0.13374164700508118,1.0
magnitude-block16x16-70,magnitude,block16,0.6999321850228223,9657611.360023422,down_proj,32,csr,5,0.699954200687265,0.45323334634304047,1.010072809390881
magnitude-block16x16-70,magnitude,block16,0.6999321850228223,9657611.360023422,down_proj,32,csr_random,5,0.699954200687265,0.47758184373378754,0.9588098770374068
magnitude-block16x16-70,magnitude,block16,0.6999321850228223,9657611.360023422,down_proj,32,csr_rowmajor,5,0.699954200687265,0.27489252388477325,1.668317157648862
magnitude-block16x16-70,magnitude,block16,0.6999321850228223,9657611.360023422,down_proj,32,dense,5,0.699954200687265,0.45769214630126953,1.0
magnitude-block16x16-70,magnitude,block16,0.6999321850228223,9657611.360023422,down_proj,128,csr,5,0.699954200687265,2.5196366012096405,0.24220210704113215
magnitude-block16x16-70,magnitude,block16,0.6999321850228223,9657611.360023422,down_proj,128,csr_random,5,0.699954200687265,2.2902853786945343,0.26590597961640483
magnitude-block16x16-70,magnitude,block16,0.6999321850228223,9657611.360023422,down_proj,128,csr_rowmajor,5,0.699954200687265,1.5808675438165665,0.3883738838235184
magnitude-block16x16-70,magnitude,block16,0.6999321850228223,9657611.360023422,down_proj,128,dense,5,0.699954200687265,0.6060712039470673,1.0
magnitude-block16x16-70,magnitude,block16,0.6999321850228223,9657611.360023422,down_proj,512,csr,5,0.699954200687265,11.464855819940567,0.23954323310998532
magnitude-block16x16-70,magnitude,block16,0.6999321850228223,9657611.360023422,down_proj,512,csr_random,5,0.699954200687265,11.82815097272396,0.23221119147205
magnitude-block16x16-70,magnitude,block16,0.6999321850228223,9657611.360023422,down_proj,512,csr_rowmajor,5,0.699954200687265,7.3020294308662415,0.3761121752490849
magnitude-block16x16-70,magnitude,block16,0.6999321850228223,9657611.360023422,down_proj,512,dense,5,0.699954200687265,2.745823934674263,1.0
magnitude-block16x16-70,magnitude,block16,0.6999321850228223,9657611.360023422,gate_proj,1,csr,5,0.6999538335585056,0.17253756523132324,0.22175822966343875
magnitude-block16x16-70,magnitude,block16,0.6999321850228223,9657611.360023422,gate_proj,1,csr_random,5,0.6999538335585056,0.171540305018425,0.22300418475704195
magnitude-block16x16-70,magnitude,block16,0.6999321850228223,9657611.360023422,gate_proj,1,csr_rowmajor,5,0.6999538335585056,0.170048326253891,0.22501721232939118
magnitude-block16x16-70,magnitude,block16,0.6999321850228223,9657611.360023422,gate_proj,1,dense,5,0.6999538335585056,0.0382542610168457,1.0
magnitude-block16x16-70,magnitude,block16,0.6999321850228223,9657611.360023422,gate_proj,8,csr,5,0.6999538335585056,0.14547891914844513,0.5951243413231365
magnitude-block16x16-70,magnitude,block16,0.6999321850228223,9657611.360023422,gate_proj,8,csr_random,5,0.6999538335585056,0.1456689089536667,0.5949345259412913
magnitude-block16x16-70,magnitude,block16,0.6999321850228223,9657611.360023422,gate_proj,8,csr_rowmajor,5,0.6999538335585056,0.12543052434921265,0.6905143859927456
magnitude-block16x16-70,magnitude,block16,0.6999321850228223,9657611.360023422,gate_proj,8,dense,5,0.6999538335585056,0.08662156760692596,1.0
magnitude-block16x16-70,magnitude,block16,0.6999321850228223,9657611.360023422,gate_proj,32,csr,5,0.6999538335585056,0.2937018871307373,1.5463257606692877
magnitude-block16x16-70,magnitude,block16,0.6999321850228223,9657611.360023422,gate_proj,32,csr_random,5,0.6999538335585056,0.29587335884571075,1.5345508145447226
magnitude-block16x16-70,magnitude,block16,0.6999321850228223,9657611.360023422,gate_proj,32,csr_rowmajor,5,0.6999538335585056,0.25104060769081116,1.8092379650527723
magnitude-block16x16-70,magnitude,block16,0.6999321850228223,9657611.360023422,gate_proj,32,dense,5,0.6999538335585056,0.454016774892807,1.0
magnitude-block16x16-70,magnitude,block16,0.6999321850228223,9657611.360023422,gate_proj,128,csr,5,0.6999538335585056,1.0653790086507797,0.7129135929845102
magnitude-block16x16-70,magnitude,block16,0.6999321850228223,9657611.360023422,gate_proj,128,csr_random,5,0.6999538335585056,1.054583489894867,0.7201448234141553
magnitude-block16x16-70,magnitude,block16,0.6999321850228223,9657611.360023422,gate_proj,128,csr_rowmajor,5,0.6999538335585056,0.9835109114646912,0.769949391906639
magnitude-block16x16-70,magnitude,block16,0.6999321850228223,9657611.360023422,gate_proj,128,dense,5,0.6999538335585056,0.7569417357444763,1.0
magnitude-block16x16-70,magnitude,block16,0.6999321850228223,9657611.360023422,gate_proj,512,csr,5,0.6999538335585056,5.056196823716164,0.44404919180601904
magnitude-block16x16-70,magnitude,block16,0.6999321850228223,9657611.360023422,gate_proj,512,csr_random,5,0.6999538335585056,4.969289153814316,0.450897924942206
magnitude-block16x16-70,magnitude,block16,0.6999321850228223,9657611.360023422,gate_proj,512,csr_rowmajor,5,0.6999538335585056,4.466968402266502,0.5014127448053252
magnitude-block16x16-70,magnitude,block16,0.6999321850228223,9657611.360023422,gate_proj,512,dense,5,0.6999538335585056,2.2369999438524246,1.0
magnitude-block16x16-70,magnitude,block16,0.6999321850228223,9657611.360023422,k_proj,1,csr,5,0.6986624581473214,0.025469064712524414,0.27532964067575405
magnitude-block16x16-70,magnitude,block16,0.6999321850228223,9657611.360023422,k_proj,1,csr_random,5,0.6986624581473214,0.025394558906555176,0.27612545209210165
magnitude-block16x16-70,magnitude,block16,0.6999321850228223,9657611.360023422,k_proj,1,csr_rowmajor,5,0.6986624581473214,0.02362877130508423,0.2967704064762208
magnitude-block16x16-70,magnitude,block16,0.6999321850228223,9657611.360023422,k_proj,1,dense,5,0.6986624581473214,0.007011741399765015,1.0
magnitude-block16x16-70,magnitude,block16,0.6999321850228223,9657611.360023422,k_proj,8,csr,5,0.6986624581473214,0.03994479775428772,0.43673779531677714
magnitude-block16x16-70,magnitude,block16,0.6999321850228223,9657611.360023422,k_proj,8,csr_random,5,0.6986624581473214,0.040038302540779114,0.4357156853808072
magnitude-block16x16-70,magnitude,block16,0.6999321850228223,9657611.360023422,k_proj,8,csr_rowmajor,5,0.6986624581473214,0.02167448401451111,0.8048785089700953
magnitude-block16x16-70,magnitude,block16,0.6999321850228223,9657611.360023422,k_proj,8,dense,5,0.6986624581473214,0.017443299293518066,1.0
magnitude-block16x16-70,magnitude,block16,0.6999321850228223,9657611.360023422,k_proj,32,csr,5,0.6986624581473214,0.06492957472801208,0.33772886633795196
magnitude-block16x16-70,magnitude,block16,0.6999321850228223,9657611.360023422,k_proj,32,csr_random,5,0.6986624581473214,0.06668008863925934,0.32868886069671227
magnitude-block16x16-70,magnitude,block16,0.6999321850228223,9657611.360023422,k_proj,32,csr_rowmajor,5,0.6986624581473214,0.024905800819396973,0.8802047263988535
magnitude-block16x16-70,magnitude,block16,0.6999321850228223,9657611.360023422,k_proj,32,dense,5,0.6986624581473214,0.021914392709732056,1.0
magnitude-block16x16-70,magnitude,block16,0.6999321850228223,9657611.360023422,k_proj,128,csr,5,0.6986624581473214,0.20258799195289612,0.2182406810332087
magnitude-block16x16-70,magnitude,block16,0.6999321850228223,9657611.360023422,k_proj,128,csr_random,5,0.6986624581473214,0.21152235567569733,0.2089313120993953
magnitude-block16x16-70,magnitude,block16,0.6999321850228223,9657611.360023422,k_proj,128,csr_rowmajor,5,0.6986624581473214,0.04760622978210449,0.9298403123973722
magnitude-block16x16-70,magnitude,block16,0.6999321850228223,9657611.360023422,k_proj,128,dense,5,0.6986624581473214,0.04417896270751953,1.0
magnitude-block16x16-70,magnitude,block16,0.6999321850228223,9657611.360023422,k_proj,512,csr,5,0.6986624581473214,0.876738503575325,0.11576771239257941
magnitude-block16x16-70,magnitude,block16,0.6999321850228223,9657611.360023422,k_proj,512,csr_random,5,0.6986624581473214,0.8814290165901184,0.11502239698797091
magnitude-block16x16-70,magnitude,block16,0.6999321850228223,9657611.360023422,k_proj,512,csr_rowmajor,5,0.6986624581473214,0.20020604133605957,0.5110568088706514
magnitude-block16x16-70,magnitude,block16,0.6999321850228223,9657611.360023422,k_proj,512,dense,5,0.6986624581473214,0.10135620832443237,1.0
magnitude-block16x16-70,magnitude,block16,0.6999321850228223,9657611.360023422,o_proj,1,csr,5,0.6999369718590561,0.047941505908966064,0.24084595745848458
magnitude-block16x16-70,magnitude,block16,0.6999321850228223,9657611.360023422,o_proj,1,csr_random,5,0.6999369718590561,0.04878714680671692,0.23667076834238648
magnitude-block16x16-70,magnitude,block16,0.6999321850228223,9657611.360023422,o_proj,1,csr_rowmajor,5,0.6999369718590561,0.045657530426979065,0.25285290983756614
magnitude-block16x16-70,magnitude,block16,0.6999321850228223,9657611.360023422,o_proj,1,dense,5,0.6999369718590561,0.01154392957687378,1.0
magnitude-block16x16-70,magnitude,block16,0.6999321850228223,9657611.360023422,o_proj,8,csr,5,0.6999369718590561,0.05374699831008911,1.3728061421689859
magnitude-block16x16-70,magnitude,block16,0.6999321850228223,9657611.360023422,o_proj,8,csr_random,5,0.6999369718590561,0.05500316619873047,1.3415308037199536
magnitude-block16x16-70,magnitude,block16,0.6999321850228223,9657611.360023422,o_proj,8,csr_rowmajor,5,0.6999369718590561,0.03582090139389038,2.059845600676103
magnitude-block16x16-70,magnitude,block16,0.6999321850228223,9657611.360023422,o_proj,8,dense,5,0.6999369718590561,0.07377192378044128,1.0
magnitude-block16x16-70,magnitude,block16,0.6999321850228223,9657611.360023422,o_proj,32,csr,5,0.6999369718590561,0.10299086570739746,0.9037751907740701
magnitude-block16x16-70,magnitude,block16,0.6999321850228223,9657611.360023422,o_proj,32,csr_random,5,0.6999369718590561,0.10910928249359131,0.8527060253491713
magnitude-block16x16-70,magnitude,block16,0.6999321850228223,9657611.360023422,o_proj,32,csr_rowmajor,5,0.6999369718590561,0.06270334124565125,1.485023965808424
magnitude-block16x16-70,magnitude,block16,0.6999321850228223,9657611.360023422,o_proj,32,dense,5,0.6999369718590561,0.0930294394493103,1.0
magnitude-block16x16-70,magnitude,block16,0.6999321850228223,9657611.360023422,o_proj,128,csr,5,0.6999369718590561,0.33278875052928925,0.5124149797246172
magnitude-block16x16-70,magnitude,block16,0.6999321850228223,9657611.360023422,o_proj,128,csr_random,5,0.6999369718590561,0.36380402743816376,0.46877432085494636
magnitude-block16x16-70,magnitude,block16,0.6999321850228223,9657611.360023422,o_proj,128,csr_rowmajor,5,0.6999369718590561,0.18354840576648712,0.928961442978873
magnitude-block16x16-70,magnitude,block16,0.6999321850228223,9657611.360023422,o_proj,128,dense,5,0.6999369718590561,0.17050020396709442,1.0
magnitude-block16x16-70,magnitude,block16,0.6999321850228223,9657611.360023422,o_proj,512,csr,5,0.6999369718590561,1.4756496995687485,0.29802666850172976
magnitude-block16x16-70,magnitude,block16,0.6999321850228223,9657611.360023422,o_proj,512,csr_random,5,0.6999369718590561,1.4761969447135925,0.29933296103864687
magnitude-block16x16-70,magnitude,block16,0.6999321850228223,9657611.360023422,o_proj,512,csr_rowmajor,5,0.6999369718590561,0.8311193436384201,0.5293246876288598
magnitude-block16x16-70,magnitude,block16,0.6999321850228223,9657611.360023422,o_proj,512,dense,5,0.6999369718590561,0.4395265132188797,1.0
magnitude-block16x16-70,magnitude,block16,0.6999321850228223,9657611.360023422,q_proj,1,csr,5,0.6999369718590562,0.04837065935134888,0.23836849087403383
magnitude-block16x16-70,magnitude,block16,0.6999321850228223,9657611.360023422,q_proj,1,csr_random,5,0.6999369718590562,0.048141926527023315,0.23952683951259895
magnitude-block16x16-70,magnitude,block16,0.6999321850228223,9657611.360023422,q_proj,1,csr_rowmajor,5,0.6999369718590562,0.04651844501495361,0.24787354421375665
magnitude-block16x16-70,magnitude,block16,0.6999321850228223,9657611.360023422,q_proj,1,dense,5,0.6999369718590562,0.011527538299560547,1.0
magnitude-block16x16-70,magnitude,block16,0.6999321850228223,9657611.360023422,q_proj,8,csr,5,0.6999369718590562,0.05483664572238922,1.346163051190247
magnitude-block16x16-70,magnitude,block16,0.6999321850228223,9657611.360023422,q_proj,8,csr_random,5,0.6999369718590562,0.054311007261276245,1.3591654594710814
magnitude-block16x16-70,magnitude,block16,0.6999321850228223,9657611.360023422,q_proj,8,csr_rowmajor,5,0.6999369718590562,0.036485493183135986,2.023113643311133
magnitude-block16x16-70,magnitude,block16,0.6999321850228223,9657611.360023422,q_proj,8,dense,5,0.6999369718590562,0.07381066679954529,1.0
magnitude-block16x16-70,magnitude,block16,0.6999321850228223,9657611.360023422,q_proj,32,csr,5,0.6999369718590562,0.1122504472732544,0.8294168252830432
magnitude-block16x16-70,magnitude,block16,0.6999321850228223,9657611.360023422,q_proj,32,csr_random,5,0.6999369718590562,0.10853633284568787,0.8580528519535047
magnitude-block16x16-70,magnitude,block16,0.6999321850228223,9657611.360023422,q_proj,32,csr_rowmajor,5,0.6999369718590562,0.06770193576812744,1.375322297519425
magnitude-block16x16-70,magnitude,block16,0.6999321850228223,9657611.360023422,q_proj,32,dense,5,0.6999369718590562,0.09308680891990662,1.0
magnitude-block16x16-70,magnitude,block16,0.6999321850228223,9657611.360023422,q_proj,128,csr,5,0.6999369718590562,0.3590095788240433,0.4750727703121725
magnitude-block16x16-70,magnitude,block16,0.6999321850228223,9657611.360023422,q_proj,128,csr_random,5,0.6999369718590562,0.3607083112001419,0.4728975035322255
magnitude-block16x16-70,magnitude,block16,0.6999321850228223,9657611.360023422,q_proj,128,csr_rowmajor,5,0.6999369718590562,0.1919485628604889,0.8892108537959638
magnitude-block16x16-70,magnitude,block16,0.6999321850228223,9657611.360023422,q_proj,128,dense,5,0.6999369718590562,0.17053596675395966,1.0
magnitude-block16x16-70,magnitude,block16,0.6999321850228223,9657611.360023422,q_proj,512,csr,5,0.6999369718590562,1.755521073937416,0.2508100020281069
magnitude-block16x16-70,magnitude,block16,0.6999321850228223,9657611.360023422,q_proj,512,csr_random,5,0.6999369718590562,1.4969591051340103,0.2945704717306391
magnitude-block16x16-70,magnitude,block16,0.6999321850228223,9657611.360023422,q_proj,512,csr_rowmajor,5,0.6999369718590562,1.0798193514347076,0.4076253897636503
magnitude-block16x16-70,magnitude,block16,0.6999321850228223,9657611.360023422,q_proj,512,dense,5,0.6999369718590562,0.4396539181470871,1.0
magnitude-block16x16-70,magnitude,block16,0.6999321850228223,9657611.360023422,up_proj,1,csr,5,0.6999538794496005,0.16791149973869324,0.22079255467395728
magnitude-block16x16-70,magnitude,block16,0.6999321850228223,9657611.360023422,up_proj,1,csr_random,5,0.6999538794496005,0.1678556203842163,0.2208323292877275
magnitude-block16x16-70,magnitude,block16,0.6999321850228223,9657611.360023422,up_proj,1,csr_rowmajor,5,0.6999538794496005,0.16532167792320251,0.2242742512063336
magnitude-block16x16-70,magnitude,block16,0.6999321850228223,9657611.360023422,up_proj,1,dense,5,0.6999538794496005,0.03706291317939758,1.0
magnitude-block16x16-70,magnitude,block16,0.6999321850228223,9657611.360023422,up_proj,8,csr,5,0.6999538794496005,0.14164522290229797,0.5948712612678263
magnitude-block16x16-70,magnitude,block16,0.6999321850228223,9657611.360023422,up_proj,8,csr_random,5,0.6999538794496005,0.14389604330062866,0.5857718623518435
magnitude-block16x16-70,magnitude,block16,0.6999321850228223,9657611.360023422,up_proj,8,csr_rowmajor,5,0.6999538794496005,0.12183338403701782,0.6919177085667535
magnitude-block16x16-70,magnitude,block16,0.6999321850228223,9657611.360023422,up_proj,8,dense,5,0.6999538794496005,0.08428618311882019,1.0
magnitude-block16x16-70,magnitude,block16,0.6999321850228223,9657611.360023422,up_proj,32,csr,5,0.6999538794496005,0.2801738679409027,1.6197404637902717
magnitude-block16x16-70,magnitude,block16,0.6999321850228223,9657611.360023422,up_proj,32,csr_random,5,0.6999538794496005,0.2939131110906601,1.543920815360728
magnitude-block16x16-70,magnitude,block16,0.6999321850228223,9657611.360023422,up_proj,32,csr_rowmajor,5,0.6999538794496005,0.24020075798034668,1.8896304718975379
magnitude-block16x16-70,magnitude,block16,0.6999321850228223,9657611.360023422,up_proj,32,dense,5,0.6999538794496005,0.453769788146019,1.0
magnitude-block16x16-70,magnitude,block16,0.6999321850228223,9657611.360023422,up_proj,128,csr,5,0.6999538794496005,1.0545633733272552,0.7067509499708842
magnitude-block16x16-70,magnitude,block16,0.6999321850228223,9657611.360023422,up_proj,128,csr_random,5,0.6999538794496005,1.0567083954811096,0.705686220154504
magnitude-block16x16-70,magnitude,block16,0.6999321850228223,9657611.360023422,up_proj,128,csr_rowmajor,5,0.6999538794496005,0.9753551334142685,0.763139463231575
magnitude-block16x16-70,magnitude,block16,0.6999321850228223,9657611.360023422,up_proj,128,dense,5,0.6999538794496005,0.7442202419042587,1.0
magnitude-block16x16-70,magnitude,block16,0.6999321850228223,9657611.360023422,up_proj,512,csr,5,0.6999538794496005,4.911287501454353,0.45939904143469895
magnitude-block16x16-70,magnitude,block16,0.6999321850228223,9657611.360023422,up_proj,512,csr_random,5,0.6999538794496005,5.374575778841972,0.41933753207011165
magnitude-block16x16-70,magnitude,block16,0.6999321850228223,9657611.360023422,up_proj,512,csr_rowmajor,5,0.6999538794496005,4.181549698114395,0.5384820485362461
magnitude-block16x16-70,magnitude,block16,0.6999321850228223,9657611.360023422,up_proj,512,dense,5,0.6999538794496005,2.23531536757946,1.0
magnitude-block16x16-70,magnitude,block16,0.6999321850228223,9657611.360023422,v_proj,1,csr,5,0.6986607142857143,0.025308877229690552,0.2777604990845578
magnitude-block16x16-70,magnitude,block16,0.6999321850228223,9657611.360023422,v_proj,1,csr_random,5,0.6986607142857143,0.025379657745361328,0.27697860913573524
magnitude-block16x16-70,magnitude,block16,0.6999321850228223,9657611.360023422,v_proj,1,csr_rowmajor,5,0.6986607142857143,0.02343878149986267,0.29991982379700943
magnitude-block16x16-70,magnitude,block16,0.6999321850228223,9657611.360023422,v_proj,1,dense,5,0.6986607142857143,0.007029622793197632,1.0
magnitude-block16x16-70,magnitude,block16,0.6999321850228223,9657611.360023422,v_proj,8,csr,5,0.6986607142857143,0.039971619844436646,0.4345357087626624
magnitude-block16x16-70,magnitude,block16,0.6999321850228223,9657611.360023422,v_proj,8,csr_random,5,0.6986607142857143,0.04005804657936096,0.4336087631256762
magnitude-block16x16-70,magnitude,block16,0.6999321850228223,9657611.360023422,v_proj,8,csr_rowmajor,5,0.6986607142857143,0.02151504158973694,0.8073064868384485
magnitude-block16x16-70,magnitude,block16,0.6999321850228223,9657611.360023422,v_proj,8,dense,5,0.6986607142857143,0.017368793487548828,1.0
magnitude-block16x16-70,magnitude,block16,0.6999321850228223,9657611.360023422,v_proj,32,csr,5,0.6986607142857143,0.064115971326828,0.3429514316269858
magnitude-block16x16-70,magnitude,block16,0.6999321850228223,9657611.360023422,v_proj,32,csr_random,5,0.6986607142857143,0.06643980741500854,0.330934119648129
magnitude-block16x16-70,magnitude,block16,0.6999321850228223,9657611.360023422,v_proj,32,csr_rowmajor,5,0.6986607142857143,0.024588406085968018,0.8941382811473001
magnitude-block16x16-70,magnitude,block16,0.6999321850228223,9657611.360023422,v_proj,32,dense,5,0.6986607142857143,0.021985173225402832,1.0
magnitude-block16x16-70,magnitude,block16,0.6999321850228223,9657611.360023422,v_proj,128,csr,5,0.6986607142857143,0.19614025950431824,0.22549646454593333
magnitude-block16x16-70,magnitude,block16,0.6999321850228223,9657611.360023422,v_proj,128,csr_random,5,0.6986607142857143,0.20941458642482758,0.21116200327155404
magnitude-block16x16-70,magnitude,block16,0.6999321850228223,9657611.360023422,v_proj,128,csr_rowmajor,5,0.6986607142857143,0.04729703068733215,0.9350998319326872
magnitude-block16x16-70,magnitude,block16,0.6999321850228223,9657611.360023422,v_proj,128,dense,5,0.6986607142857143,0.04421547055244446,1.0
magnitude-block16x16-70,magnitude,block16,0.6999321850228223,9657611.360023422,v_proj,512,csr,5,0.6986607142857143,0.858122855424881,0.12165368151909162
magnitude-block16x16-70,magnitude,block16,0.6999321850228223,9657611.360023422,v_proj,512,csr_random,5,0.6986607142857143,0.9054593741893768,0.11523812718367199
magnitude-block16x16-70,magnitude,block16,0.6999321850228223,9657611.360023422,v_proj,512,csr_rowmajor,5,0.6986607142857143,0.19394680857658386,0.5446707825029283
magnitude-block16x16-70,magnitude,block16,0.6999321850228223,9657611.360023422,v_proj,512,dense,5,0.6986607142857143,0.10433420538902283,1.0
magnitude-block16x16-90,magnitude,block16,0.89994873494019,10438177.856859898,down_proj,1,csr,5,0.8999650309856673,0.1020241528749466,0.3712820745572115
magnitude-block16x16-90,magnitude,block16,0.89994873494019,10438177.856859898,down_proj,1,csr_random,5,0.8999650309856673,0.10262727737426758,0.36908701576166086
magnitude-block16x16-90,magnitude,block16,0.89994873494019,10438177.856859898,down_proj,1,csr_rowmajor,5,0.8999650309856673,0.10036192834377289,0.3775173431511738
magnitude-block16x16-90,magnitude,block16,0.89994873494019,10438177.856859898,down_proj,1,dense,5,0.8999650309856673,0.03786608576774597,1.0
magnitude-block16x16-90,magnitude,block16,0.89994873494019,10438177.856859898,down_proj,8,csr,5,0.8999650309856673,0.12908987700939178,1.0880789584833888
magnitude-block16x16-90,magnitude,block16,0.89994873494019,10438177.856859898,down_proj,8,csr_random,5,0.8999650309856673,0.1331765204668045,1.0546567184214322
magnitude-block16x16-90,magnitude,block16,0.89994873494019,10438177.856859898,down_proj,8,csr_rowmajor,5,0.8999650309856673,0.04985705018043518,2.8196410829939857
magnitude-block16x16-90,magnitude,block16,0.89994873494019,10438177.856859898,down_proj,8,dense,5,0.8999650309856673,0.14054067432880402,1.0
magnitude-block16x16-90,magnitude,block16,0.89994873494019,10438177.856859898,down_proj,32,csr,5,0.8999650309856673,0.29607154428958893,1.5417767668303104
magnitude-block16x16-90,magnitude,block16,0.89994873494019,10438177.856859898,down_proj,32,csr_random,5,0.8999650309856673,0.3132335841655731,1.458646865535286
magnitude-block16x16-90,magnitude,block16,0.89994873494019,10438177.856859898,down_proj,32,csr_rowmajor,5,0.8999650309856673,0.10060817003250122,4.539560475357006
magnitude-block16x16-90,magnitude,block16,0.89994873494019,10438177.856859898,down_proj,32,dense,5,0.8999650309856673,0.45644864439964294,1.0
magnitude-block16x16-90,magnitude,block16,0.89994873494019,10438177.856859898,down_proj,128,csr,5,0.8999650309856673,1.3334717601537704,0.46281853346163915
magnitude-block16x16-90,magnitude,block16,0.89994873494019,10438177.856859898,down_proj,128,csr_random,5,0.8999650309856673,1.2711036950349808,0.47888490794709
magnitude-block16x16-90,magnitude,block16,0.89994873494019,10438177.856859898,down_proj,128,csr_rowmajor,5,0.8999650309856673,0.5444299429655075,1.1744298794847348
magnitude-block16x16-90,magnitude,block16,0.89994873494019,10438177.856859898,down_proj,128,dense,5,0.8999650309856673,0.6086692214012146,1.0
magnitude-block16x16-90,magnitude,block16,0.89994873494019,10438177.856859898,down_proj,512,csr,5,0.8999650309856673,6.171129643917084,0.44012320719852793
magnitude-block16x16-90,magnitude,block16,0.89994873494019,10438177.856859898,down_proj,512,csr_random,5,0.8999650309856673,6.571614742279053,0.4129791110606208
magnitude-block16x16-90,magnitude,block16,0.89994873494019,10438177.856859898,down_proj,512,csr_rowmajor,5,0.8999650309856673,2.5404218584299088,1.0718514750241281
magnitude-block16x16-90,magnitude,block16,0.89994873494019,10438177.856859898,down_proj,512,dense,5,0.8999650309856673,2.7137722820043564,1.0
magnitude-block16x16-90,magnitude,block16,0.89994873494019,10438177.856859898,gate_proj,1,csr,5,0.8999651227678571,0.0681266188621521,0.5370832172699546
magnitude-block16x16-90,magnitude,block16,0.89994873494019,10438177.856859898,gate_proj,1,csr_random,5,0.8999651227678571,0.06275251507759094,0.5829528711113147
magnitude-block16x16-90,magnitude,block16,0.89994873494019,10438177.856859898,gate_proj,1,csr_rowmajor,5,0.8999651227678571,0.06621554493904114,0.5525895046943603
magnitude-block16x16-90,magnitude,block16,0.89994873494019,10438177.856859898,gate_proj,1,dense,5,0.8999651227678571,0.03657639026641846,1.0
magnitude-block16x16-90,magnitude,block16,0.89994873494019,10438177.856859898,gate_proj,8,csr,5,0.8999651227678571,0.0774972140789032,1.0921371910574735
magnitude-block16x16-90,magnitude,block16,0.89994873494019,10438177.856859898,gate_proj,8,csr_random,5,0.8999651227678571,0.07626339793205261,1.110350133258594
magnitude-block16x16-90,magnitude,block16,0.89994873494019,10438177.856859898,gate_proj,8,csr_rowmajor,5,0.8999651227678571,0.05827806890010834,1.4524170510166865
magnitude-block16x16-90,magnitude,block16,0.89994873494019,10438177.856859898,gate_proj,8,dense,5,0.8999651227678571,0.08463859558105469,1.0
magnitude-block16x16-90,magnitude,block16,0.89994873494019,10438177.856859898,gate_proj,32,csr,5,0.8999651227678571,0.15064217150211334,3.0076897789499544
magnitude-block16x16-90,magnitude,block16,0.89994873494019,10438177.856859898,gate_proj,32,csr_random,5,0.8999651227678571,0.1519668847322464,2.9808941811364824
magnitude-block16x16-90,magnitude,block16,0.89994873494019,10438177.856859898,gate_proj,32,csr_rowmajor,5,0.8999651227678571,0.10832026600837708,4.183863594203166
magnitude-block16x16-90,magnitude,block16,0.89994873494019,10438177.856859898,gate_proj,32,dense,5,0.8999651227678571,0.45298971235752106,1.0
magnitude-block16x16-90,magnitude,block16,0.89994873494019,10438177.856859898,gate_proj,128,csr,5,0.8999651227678571,0.4672341048717499,1.6381315855224166
magnitude-block16x16-90,magnitude,block16,0.89994873494019,10438177.856859898,gate_proj,128,csr_random,5,0.8999651227678571,0.45381858944892883,1.6875775772228359
magnitude-block16x16-90,magnitude,block16,0.89994873494019,10438177.856859898,gate_proj,128,csr_rowmajor,5,0.8999651227678571,0.3088712692260742,2.4786420454296003
magnitude-block16x16-90,magnitude,block16,0.89994873494019,10438177.856859898,gate_proj,128,dense,5,0.8999651227678571,0.7653243839740753,1.0
magnitude-block16x16-90,magnitude,block16,0.89994873494019,10438177.856859898,gate_proj,512,csr,5,0.8999651227678571,2.3595191538333893,0.9317356680755227
magnitude-block16x16-90,magnitude,block16,0.89994873494019,10438177.856859898,gate_proj,512,csr_random,5,0.8999651227678571,2.5751490145921707,0.8523181079537451
magnitude-block16x16-90,magnitude,block16,0.89994873494019,10438177.856859898,gate_proj,512,csr_rowmajor,5,0.8999651227678571,1.7215557396411896,1.2798866759355665
magnitude-block16x16-90,magnitude,block16,0.89994873494019,10438177.856859898,gate_proj,512,dense,5,0.8999651227678571,2.1904464811086655,1.0
magnitude-block16x16-90,magnitude,block16,0.89994873494019,10438177.856859898,k_proj,1,csr,5,0.8995535714285714,0.020609796047210693,0.3452928883374144
magnitude-block16x16-90,magnitude,block16,0.89994873494019,10438177.856859898,k_proj,1,csr_random,5,0.8995535714285714,0.02064034342765808,0.3447657698012374
magnitude-block16x16-90,magnitude,block16,0.89994873494019,10438177.856859898,k_proj,1,csr_rowmajor,5,0.8995535714285714,0.018785148859024048,0.37883950501405306
magnitude-block16x16-90,magnitude,block16,0.89994873494019,10438177.856859898,k_proj,1,dense,5,0.8995535714285714,0.007116049528121948,1.0
magnitude-block16x16-90,magnitude,block16,0.89994873494019,10438177.856859898,k_proj,8,csr,5,0.8995535714285714,0.0347968190908432,0.5011346453369754
magnitude-block16x16-90,magnitude,block16,0.89994873494019,10438177.856859898,k_proj,8,csr_random,5,0.8995535714285714,0.035331398248672485,0.49352453133307106
magnitude-block16x16-90,magnitude,block16,0.89994873494019,10438177.856859898,k_proj,8,csr_rowmajor,5,0.8995535714285714,0.01713782548904419,1.0174396726167763
magnitude-block16x16-90,magnitude,block16,0.89994873494019,10438177.856859898,k_proj,8,dense,5,0.8995535714285714,0.017436593770980835,1.0
magnitude-block16x16-90,magnitude,block16,0.89994873494019,10438177.856859898,k_proj,32,csr,5,0.8995535714285714,0.05701296031475067,0.38650011420430697
magnitude-block16x16-90,magnitude,block16,0.89994873494019,10438177.856859898,k_proj,32,csr_random,5,0.8995535714285714,0.06209462881088257,0.3548182839907378
magnitude-block16x16-90,magnitude,block16,0.89994873494019,10438177.856859898,k_proj,32,csr_rowmajor,5,0.8995535714285714,0.01876726746559143,1.1745304783713975
magnitude-block16x16-90,magnitude,block16,0.89994873494019,10438177.856859898,k_proj,32,dense,5,0.8995535714285714,0.022032111883163452,1.0
magnitude-block16x16-90,magnitude,block16,0.89994873494019,10438177.856859898,k_proj,128,csr,5,0.8995535714285714,0.1627907156944275,0.2729956023526997
magnitude-block16x16-90,magnitude,block16,0.89994873494019,10438177.856859898,k_proj,128,csr_random,5,0.8995535714285714,0.18880777060985565,0.23517632438707647
magnitude-block16x16-90,magnitude,block16,0.89994873494019,10438177.856859898,k_proj,128,csr_rowmajor,5,0.8995535714285714,0.028948485851287842,1.5360016770693334
magnitude-block16x16-90,magnitude,block16,0.89994873494019,10438177.856859898,k_proj,128,dense,5,0.8995535714285714,0.044402480125427246,1.0
magnitude-block16x16-90,magnitude,block16,0.89994873494019,10438177.856859898,k_proj,512,csr,5,0.8995535714285714,0.6516937166452408,0.15429166803095698
magnitude-block16x16-90,magnitude,block16,0.89994873494019,10438177.856859898,k_proj,512,csr_random,5,0.8995535714285714,0.7511433213949203,0.13342734625074615
magnitude-block16x16-90,magnitude,block16,0.89994873494019,10438177.856859898,k_proj,512,csr_rowmajor,5,0.8995535714285714,0.07256455719470978,1.3872936602225785
magnitude-block16x16-90,magnitude,block16,0.89994873494019,10438177.856859898,k_proj,512,dense,5,0.8995535714285714,0.1002289354801178,1.0
magnitude-block16x16-90,magnitude,block16,0.89994873494019,10438177.856859898,o_proj,1,csr,5,0.8998726981026786,0.03380626440048218,0.34465830765158467
magnitude-block16x16-90,magnitude,block16,0.89994873494019,10438177.856859898,o_proj,1,csr_random,5,0.8998726981026786,0.03453008830547333,0.337449898856381
magnitude-block16x16-90,magnitude,block16,0.89994873494019,10438177.856859898,o_proj,1,csr_rowmajor,5,0.8998726981026786,0.03197900950908661,0.3643899894035942
magnitude-block16x16-90,magnitude,block16,0.89994873494019,10438177.856859898,o_proj,1,dense,5,0.8998726981026786,0.011646747589111328,1.0
magnitude-block16x16-90,magnitude,block16,0.89994873494019,10438177.856859898,o_proj,8,csr,5,0.8998726981026786,0.04853084683418274,1.5229341549063842
magnitude-block16x16-90,magnitude,block16,0.89994873494019,10438177.856859898,o_proj,8,csr_random,5,0.8998726981026786,0.04938691854476929,1.4963719446416663
magnitude-block16x16-90,magnitude,block16,0.89994873494019,10438177.856859898,o_proj,8,csr_rowmajor,5,0.8998726981026786,0.03101155161857605,2.3830605620309204
magnitude-block16x16-90,magnitude,block16,0.89994873494019,10438177.856859898,o_proj,8,dense,5,0.8998726981026786,0.0738978385925293,1.0
magnitude-block16x16-90,magnitude,block16,0.89994873494019,10438177.856859898,o_proj,32,csr,5,0.8998726981026786,0.08159279823303223,1.1436876244661445
magnitude-block16x16-90,magnitude,block16,0.89994873494019,10438177.856859898,o_proj,32,csr_random,5,0.8998726981026786,0.08841976523399353,1.055226459521618
magnitude-block16x16-90,magnitude,block16,0.89994873494019,10438177.856859898,o_proj,32,csr_rowmajor,5,0.8998726981026786,0.045853108167648315,2.0347101900556215
magnitude-block16x16-90,magnitude,block16,0.89994873494019,10438177.856859898,o_proj,32,dense,5,0.8998726981026786,0.09329244494438171,1.0
magnitude-block16x16-90,magnitude,block16,0.89994873494019,10438177.856859898,o_proj,128,csr,5,0.8998726981026786,0.21985210478305817,0.7785278799590213
magnitude-block16x16-90,magnitude,block16,0.89994873494019,10438177.856859898,o_proj,128,csr_random,5,0.8998726981026786,0.25605931878089905,0.6674567321547623
magnitude-block16x16-90,magnitude,block16,0.89994873494019,10438177.856859898,o_proj,128,csr_rowmajor,5,0.8998726981026786,0.08737444877624512,1.956491382349215
magnitude-block16x16-90,magnitude,block16,0.89994873494019,10438177.856859898,o_proj,128,dense,5,0.8998726981026786,0.17089247703552246,1.0
magnitude-block16x16-90,magnitude,block16,0.89994873494019,10438177.856859898,o_proj,512,csr,5,0.8998726981026786,0.9082235395908356,0.49474842911611167
magnitude-block16x16-90,magnitude,block16,0.89994873494019,10438177.856859898,o_proj,512,csr_random,5,0.8998726981026786,1.049913838505745,0.4279380680719474
magnitude-block16x16-90,magnitude,block16,0.89994873494019,10438177.856859898,o_proj,512,csr_rowmajor,5,0.8998726981026786,0.2554703503847122,1.760085877365321
magnitude-block16x16-90,magnitude,block16,0.89994873494019,10438177.856859898,o_proj,512,dense,5,0.8998726981026786,0.44909417629241943,1.0
magnitude-block16x16-90,magnitude,block16,0.89994873494019,10438177.856859898,q_proj,1,csr,5,0.8998726981026786,0.03616735339164734,0.3237007853718875
magnitude-block16x16-90,magnitude,block16,0.89994873494019,10438177.856859898,q_proj,1,csr_random,5,0.8998726981026786,0.03494545817375183,0.3345785382605817
magnitude-block16x16-90,magnitude,block16,0.89994873494019,10438177.856859898,q_proj,1,csr_rowmajor,5,0.8998726981026786,0.03425106406211853,0.34185108329545094
magnitude-block16x16-90,magnitude,block16,0.89994873494019,10438177.856859898,q_proj,1,dense,5,0.8998726981026786,0.01168176531791687,1.0
magnitude-block16x16-90,magnitude,block16,0.89994873494019,10438177.856859898,q_proj,8,csr,5,0.8998726981026786,0.049999356269836426,1.4774496334233416
magnitude-block16x16-90,magnitude,block16,0.89994873494019,10438177.856859898,q_proj,8,csr_random,5,0.8998726981026786,0.04973560571670532,1.485281557811089
magnitude-block16x16-90,magnitude,block16,0.89994873494019,10438177.856859898,q_proj,8,csr_rowmajor,5,0.8998726981026786,0.031372904777526855,2.354758804290978
magnitude-block16x16-90,magnitude,block16,0.89994873494019,10438177.856859898,q_proj,8,dense,5,0.8998726981026786,0.07386505603790283,1.0
magnitude-block16x16-90,magnitude,block16,0.89994873494019,10438177.856859898,q_proj,32,csr,5,0.8998726981026786,0.09039528667926788,1.0319311604693717
magnitude-block16x16-90,magnitude,block16,0.89994873494019,10438177.856859898,q_proj,32,csr_random,5,0.8998726981026786,0.08908845484256744,1.0472453528425987
magnitude-block16x16-90,magnitude,block16,0.89994873494019,10438177.856859898,q_proj,32,csr_rowmajor,5,0.8998726981026786,0.048579275608062744,1.9199831746267648
magnitude-block16x16-90,magnitude,block16,0.89994873494019,10438177.856859898,q_proj,32,dense,5,0.8998726981026786,0.0932551920413971,1.0
magnitude-block16x16-90,magnitude,block16,0.89994873494019,10438177.856859898,q_proj,128,csr,5,0.8998726981026786,0.2599887549877167,0.6575058620743179
magnitude-block16x16-90,magnitude,block16,0.89994873494019,10438177.856859898,q_proj,128,csr_random,5,0.8998726981026786,0.2566356211900711,0.6658880244968065
magnitude-block16x16-90,magnitude,block16,0.89994873494019,10438177.856859898,q_proj,128,csr_rowmajor,5,0.8998726981026786,0.09827911853790283,1.741826337922078
magnitude-block16x16-90,magnitude,block16,0.89994873494019,10438177.856859898,q_proj,128,dense,5,0.8998726981026786,0.17088726162910461,1.0
magnitude-block16x16-90,magnitude,block16,0.89994873494019,10438177.856859898,q_proj,512,csr,5,0.8998726981026786,1.1294931173324585,0.39752696342764227
magnitude-block16x16-90,magnitude,block16,0.89994873494019,10438177.856859898,q_proj,512,csr_random,5,0.8998726981026786,1.072472706437111,0.41834633065072735
magnitude-block16x16-90,magnitude,block16,0.89994873494019,10438177.856859898,q_proj,512,csr_rowmajor,5,0.8998726981026786,0.43463893234729767,1.036376140528108
magnitude-block16x16-90,magnitude,block16,0.89994873494019,10438177.856859898,q_proj,512,dense,5,0.8998726981026786,0.44854842126369476,1.0
magnitude-block16x16-90,magnitude,block16,0.89994873494019,10438177.856859898,up_proj,1,csr,5,0.899965168658952,0.0658176839351654,0.550138425244351
magnitude-block16x16-90,magnitude,block16,0.89994873494019,10438177.856859898,up_proj,1,csr_random,5,0.899965168658952,0.06261877715587616,0.578275946284171
magnitude-block16x16-90,magnitude,block16,0.89994873494019,10438177.856859898,up_proj,1,csr_rowmajor,5,0.899965168658952,0.064091756939888,0.5651505616594428
magnitude-block16x16-90,magnitude,block16,0.89994873494019,10438177.856859898,up_proj,1,dense,5,0.899965168658952,0.036209821701049805,1.0
magnitude-block16x16-90,magnitude,block16,0.89994873494019,10438177.856859898,up_proj,8,csr,5,0.899965168658952,0.07646828889846802,1.0817952433081273
magnitude-block16x16-90,magnitude,block16,0.89994873494019,10438177.856859898,up_proj,8,csr_random,5,0.899965168658952,0.07588192820549011,1.0902722392959086
magnitude-block16x16-90,magnitude,block16,0.89994873494019,10438177.856859898,up_proj,8,csr_rowmajor,5,0.899965168658952,0.0573180615901947,1.442936753289595
magnitude-block16x16-90,magnitude,block16,0.89994873494019,10438177.856859898,up_proj,8,dense,5,0.899965168658952,0.08271485567092896,1.0
magnitude-block16x16-90,magnitude,block16,0.89994873494019,10438177.856859898,up_proj,32,csr,5,0.899965168658952,0.1440390944480896,3.1455724007923958
magnitude-block16x16-90,magnitude,block16,0.89994873494019,10438177.856859898,up_proj,32,csr_random,5,0.899965168658952,0.1516040414571762,2.9877194768417006
magnitude-block16x16-90,magnitude,block16,0.89994873494019,10438177.856859898,up_proj,32,csr_rowmajor,5,0.899965168658952,0.10203458368778229,4.442052473839039
magnitude-block16x16-90,magnitude,block16,0.89994873494019,10438177.856859898,up_proj,32,dense,5,0.899965168658952,0.45294947922229767,1.0
magnitude-block16x16-90,magnitude,block16,0.89994873494019,10438177.856859898,up_proj,128,csr,5,0.899965168658952,0.4516441375017166,1.6880489963576415
magnitude-block16x16-90,magnitude,block16,0.89994873494019,10438177.856859898,up_proj,128,csr_random,5,0.899965168658952,0.4644952714443207,1.6421217778474986
magnitude-block16x16-90,magnitude,block16,0.89994873494019,10438177.856859898,up_proj,128,csr_rowmajor,5,0.899965168658952,0.28974711894989014,2.6331838001010595
magnitude-block16x16-90,magnitude,block16,0.89994873494019,10438177.856859898,up_proj,128,dense,5,0.899965168658952,0.7622063159942627,1.0
magnitude-block16x16-90,magnitude,block16,0.89994873494019,10438177.856859898,up_proj,512,csr,5,0.899965168658952,2.0684652030467987,1.0670939973589988
magnitude-block16x16-90,magnitude,block16,0.89994873494019,10438177.856859898,up_proj,512,csr_random,5,0.899965168658952,2.55635567009449,0.8609252527000638
magnitude-block16x16-90,magnitude,block16,0.89994873494019,10438177.856859898,up_proj,512,csr_rowmajor,5,0.899965168658952,1.443197950720787,1.5393685134173158
magnitude-block16x16-90,magnitude,block16,0.89994873494019,10438177.856859898,up_proj,512,dense,5,0.899965168658952,2.200506627559662,1.0
magnitude-block16x16-90,magnitude,block16,0.89994873494019,10438177.856859898,v_proj,1,csr,5,0.8995535714285714,0.020531564950942993,0.3459119702698833
magnitude-block16x16-90,magnitude,block16,0.89994873494019,10438177.856859898,v_proj,1,csr_random,5,0.8995535714285714,0.020611286163330078,0.3445731550788063
magnitude-block16x16-90,magnitude,block16,0.89994873494019,10438177.856859898,v_proj,1,csr_rowmajor,5,0.8995535714285714,0.0187017023563385,0.3797625461801071
magnitude-block16x16-90,magnitude,block16,0.89994873494019,10438177.856859898,v_proj,1,dense,5,0.8995535714285714,0.007101893424987793,1.0
magnitude-block16x16-90,magnitude,block16,0.89994873494019,10438177.856859898,v_proj,8,csr,5,0.8995535714285714,0.035052746534347534,0.49765223168650535
magnitude-block16x16-90,magnitude,block16,0.89994873494019,10438177.856859898,v_proj,8,csr_random,5,0.8995535714285714,0.035534054040908813,0.4908917773068862
magnitude-block16x16-90,magnitude,block16,0.89994873494019,10438177.856859898,v_proj,8,csr_rowmajor,5,0.8995535714285714,0.01707896590232849,1.0213152659869011
magnitude-block16x16-90,magnitude,block16,0.89994873494019,10438177.856859898,v_proj,8,dense,5,0.8995535714285714,0.017442554235458374,1.0
magnitude-block16x16-90,magnitude,block16,0.89994873494019,10438177.856859898,v_proj,32,csr,5,0.8995535714285714,0.05523860454559326,0.39850393319205996
magnitude-block16x16-90,magnitude,block16,0.89994873494019,10438177.856859898,v_proj,32,csr_random,5,0.8995535714285714,0.06226338446140289,0.3535156558384725
magnitude-block16x16-90,magnitude,block16,0.89994873494019,10438177.856859898,v_proj,32,csr_rowmajor,5,0.8995535714285714,0.018563121557235718,1.1861401463579997
magnitude-block16x16-90,magnitude,block16,0.89994873494019,10438177.856859898,v_proj,32,dense,5,0.8995535714285714,0.022010505199432373,1.0
magnitude-block16x16-90,magnitude,block16,0.89994873494019,10438177.856859898,v_proj,128,csr,5,0.8995535714285714,0.15779249370098114,0.281259921416285
magnitude-block16x16-90,magnitude,block16,0.89994873494019,10438177.856859898,v_proj,128,csr_random,5,0.8995535714285714,0.18927305936813354,0.23445192936413567
magnitude-block16x16-90,magnitude,block16,0.89994873494019,10438177.856859898,v_proj,128,csr_rowmajor,5,0.8995535714285714,0.02830401062965393,1.5701617816367877
magnitude-block16x16-90,magnitude,block16,0.89994873494019,10438177.856859898,v_proj,128,dense,5,0.8995535714285714,0.044370442628860474,1.0
magnitude-block16x16-90,magnitude,block16,0.89994873494019,10438177.856859898,v_proj,512,csr,5,0.8995535714285714,0.614437460899353,0.16659967274029033
magnitude-block16x16-90,magnitude,block16,0.89994873494019,10438177.856859898,v_proj,512,csr_random,5,0.8995535714285714,0.7555849850177765,0.13548434664246833
magnitude-block16x16-90,magnitude,block16,0.89994873494019,10438177.856859898,v_proj,512,csr_rowmajor,5,0.8995535714285714,0.06721988320350647,1.524179745083316
magnitude-block16x16-90,magnitude,block16,0.89994873494019,10438177.856859898,v_proj,512,dense,5,0.8995535714285714,0.10233968496322632,1.0
magnitude-block4x4-50,magnitude,block4,0.5000011430118547,472729.2924794948,down_proj,1,csr,5,0.5000009637129934,0.35589076578617096,0.12230350992062167
magnitude-block4x4-50,magnitude,block4,0.5000011430118547,472729.2924794948,down_proj,1,csr_random,5,0.5000009637129934,0.3637365996837616,0.12003682893113206
magnitude-block4x4-50,magnitude,block4,0.5000011430118547,472729.2924794948,down_proj,1,csr_rowmajor,5,0.5000009637129934,0.35260245203971863,0.12343719520635414
magnitude-block4x4-50,magnitude,block4,0.5000011430118547,472729.2924794948,down_proj,1,dense,5,0.5000009637129934,0.04335269331932068,1.0
magnitude-block4x4-50,magnitude,block4,0.5000011430118547,472729.2924794948,down_proj,8,csr,5,0.5000009637129934,0.3230009227991104,0.4564420206505851
magnitude-block4x4-50,magnitude,block4,0.5000011430118547,472729.2924794948,down_proj,8,csr_random,5,0.5000009637129934,0.3341022878885269,0.4435566470317816
magnitude-block4x4-50,magnitude,block4,0.5000011430118547,472729.2924794948,down_proj,8,csr_rowmajor,5,0.5000009637129934,0.24722889065742493,0.5948149522368932
magnitude-block4x4-50,magnitude,block4,0.5000011430118547,472729.2924794948,down_proj,8,dense,5,0.5000009637129934,0.14616772532463074,1.0
magnitude-block4x4-50,magnitude,block4,0.5000011430118547,472729.2924794948,down_proj,32,csr,5,0.5000009637129934,0.8160106837749481,0.561223530454792
magnitude-block4x4-50,magnitude,block4,0.5000011430118547,472729.2924794948,down_proj,32,csr_random,5,0.5000009637129934,0.8220091462135315,0.5571439098670667
magnitude-block4x4-50,magnitude,block4,0.5000011430118547,472729.2924794948,down_proj,32,csr_rowmajor,5,0.5000009637129934,0.47332383692264557,0.9675548680441441
magnitude-block4x4-50,magnitude,block4,0.5000011430118547,472729.2924794948,down_proj,32,dense,5,0.5000009637129934,0.45796483755111694,1.0
magnitude-block4x4-50,magnitude,block4,0.5000011430118547,472729.2924794948,down_proj,128,csr,5,0.5000009637129934,4.326565936207771,0.14025582551630006
magnitude-block4x4-50,magnitude,block4,0.5000011430118547,472729.2924794948,down_proj,128,csr_random,5,0.5000009637129934,4.730477929115295,0.12812693481632706
magnitude-block4x4-50,magnitude,block4,0.5000011430118547,472729.2924794948,down_proj,128,csr_rowmajor,5,0.5000009637129934,3.7946507334709167,0.16103764238350396
magnitude-block4x4-50,magnitude,block4,0.5000011430118547,472729.2924794948,down_proj,128,dense,5,0.5000009637129934,0.605994462966919,1.0
magnitude-block4x4-50,magnitude,block4,0.5000011430118547,472729.2924794948,down_proj,512,csr,5,0.5000009637129934,18.491598591208458,0.1485449098368024
magnitude-block4x4-50,magnitude,block4,0.5000011430118547,472729.2924794948,down_proj,512,csr_random,5,0.5000009637129934,18.164003267884254,0.15126289971722578
magnitude-block4x4-50,magnitude,block4,0.5000011430118547,472729.2924794948,down_proj,512,csr_rowmajor,5,0.5000009637129934,14.142268523573875,0.19449002279574076
magnitude-block4x4-50,magnitude,block4,0.5000011430118547,472729.2924794948,down_proj,512,dense,5,0.5000009637129934,2.7455464005470276,1.0
magnitude-block4x4-50,magnitude,block4,0.5000011430118547,472729.2924794948,gate_proj,1,csr,5,0.500001239059563,0.3095090389251709,0.12196605943443069
magnitude-block4x4-50,magnitude,block4,0.5000011430118547,472729.2924794948,gate_proj,1,csr_random,5,0.500001239059563,0.3119673579931259,0.12104315409234648
magnitude-block4x4-50,magnitude,block4,0.5000011430118547,472729.2924794948,gate_proj,1,csr_rowmajor,5,0.500001239059563,0.3066353499889374,0.1231094645022083
magnitude-block4x4-50,magnitude,block4,0.5000011430118547,472729.2924794948,gate_proj,1,dense,5,0.500001239059563,0.03775879740715027,1.0
magnitude-block4x4-50,magnitude,block4,0.5000011430118547,472729.2924794948,gate_proj,8,csr,5,0.500001239059563,0.2508006989955902,0.3593204931056563
magnitude-block4x4-50,magnitude,block4,0.5000011430118547,472729.2924794948,gate_proj,8,csr_random,5,0.500001239059563,0.25331340730190277,0.35630602659061966
magnitude-block4x4-50,magnitude,block4,0.5000011430118547,472729.2924794948,gate_proj,8,csr_rowmajor,5,0.500001239059563,0.23214034736156464,0.38834761264468237
magnitude-block4x4-50,magnitude,block4,0.5000011430118547,472729.2924794948,gate_proj,8,dense,5,0.500001239059563,0.09022876620292664,1.0
magnitude-block4x4-50,magnitude,block4,0.5000011430118547,472729.2924794948,gate_proj,32,csr,5,0.500001239059563,0.48375874757766724,0.9366701180962429
magnitude-block4x4-50,magnitude,block4,0.5000011430118547,472729.2924794948,gate_proj,32,csr_random,5,0.500001239059563,0.49311816692352295,0.9188744721335672
magnitude-block4x4-50,magnitude,block4,0.5000011430118547,472729.2924794948,gate_proj,32,csr_rowmajor,5,0.500001239059563,0.44550448656082153,1.0171010847029445
magnitude-block4x4-50,magnitude,block4,0.5000011430118547,472729.2924794948,gate_proj,32,dense,5,0.500001239059563,0.4531104117631912,1.0
magnitude-block4x4-50,magnitude,block4,0.5000011430118547,472729.2924794948,gate_proj,128,csr,5,0.500001239059563,1.6924124211072922,0.43855744203006436
magnitude-block4x4-50,magnitude,block4,0.5000011430118547,472729.2924794948,gate_proj,128,csr_random,5,0.500001239059563,1.658209040760994,0.4479201401861878
magnitude-block4x4-50,magnitude,block4,0.5000011430118547,472729.2924794948,gate_proj,128,csr_rowmajor,5,0.500001239059563,1.5376590192317963,0.4826562481273395
magnitude-block4x4-50,magnitude,block4,0.5000011430118547,472729.2924794948,gate_proj,128,dense,5,0.500001239059563,0.7419977337121964,1.0
magnitude-block4x4-50,magnitude,block4,0.5000011430118547,472729.2924794948,gate_proj,512,csr,5,0.500001239059563,8.227934688329697,0.27633260681190863
magnitude-block4x4-50,magnitude,block4,0.5000011430118547,472729.2924794948,gate_proj,512,csr_random,5,0.500001239059563,8.640945702791214,0.2627823303587946
magnitude-block4x4-50,magnitude,block4,0.5000011430118547,472729.2924794948,gate_proj,512,csr_rowmajor,5,0.500001239059563,8.866884931921959,0.25855964467251363
magnitude-block4x4-50,magnitude,block4,0.5000011430118547,472729.2924794948,gate_proj,512,dense,5,0.500001239059563,2.2284194827079773,1.0
magnitude-block4x4-50,magnitude,block4,0.5000011430118547,472729.2924794948,k_proj,1,csr,5,0.5000017438616071,0.030315667390823364,0.23249532452341132
magnitude-block4x4-50,magnitude,block4,0.5000011430118547,472729.2924794948,k_proj,1,csr_random,5,0.5000017438616071,0.030343234539031982,0.23223332699531085
magnitude-block4x4-50,magnitude,block4,0.5000011430118547,472729.2924794948,k_proj,1,csr_rowmajor,5,0.5000017438616071,0.028342008590698242,0.2487052677743076
magnitude-block4x4-50,magnitude,block4,0.5000011430118547,472729.2924794948,k_proj,1,dense,5,0.5000017438616071,0.007045269012451172,1.0
magnitude-block4x4-50,magnitude,block4,0.5000011430118547,472729.2924794948,k_proj,8,csr,5,0.5000017438616071,0.04490166902542114,0.3889590734571555
magnitude-block4x4-50,magnitude,block4,0.5000011430118547,472729.2924794948,k_proj,8,csr_random,5,0.5000017438616071,0.04513934254646301,0.38686962754150755
magnitude-block4x4-50,magnitude,block4,0.5000011430118547,472729.2924794948,k_proj,8,csr_rowmajor,5,0.5000017438616071,0.026319921016693115,0.663603446567642
magnitude-block4x4-50,magnitude,block4,0.5000011430118547,472729.2924794948,k_proj,8,dense,5,0.5000017438616071,0.017458945512771606,1.0
magnitude-block4x4-50,magnitude,block4,0.5000011430118547,472729.2924794948,k_proj,32,csr,5,0.5000017438616071,0.0732913613319397,0.3006665243185981
magnitude-block4x4-50,magnitude,block4,0.5000011430118547,472729.2924794948,k_proj,32,csr_random,5,0.5000017438616071,0.07254481315612793,0.30351455367535835
magnitude-block4x4-50,magnitude,block4,0.5000011430118547,472729.2924794948,k_proj,32,csr_rowmajor,5,0.5000017438616071,0.030888617038726807,0.7131094692969464
magnitude-block4x4-50,magnitude,block4,0.5000011430118547,472729.2924794948,k_proj,32,dense,5,0.5000017438616071,0.022014975547790527,1.0
magnitude-block4x4-50,magnitude,block4,0.5000011430118547,472729.2924794948,k_proj,128,csr,5,0.5000017438616071,0.22620521485805511,0.19568190184240455
magnitude-block4x4-50,magnitude,block4,0.5000011430118547,472729.2924794948,k_proj,128,csr_random,5,0.5000017438616071,0.22679045796394348,0.1951365605123499
magnitude-block4x4-50,magnitude,block4,0.5000011430118547,472729.2924794948,k_proj,128,csr_rowmajor,5,0.5000017438616071,0.06688833236694336,0.6617680553201377
magnitude-block4x4-50,magnitude,block4,0.5000011430118547,472729.2924794948,k_proj,128,dense,5,0.5000017438616071,0.04424452781677246,1.0
magnitude-block4x4-50,magnitude,block4,0.5000011430118547,472729.2924794948,k_proj,512,csr,5,0.5000017438616071,0.9854085743427277,0.10315674172500605
magnitude-block4x4-50,magnitude,block4,0.5000011430118547,472729.2924794948,k_proj,512,csr_random,5,0.5000017438616071,0.974302738904953,0.10430558317062379
magnitude-block4x4-50,magnitude,block4,0.5000011430118547,472729.2924794948,k_proj,512,csr_rowmajor,5,0.5000017438616071,0.2811729907989502,0.36452180871051737
magnitude-block4x4-50,magnitude,block4,0.5000011430118547,472729.2924794948,k_proj,512,dense,5,0.5000017438616071,0.10162815451622009,1.0
magnitude-block4x4-50,magnitude,block4,0.5000011430118547,472729.2924794948,o_proj,1,csr,5,0.5000004982461734,0.06591156125068665,0.1754370883116061
magnitude-block4x4-50,magnitude,block4,0.5000011430118547,472729.2924794948,o_proj,1,csr_random,5,0.5000004982461734,0.06500184535980225,0.1779042785389598
magnitude-block4x4-50,magnitude,block4,0.5000011430118547,472729.2924794948,o_proj,1,csr_rowmajor,5,0.5000004982461734,0.06358735263347626,0.18186459146198436
magnitude-block4x4-50,magnitude,block4,0.5000011430118547,472729.2924794948,o_proj,1,dense,5,0.5000004982461734,0.011563301086425781,1.0
magnitude-block4x4-50,magnitude,block4,0.5000011430118547,472729.2924794948,o_proj,8,csr,5,0.5000004982461734,0.06435737013816833,1.1478668174879214
magnitude-block4x4-50,magnitude,block4,0.5000011430118547,472729.2924794948,o_proj,8,csr_random,5,0.5000004982461734,0.0645168125629425,1.1450730902405748
magnitude-block4x4-50,magnitude,block4,0.5000011430118547,472729.2924794948,o_proj,8,csr_rowmajor,5,0.5000004982461734,0.04546046257019043,1.6250386732207522
magnitude-block4x4-50,magnitude,block4,0.5000011430118547,472729.2924794948,o_proj,8,dense,5,0.5000004982461734,0.07387250661849976,1.0
magnitude-block4x4-50,magnitude,block4,0.5000011430118547,472729.2924794948,o_proj,32,csr,5,0.5000004982461734,0.13406537473201752,0.6945041071384865
magnitude-block4x4-50,magnitude,block4,0.5000011430118547,472729.2924794948,o_proj,32,csr_random,5,0.5000004982461734,0.13667084276676178,0.6812908657125207
magnitude-block4x4-50,magnitude,block4,0.5000011430118547,472729.2924794948,o_proj,32,csr_rowmajor,5,0.5000004982461734,0.09116046130657196,1.0215715903679352
magnitude-block4x4-50,magnitude,block4,0.5000011430118547,472729.2924794948,o_proj,32,dense,5,0.5000004982461734,0.09310692548751831,1.0
magnitude-block4x4-50,magnitude,block4,0.5000011430118547,472729.2924794948,o_proj,128,csr,5,0.5000004982461734,0.44736452400684357,0.3809897057334622
magnitude-block4x4-50,magnitude,block4,0.5000011430118547,472729.2924794948,o_proj,128,csr_random,5,0.5000004982461734,0.450819730758667,0.37814687408252134
magnitude-block4x4-50,magnitude,block4,0.5000011430118547,472729.2924794948,o_proj,128,csr_rowmajor,5,0.5000004982461734,0.2915583550930023,0.5850914659358972
magnitude-block4x4-50,magnitude,block4,0.5000011430118547,472729.2924794948,o_proj,128,dense,5,0.5000004982461734,0.17042458057403564,1.0
magnitude-block4x4-50,magnitude,block4,0.5000011430118547,472729.2924794948,o_proj,512,csr,5,0.5000004982461734,2.0790863782167435,0.21618457450109071
magnitude-block4x4-50,magnitude,block4,0.5000011430118547,472729.2924794948,o_proj,512,csr_random,5,0.5000004982461734,2.215033769607544,0.20223778899824277
magnitude-block4x4-50,magnitude,block4,0.5000011430118547,472729.2924794948,o_proj,512,csr_rowmajor,5,0.5000004982461734,1.6044050455093384,0.28348887347351154
magnitude-block4x4-50,magnitude,block4,0.5000011430118547,472729.2924794948,o_proj,512,dense,5,0.5000004982461734,0.44043585658073425,1.0
magnitude-block4x4-50,magnitude,block4,0.5000011430118547,472729.2924794948,q_proj,1,csr,5,0.5000014947385204,0.06581470370292664,0.17563119764098498
magnitude-block4x4-50,magnitude,block4,0.5000011430118547,472729.2924794948,q_proj,1,csr_random,5,0.5000014947385204,0.06498247385025024,0.1778536873732693
magnitude-block4x4-50,magnitude,block4,0.5000011430118547,472729.2924794948,q_proj,1,csr_rowmajor,5,0.5000014947385204,0.06369836628437042,0.18145090708712042
magnitude-block4x4-50,magnitude,block4,0.5000011430118547,472729.2924794948,q_proj,1,dense,5,0.5000014947385204,0.01155659556388855,1.0
magnitude-block4x4-50,magnitude,block4,0.5000011430118547,472729.2924794948,q_proj,8,csr,5,0.5000014947385204,0.06451383233070374,1.1462100715298398
magnitude-block4x4-50,magnitude,block4,0.5000011430118547,472729.2924794948,q_proj,8,csr_random,5,0.5000014947385204,0.06466060876846313,1.1436798602905578
magnitude-block4x4-50,magnitude,block4,0.5000011430118547,472729.2924794948,q_proj,8,csr_rowmajor,5,0.5000014947385204,0.04588998854160309,1.6113634658185592
magnitude-block4x4-50,magnitude,block4,0.5000011430118547,472729.2924794948,q_proj,8,dense,5,0.5000014947385204,0.07394365966320038,1.0
magnitude-block4x4-50,magnitude,block4,0.5000011430118547,472729.2924794948,q_proj,32,csr,5,0.5000014947385204,0.1349274069070816,0.6905922594703006
magnitude-block4x4-50,magnitude,block4,0.5000011430118547,472729.2924794948,q_proj,32,csr_random,5,0.5000014947385204,0.13587288558483124,0.6857676131344796
magnitude-block4x4-50,magnitude,block4,0.5000011430118547,472729.2924794948,q_proj,32,csr_rowmajor,5,0.5000014947385204,0.09257160127162933,1.0066893709402625
magnitude-block4x4-50,magnitude,block4,0.5000011430118547,472729.2924794948,q_proj,32,dense,5,0.5000014947385204,0.09317584335803986,1.0
magnitude-block4x4-50,magnitude,block4,0.5000011430118547,472729.2924794948,q_proj,128,csr,5,0.5000014947385204,0.44968053698539734,0.3788220430131429
magnitude-block4x4-50,magnitude,block4,0.5000011430118547,472729.2924794948,q_proj,128,csr_random,5,0.5000014947385204,0.4502512514591217,0.37836566843304253
magnitude-block4x4-50,magnitude,block4,0.5000011430118547,472729.2924794948,q_proj,128,csr_rowmajor,5,0.5000014947385204,0.29823556542396545,0.571620915739207
magnitude-block4x4-50,magnitude,block4,0.5000011430118547,472729.2924794948,q_proj,128,dense,5,0.5000014947385204,0.17033293843269348,1.0
magnitude-block4x4-50,magnitude,block4,0.5000011430118547,472729.2924794948,q_proj,512,csr,5,0.5000014947385204,2.3691538721323013,0.18608588026734557
magnitude-block4x4-50,magnitude,block4,0.5000011430118547,472729.2924794948,q_proj,512,csr_random,5,0.5000014947385204,2.1310456097126007,0.20871818938571549
magnitude-block4x4-50,magnitude,block4,0.5000011430118547,472729.2924794948,q_proj,512,csr_rowmajor,5,0.5000014947385204,1.7302114516496658,0.25519082919738756
magnitude-block4x4-50,magnitude,block4,0.5000011430118547,472729.2924794948,q_proj,512,dense,5,0.5000014947385204,0.43905340135097504,1.0
magnitude-block4x4-50,magnitude,block4,0.5000011430118547,472729.2924794948,up_proj,1,csr,5,0.5000010096040883,0.3228429704904556,0.11667021036862026
magnitude-block4x4-50,magnitude,block4,0.5000011430118547,472729.2924794948,up_proj,1,csr_random,5,0.5000010096040883,0.32521896064281464,0.11580407913075437
magnitude-block4x4-50,magnitude,block4,0.5000011430118547,472729.2924794948,up_proj,1,csr_rowmajor,5,0.5000010096040883,0.32050982117652893,0.11756308643498618
magnitude-block4x4-50,magnitude,block4,0.5000011430118547,472729.2924794948,up_proj,1,dense,5,0.5000010096040883,0.037550926208496094,1.0
magnitude-block4x4-50,magnitude,block4,0.5000011430118547,472729.2924794948,up_proj,8,csr,5,0.5000010096040883,0.2686135470867157,0.33149611604210505
magnitude-block4x4-50,magnitude,block4,0.5000011430118547,472729.2924794948,up_proj,8,csr_random,5,0.5000010096040883,0.26741474866867065,0.33167459460916965
magnitude-block4x4-50,magnitude,block4,0.5000011430118547,472729.2924794948,up_proj,8,csr_rowmajor,5,0.5000010096040883,0.24885796010494232,0.35810772580993216
magnitude-block4x4-50,magnitude,block4,0.5000011430118547,472729.2924794948,up_proj,8,dense,5,0.5000010096040883,0.0879582017660141,1.0
magnitude-block4x4-50,magnitude,block4,0.5000011430118547,472729.2924794948,up_proj,32,csr,5,0.5000010096040883,0.4980117082595825,0.910191330032546
magnitude-block4x4-50,magnitude,block4,0.5000011430118547,472729.2924794948,up_proj,32,csr_random,5,0.5000010096040883,0.5032140761613846,0.9007276221810991
magnitude-block4x4-50,magnitude,block4,0.5000011430118547,472729.2924794948,up_proj,32,csr_rowmajor,5,0.5000010096040883,0.4580434411764145,0.9895891667645862
magnitude-block4x4-50,magnitude,block4,0.5000011430118547,472729.2924794948,up_proj,32,dense,5,0.5000010096040883,0.4531238228082657,1.0
magnitude-block4x4-50,magnitude,block4,0.5000011430118547,472729.2924794948,up_proj,128,csr,5,0.5000010096040883,1.672852784395218,0.44864656983001583
magnitude-block4x4-50,magnitude,block4,0.5000011430118547,472729.2924794948,up_proj,128,csr_random,5,0.5000010096040883,1.638701930642128,0.45802851809330286
magnitude-block4x4-50,magnitude,block4,0.5000011430118547,472729.2924794948,up_proj,128,csr_rowmajor,5,0.5000010096040883,1.5899881720542908,0.47205132906811637
magnitude-block4x4-50,magnitude,block4,0.5000011430118547,472729.2924794948,up_proj,128,dense,5,0.5000010096040883,0.7501743733882904,1.0
magnitude-block4x4-50,magnitude,block4,0.5000011430118547,472729.2924794948,up_proj,512,csr,5,0.5000010096040883,7.209409400820732,0.3099755367654703
magnitude-block4x4-50,magnitude,block4,0.5000011430118547,472729.2924794948,up_proj,512,csr_random,5,0.5000010096040883,8.017442747950554,0.27872045948498014
magnitude-block4x4-50,magnitude,block4,0.5000011430118547,472729.2924794948,up_proj,512,csr_rowmajor,5,0.5000010096040883,6.78275004029274,0.33042346583577376
magnitude-block4x4-50,magnitude,block4,0.5000011430118547,472729.2924794948,up_proj,512,dense,5,0.5000010096040883,2.2346314042806625,1.0
magnitude-block4x4-50,magnitude,block4,0.5000011430118547,472729.2924794948,v_proj,1,csr,5,0.5,0.02998635172843933,0.23530264044129087
magnitude-block4x4-50,magnitude,block4,0.5000011430118547,472729.2924794948,v_proj,1,csr_random,5,0.5,0.030038505792617798,0.23489219985319462
magnitude-block4x4-50,magnitude,block4,0.5000011430118547,472729.2924794948,v_proj,1,csr_rowmajor,5,0.5,0.0280134379863739,0.2518699980965222
magnitude-block4x4-50,magnitude,block4,0.5000011430118547,472729.2924794948,v_proj,1,dense,5,0.5,0.007055699825286865,1.0
magnitude-block4x4-50,magnitude,block4,0.5000011430118547,472729.2924794948,v_proj,8,csr,5,0.5,0.04450008273124695,0.39251470620261014
magnitude-block4x4-50,magnitude,block4,0.5000011430118547,472729.2924794948,v_proj,8,csr_random,5,0.5,0.04493743181228638,0.38875533011822916
magnitude-block4x4-50,magnitude,block4,0.5000011430118547,472729.2924794948,v_proj,8,csr_rowmajor,5,0.5,0.025885552167892456,0.6747525930999225
magnitude-block4x4-50,magnitude,block4,0.5000011430118547,472729.2924794948,v_proj,8,dense,5,0.5,0.017466023564338684,1.0
magnitude-block4x4-50,magnitude,block4,0.5000011430118547,472729.2924794948,v_proj,32,csr,5,0.5,0.07239207625389099,0.3049347009800827
magnitude-block4x4-50,magnitude,block4,0.5000011430118547,472729.2924794948,v_proj,32,csr_random,5,0.5,0.0720195472240448,0.30651068553695626
magnitude-block4x4-50,magnitude,block4,0.5000011430118547,472729.2924794948,v_proj,32,csr_rowmajor,5,0.5,0.030290335416793823,0.7287553593453303
magnitude-block4x4-50,magnitude,block4,0.5000011430118547,472729.2924794948,v_proj,32,dense,5,0.5,0.022073835134506226,1.0
magnitude-block4x4-50,magnitude,block4,0.5000011430118547,472729.2924794948,v_proj,128,csr,5,0.5,0.23007318377494812,0.19199160627979484
magnitude-block4x4-50,magnitude,block4,0.5000011430118547,472729.2924794948,v_proj,128,csr_random,5,0.5,0.23288093507289886,0.18967066875206162
magnitude-block4x4-50,magnitude,block4,0.5000011430118547,472729.2924794948,v_proj,128,csr_rowmajor,5,0.5,0.06446018815040588,0.6860395711066722
magnitude-block4x4-50,magnitude,block4,0.5000011430118547,472729.2924794948,v_proj,128,dense,5,0.5,0.04416853189468384,1.0
magnitude-block4x4-50,magnitude,block4,0.5000011430118547,472729.2924794948,v_proj,512,csr,5,0.5,0.9581081569194794,0.10606526806054097
magnitude-block4x4-50,magnitude,block4,0.5000011430118547,472729.2924794948,v_proj,512,csr_random,5,0.5,0.9774059057235718,0.10381517153300894
magnitude-block4x4-50,magnitude,block4,0.5000011430118547,472729.2924794948,v_proj,512,csr_rowmajor,5,0.5,0.25031566619873047,0.414608007852189
magnitude-block4x4-50,magnitude,block4,0.5000011430118547,472729.2924794948,v_proj,512,dense,5,0.5,0.10148473083972931,1.0
magnitude-block4x4-70,magnitude,block4,0.699996336213835,5230886.15196106,down_proj,1,csr,5,0.6999977054452537,0.20977668464183807,0.18199424201116662
magnitude-block4x4-70,magnitude,block4,0.699996336213835,5230886.15196106,down_proj,1,csr_random,5,0.6999977054452537,0.2089284360408783,0.1827534534782787
magnitude-block4x4-70,magnitude,block4,0.699996336213835,5230886.15196106,down_proj,1,csr_rowmajor,5,0.6999977054452537,0.20764656364917755,0.18387048360400282
magnitude-block4x4-70,magnitude,block4,0.699996336213835,5230886.15196106,down_proj,1,dense,5,0.6999977054452537,0.038176774978637695,1.0
magnitude-block4x4-70,magnitude,block4,0.699996336213835,5230886.15196106,down_proj,8,csr,5,0.6999977054452537,0.21039284765720367,0.6171362147275087
magnitude-block4x4-70,magnitude,block4,0.699996336213835,5230886.15196106,down_proj,8,csr_random,5,0.6999977054452537,0.2112172544002533,0.6149723625331168
magnitude-block4x4-70,magnitude,block4,0.699996336213835,5230886.15196106,down_proj,8,csr_rowmajor,5,0.6999977054452537,0.12939013540744781,1.0037204439026781
magnitude-block4x4-70,magnitude,block4,0.699996336213835,5230886.15196106,down_proj,8,dense,5,0.6999977054452537,0.12985467910766602,1.0
magnitude-block4x4-70,magnitude,block4,0.699996336213835,5230886.15196106,down_proj,32,csr,5,0.6999977054452537,0.46781860291957855,0.9777854517429431
magnitude-block4x4-70,magnitude,block4,0.699996336213835,5230886.15196106,down_proj,32,csr_random,5,0.6999977054452537,0.4727315157651901,0.9676192450951102
magnitude-block4x4-70,magnitude,block4,0.699996336213835,5230886.15196106,down_proj,32,csr_rowmajor,5,0.6999977054452537,0.2806760370731354,1.629868304588457
magnitude-block4x4-70,magnitude,block4,0.699996336213835,5230886.15196106,down_proj,32,dense,5,0.6999977054452537,0.4573903977870941,1.0
magnitude-block4x4-70,magnitude,block4,0.699996336213835,5230886.15196106,down_proj,128,csr,5,0.6999977054452537,2.516787126660347,0.2439637037923604
magnitude-block4x4-70,magnitude,block4,0.699996336213835,5230886.15196106,down_proj,128,csr_random,5,0.6999977054452537,2.397773787379265,0.25390832303483357
magnitude-block4x4-70,magnitude,block4,0.699996336213835,5230886.15196106,down_proj,128,csr_rowmajor,5,0.6999977054452537,1.5517424792051315,0.39378204224585706
magnitude-block4x4-70,magnitude,block4,0.699996336213835,5230886.15196106,down_proj,128,dense,5,0.6999977054452537,0.6084877997636795,1.0
magnitude-block4x4-70,magnitude,block4,0.699996336213835,5230886.15196106,down_proj,512,csr,5,0.6999977054452537,13.698863983154297,0.1983991123864561
magnitude-block4x4-70,magnitude,block4,0.699996336213835,5230886.15196106,down_proj,512,csr_random,5,0.6999977054452537,12.942411005496979,0.20974228443382248
magnitude-block4x4-70,magnitude,block4,0.699996336213835,5230886.15196106,down_proj,512,csr_rowmajor,5,0.6999977054452537,9.312448278069496,0.292725865003799
magnitude-block4x4-70,magnitude,block4,0.699996336213835,5230886.15196106,down_proj,512,dense,5,0.6999977054452537,2.713242545723915,1.0
magnitude-block4x4-70,magnitude,block4,0.699996336213835,5230886.15196106,gate_proj,1,csr,5,0.6999977513363487,0.17068572342395782,0.2218729964126096
magnitude-block4x4-70,magnitude,block4,0.699996336213835,5230886.15196106,gate_proj,1,csr_random,5,0.6999977513363487,0.17415396869182587,0.21746417857591355
magnitude-block4x4-70,magnitude,block4,0.699996336213835,5230886.15196106,gate_proj,1,csr_rowmajor,5,0.6999977513363487,0.16798637807369232,0.22544982179430212
magnitude-block4x4-70,magnitude,block4,0.699996336213835,5230886.15196106,gate_proj,1,dense,5,0.6999977513363487,0.03786161541938782,1.0
magnitude-block4x4-70,magnitude,block4,0.699996336213835,5230886.15196106,gate_proj,8,csr,5,0.6999977513363487,0.1460455358028412,0.612248311595936
magnitude-block4x4-70,magnitude,block4,0.699996336213835,5230886.15196106,gate_proj,8,csr_random,5,0.6999977513363487,0.14941245317459106,0.5989024924942656
magnitude-block4x4-70,magnitude,block4,0.699996336213835,5230886.15196106,gate_proj,8,csr_rowmajor,5,0.6999977513363487,0.125763937830925,0.7111698563325576
magnitude-block4x4-70,magnitude,block4,0.699996336213835,5230886.15196106,gate_proj,8,dense,5,0.6999977513363487,0.08942149579524994,1.0
magnitude-block4x4-70,magnitude,block4,0.699996336213835,5230886.15196106,gate_proj,32,csr,5,0.6999977513363487,0.2954971045255661,1.5358246604294312
magnitude-block4x4-70,magnitude,block4,0.699996336213835,5230886.15196106,gate_proj,32,csr_random,5,0.6999977513363487,0.30236952006816864,1.5009817570599504
magnitude-block4x4-70,magnitude,block4,0.699996336213835,5230886.15196106,gate_proj,32,csr_rowmajor,5,0.6999977513363487,0.25370121002197266,1.7888329050296128
magnitude-block4x4-70,magnitude,block4,0.699996336213835,5230886.15196106,gate_proj,32,dense,5,0.6999977513363487,0.45380257070064545,1.0
magnitude-block4x4-70,magnitude,block4,0.699996336213835,5230886.15196106,gate_proj,128,csr,5,0.6999977513363487,1.0850533843040466,0.6940990217747451
magnitude-block4x4-70,magnitude,block4,0.699996336213835,5230886.15196106,gate_proj,128,csr_random,5,0.6999977513363487,1.0669644922018051,0.7073375906496702
magnitude-block4x4-70,magnitude,block4,0.699996336213835,5230886.15196106,gate_proj,128,csr_rowmajor,5,0.6999977513363487,0.9769048541784286,0.7706808978668156
magnitude-block4x4-70,magnitude,block4,0.699996336213835,5230886.15196106,gate_proj,128,dense,5,0.6999977513363487,0.7526680827140808,1.0
magnitude-block4x4-70,magnitude,block4,0.699996336213835,5230886.15196106,gate_proj,512,csr,5,0.6999977513363487,4.658981040120125,0.4756031368560584
magnitude-block4x4-70,magnitude,block4,0.699996336213835,5230886.15196106,gate_proj,512,csr_random,5,0.6999977513363487,4.813073202967644,0.46026983146878964
magnitude-block4x4-70,magnitude,block4,0.699996336213835,5230886.15196106,gate_proj,512,csr_rowmajor,5,0.6999977513363487,4.213619977235794,0.5277822088918552
magnitude-block4x4-70,magnitude,block4,0.699996336213835,5230886.15196106,gate_proj,512,dense,5,0.6999977513363487,2.215157449245453,1.0
magnitude-block4x4-70,magnitude,block4,0.699996336213835,5230886.15196106,k_proj,1,csr,5,0.6999180385044643,0.02551451325416565,0.27387086574511493
magnitude-block4x4-70,magnitude,block4,0.699996336213835,5230886.15196106,k_proj,1,csr_random,5,0.6999180385044643,0.025524944067001343,0.27374865109192026
magnitude-block4x4-70,magnitude,block4,0.699996336213835,5230886.15196106,k_proj,1,csr_rowmajor,5,0.6999180385044643,0.023758411407470703,0.2941273201372587
magnitude-block4x4-70,magnitude,block4,0.699996336213835,5230886.15196106,k_proj,1,dense,5,0.6999180385044643,0.006987154483795166,1.0
magnitude-block4x4-70,magnitude,block4,0.699996336213835,5230886.15196106,k_proj,8,csr,5,0.6999180385044643,0.040493160486221313,0.4257403047936516
magnitude-block4x4-70,magnitude,block4,0.699996336213835,5230886.15196106,k_proj,8,csr_random,5,0.6999180385044643,0.04015117883682251,0.4293807993763648
magnitude-block4x4-70,magnitude,block4,0.699996336213835,5230886.15196106,k_proj,8,csr_rowmajor,5,0.6999180385044643,0.02180524170398712,0.7906443828477269
magnitude-block4x4-70,magnitude,block4,0.699996336213835,5230886.15196106,k_proj,8,dense,5,0.6999180385044643,0.01723840832710266,1.0
magnitude-block4x4-70,magnitude,block4,0.699996336213835,5230886.15196106,k_proj,32,csr,5,0.6999180385044643,0.06735175848007202,0.3277390132157486
magnitude-block4x4-70,magnitude,block4,0.699996336213835,5230886.15196106,k_proj,32,csr_random,5,0.6999180385044643,0.06745047867298126,0.32719469345862795
magnitude-block4x4-70,magnitude,block4,0.699996336213835,5230886.15196106,k_proj,32,csr_rowmajor,5,0.6999180385044643,0.025428831577301025,0.867855037887043
magnitude-block4x4-70,magnitude,block4,0.699996336213835,5230886.15196106,k_proj,32,dense,5,0.6999180385044643,0.022067129611968994,1.0
magnitude-block4x4-70,magnitude,block4,0.699996336213835,5230886.15196106,k_proj,128,csr,5,0.6999180385044643,0.2108260989189148,0.20921023996453014
magnitude-block4x4-70,magnitude,block4,0.699996336213835,5230886.15196106,k_proj,128,csr_random,5,0.6999180385044643,0.21251514554023743,0.20752431118288256
magnitude-block4x4-70,magnitude,block4,0.699996336213835,5230886.15196106,k_proj,128,csr_rowmajor,5,0.6999180385044643,0.049041956663131714,0.899583602455755
magnitude-block4x4-70,magnitude,block4,0.699996336213835,5230886.15196106,k_proj,128,dense,5,0.6999180385044643,0.044099241495132446,1.0
magnitude-block4x4-70,magnitude,block4,0.699996336213835,5230886.15196106,k_proj,512,csr,5,0.6999180385044643,0.9080003947019577,0.11094636937974871
magnitude-block4x4-70,magnitude,block4,0.699996336213835,5230886.15196106,k_proj,512,csr_random,5,0.6999180385044643,0.8843760937452316,0.11400971964237326
magnitude-block4x4-70,magnitude,block4,0.699996336213835,5230886.15196106,k_proj,512,csr_rowmajor,5,0.6999180385044643,0.18991902470588684,0.5383631718990438
magnitude-block4x4-70,magnitude,block4,0.699996336213835,5230886.15196106,k_proj,512,dense,5,0.6999180385044643,0.10074973106384277,1.0
magnitude-block4x4-70,magnitude,block4,0.699996336213835,5230886.15196106,o_proj,1,csr,5,0.6999960140306123,0.05035661160945892,0.23060209437725873
magnitude-block4x4-70,magnitude,block4,0.699996336213835,5230886.15196106,o_proj,1,csr_random,5,0.6999960140306123,0.049877166748046875,0.23275574537831303
magnitude-block4x4-70,magnitude,block4,0.699996336213835,5230886.15196106,o_proj,1,csr_rowmajor,5,0.6999960140306123,0.0483442097902298,0.24015708435076627
magnitude-block4x4-70,magnitude,block4,0.699996336213835,5230886.15196106,o_proj,1,dense,5,0.6999960140306123,0.01160651445388794,1.0
magnitude-block4x4-70,magnitude,block4,0.699996336213835,5230886.15196106,o_proj,8,csr,5,0.6999960140306123,0.05683824419975281,1.2959575931498093
magnitude-block4x4-70,magnitude,block4,0.699996336213835,5230886.15196106,o_proj,8,csr_random,5,0.6999960140306123,0.05698762834072113,1.2925922735375937
magnitude-block4x4-70,magnitude,block4,0.699996336213835,5230886.15196106,o_proj,8,csr_rowmajor,5,0.6999960140306123,0.03762170672416687,1.9579282522447636
magnitude-block4x4-70,magnitude,block4,0.699996336213835,5230886.15196106,o_proj,8,dense,5,0.6999960140306123,0.07365979254245758,1.0
magnitude-block4x4-70,magnitude,block4,0.699996336213835,5230886.15196106,o_proj,32,csr,5,0.6999960140306123,0.1094665378332138,0.8507162825421318
magnitude-block4x4-70,magnitude,block4,0.699996336213835,5230886.15196106,o_proj,32,csr_random,5,0.6999960140306123,0.11184699833393097,0.8325717773615103
magnitude-block4x4-70,magnitude,block4,0.699996336213835,5230886.15196106,o_proj,32,csr_rowmajor,5,0.6999960140306123,0.06611049175262451,1.4086105475379127
magnitude-block4x4-70,magnitude,block4,0.699996336213835,5230886.15196106,o_proj,32,dense,5,0.6999960140306123,0.09311959147453308,1.0
magnitude-block4x4-70,magnitude,block4,0.699996336213835,5230886.15196106,o_proj,128,csr,5,0.6999960140306123,0.3553081303834915,0.48251328528470466
magnitude-block4x4-70,magnitude,block4,0.699996336213835,5230886.15196106,o_proj,128,csr_random,5,0.6999960140306123,0.3639061003923416,0.4712466785291075
magnitude-block4x4-70,magnitude,block4,0.699996336213835,5230886.15196106,o_proj,128,csr_rowmajor,5,0.6999960140306123,0.19117966294288635,0.8971129235080655
magnitude-block4x4-70,magnitude,block4,0.699996336213835,5230886.15196106,o_proj,128,dense,5,0.6999960140306123,0.17143934965133667,1.0
magnitude-block4x4-70,magnitude,block4,0.699996336213835,5230886.15196106,o_proj,512,csr,5,0.6999960140306123,1.4911100268363953,0.30102960176750954
magnitude-block4x4-70,magnitude,block4,0.699996336213835,5230886.15196106,o_proj,512,csr_random,5,0.6999960140306123,1.4635436236858368,0.3067251953777148
magnitude-block4x4-70,magnitude,block4,0.699996336213835,5230886.15196106,o_proj,512,csr_rowmajor,5,0.6999960140306123,0.8375003933906555,0.5360370993881849
magnitude-block4x4-70,magnitude,block4,0.699996336213835,5230886.15196106,o_proj,512,dense,5,0.6999960140306123,0.4484783858060837,1.0
magnitude-block4x4-70,magnitude,block4,0.699996336213835,5230886.15196106,q_proj,1,csr,5,0.6999960140306123,0.05034878849983215,0.23052850361635113
magnitude-block4x4-70,magnitude,block4,0.699996336213835,5230886.15196106,q_proj,1,csr_random,5,0.6999960140306123,0.0497620552778244,0.23323313636741722
magnitude-block4x4-70,magnitude,block4,0.699996336213835,5230886.15196106,q_proj,1,csr_rowmajor,5,0.6999960140306123,0.04846900701522827,0.23945468708206583
magnitude-block4x4-70,magnitude,block4,0.699996336213835,5230886.15196106,q_proj,1,dense,5,0.6999960140306123,0.011604279279708862,1.0
magnitude-block4x4-70,magnitude,block4,0.699996336213835,5230886.15196106,q_proj,8,csr,5,0.6999960140306123,0.05725473165512085,1.2867754895990986
magnitude-block4x4-70,magnitude,block4,0.699996336213835,5230886.15196106,q_proj,8,csr_random,5,0.6999960140306123,0.057190656661987305,1.2883019636728281
magnitude-block4x4-70,magnitude,block4,0.699996336213835,5230886.15196106,q_proj,8,csr_rowmajor,5,0.6999960140306123,0.037904828786849976,1.9436732431626578
magnitude-block4x4-70,magnitude,block4,0.699996336213835,5230886.15196106,q_proj,8,dense,5,0.6999960140306123,0.0736728310585022,1.0
magnitude-block4x4-70,magnitude,block4,0.699996336213835,5230886.15196106,q_proj,32,csr,5,0.6999960140306123,0.11406391859054565,0.816637658144829
magnitude-block4x4-70,magnitude,block4,0.699996336213835,5230886.15196106,q_proj,32,csr_random,5,0.6999960140306123,0.11211112141609192,0.8308235302269859
magnitude-block4x4-70,magnitude,block4,0.699996336213835,5230886.15196106,q_proj,32,csr_rowmajor,5,0.6999960140306123,0.06937123835086823,1.3426752297849325
magnitude-block4x4-70,magnitude,block4,0.699996336213835,5230886.15196106,q_proj,32,dense,5,0.6999960140306123,0.093136727809906,1.0
magnitude-block4x4-70,magnitude,block4,0.699996336213835,5230886.15196106,q_proj,128,csr,5,0.6999960140306123,0.3615468740463257,0.47353084793371253
magnitude-block4x4-70,magnitude,block4,0.699996336213835,5230886.15196106,q_proj,128,csr_random,5,0.6999960140306123,0.3590904176235199,0.47685145621600017
magnitude-block4x4-70,magnitude,block4,0.699996336213835,5230886.15196106,q_proj,128,csr_rowmajor,5,0.6999960140306123,0.19509010016918182,0.8780372808541805
magnitude-block4x4-70,magnitude,block4,0.699996336213835,5230886.15196106,q_proj,128,dense,5,0.6999960140306123,0.17118491232395172,1.0
magnitude-block4x4-70,magnitude,block4,0.699996336213835,5230886.15196106,q_proj,512,csr,5,0.6999960140306123,1.7936039716005325,0.2500500731930475
magnitude-block4x4-70,magnitude,block4,0.699996336213835,5230886.15196106,q_proj,512,csr_random,5,0.6999960140306123,1.539723202586174,0.29086797770953576
magnitude-block4x4-70,magnitude,block4,0.699996336213835,5230886.15196106,q_proj,512,csr_rowmajor,5,0.6999960140306123,1.1061154305934906,0.406116296214439
magnitude-block4x4-70,magnitude,block4,0.699996336213835,5230886.15196106,q_proj,512,dense,5,0.6999960140306123,0.4478462040424347,1.0
magnitude-block4x4-70,magnitude,block4,0.699996336213835,5230886.15196106,up_proj,1,csr,5,0.6999976136630639,0.16859695315361023,0.21902021148368828
magnitude-block4x4-70,magnitude,block4,0.699996336213835,5230886.15196106,up_proj,1,csr_random,5,0.6999976136630639,0.1699749380350113,0.21724364017729655
magnitude-block4x4-70,magnitude,block4,0.699996336213835,5230886.15196106,up_proj,1,csr_rowmajor,5,0.6999976136630639,0.16594529151916504,0.2225216992894729
magnitude-block4x4-70,magnitude,block4,0.699996336213835,5230886.15196106,up_proj,1,dense,5,0.6999976136630639,0.03693029284477234,1.0
magnitude-block4x4-70,magnitude,block4,0.699996336213835,5230886.15196106,up_proj,8,csr,5,0.6999976136630639,0.14410242438316345,0.5978271596281826
magnitude-block4x4-70,magnitude,block4,0.699996336213835,5230886.15196106,up_proj,8,csr_random,5,0.6999976136630639,0.145094096660614,0.5937048412134789
magnitude-block4x4-70,magnitude,block4,0.699996336213835,5230886.15196106,up_proj,8,csr_rowmajor,5,0.6999976136630639,0.12375190854072571,0.696062300541881
magnitude-block4x4-70,magnitude,block4,0.699996336213835,5230886.15196106,up_proj,8,dense,5,0.6999976136630639,0.08618533611297607,1.0
magnitude-block4x4-70,magnitude,block4,0.699996336213835,5230886.15196106,up_proj,32,csr,5,0.6999976136630639,0.2868790179491043,1.5814866199494855
magnitude-block4x4-70,magnitude,block4,0.699996336213835,5230886.15196106,up_proj,32,csr_random,5,0.6999976136630639,0.2970382571220398,1.527384229744708
magnitude-block4x4-70,magnitude,block4,0.699996336213835,5230886.15196106,up_proj,32,csr_rowmajor,5,0.6999976136630639,0.24607032537460327,1.8437611622439358
magnitude-block4x4-70,magnitude,block4,0.699996336213835,5230886.15196106,up_proj,32,dense,5,0.6999976136630639,0.4536870867013931,1.0
magnitude-block4x4-70,magnitude,block4,0.699996336213835,5230886.15196106,up_proj,128,csr,5,0.6999976136630639,1.0619793087244034,0.7117324206273726
magnitude-block4x4-70,magnitude,block4,0.699996336213835,5230886.15196106,up_proj,128,csr_random,5,0.6999976136630639,1.0431773960590363,0.7256801598713979
magnitude-block4x4-70,magnitude,block4,0.699996336213835,5230886.15196106,up_proj,128,csr_rowmajor,5,0.6999976136630639,0.975344330072403,0.7745238767497216
magnitude-block4x4-70,magnitude,block4,0.699996336213835,5230886.15196106,up_proj,128,dense,5,0.6999976136630639,0.755271315574646,1.0
magnitude-block4x4-70,magnitude,block4,0.699996336213835,5230886.15196106,up_proj,512,csr,5,0.6999976136630639,4.446094855666161,0.4973284763014383
magnitude-block4x4-70,magnitude,block4,0.699996336213835,5230886.15196106,up_proj,512,csr_random,5,0.6999976136630639,4.813569784164429,0.45936061561213853
magnitude-block4x4-70,magnitude,block4,0.699996336213835,5230886.15196106,up_proj,512,csr_rowmajor,5,0.6999976136630639,3.972828760743141,0.5594585746368042
magnitude-block4x4-70,magnitude,block4,0.699996336213835,5230886.15196106,up_proj,512,dense,5,0.6999976136630639,2.211090922355652,1.0
magnitude-block4x4-70,magnitude,block4,0.699996336213835,5230886.15196106,v_proj,1,csr,5,0.6999162946428572,0.025356188416481018,0.2753631842986918
magnitude-block4x4-70,magnitude,block4,0.699996336213835,5230886.15196106,v_proj,1,csr_random,5,0.6999162946428572,0.02553015947341919,0.27348460552377796
magnitude-block4x4-70,magnitude,block4,0.699996336213835,5230886.15196106,v_proj,1,csr_rowmajor,5,0.6999162946428572,0.023620203137397766,0.2956090449769844
magnitude-block4x4-70,magnitude,block4,0.699996336213835,5230886.15196106,v_proj,1,dense,5,0.6999162946428572,0.006981939077377319,1.0
magnitude-block4x4-70,magnitude,block4,0.699996336213835,5230886.15196106,v_proj,8,csr,5,0.6999162946428572,0.04027411341667175,0.4286231091583288
magnitude-block4x4-70,magnitude,block4,0.699996336213835,5230886.15196106,v_proj,8,csr_random,5,0.6999162946428572,0.04026666283607483,0.42870728488094456
magnitude-block4x4-70,magnitude,block4,0.699996336213835,5230886.15196106,v_proj,8,csr_rowmajor,5,0.6999162946428572,0.021780282258987427,0.7925224866654537
magnitude-block4x4-70,magnitude,block4,0.699996336213835,5230886.15196106,v_proj,8,dense,5,0.6999162946428572,0.017260760068893433,1.0
magnitude-block4x4-70,magnitude,block4,0.699996336213835,5230886.15196106,v_proj,32,csr,5,0.6999162946428572,0.06739199161529541,0.3276663997412818
magnitude-block4x4-70,magnitude,block4,0.699996336213835,5230886.15196106,v_proj,32,csr_random,5,0.6999162946428572,0.06732791662216187,0.32796020584180524
magnitude-block4x4-70,magnitude,block4,0.699996336213835,5230886.15196106,v_proj,32,csr_rowmajor,5,0.6999162946428572,0.024906545877456665,0.8866112011069707
magnitude-block4x4-70,magnitude,block4,0.699996336213835,5230886.15196106,v_proj,32,dense,5,0.6999162946428572,0.022080540657043457,1.0
magnitude-block4x4-70,magnitude,block4,0.699996336213835,5230886.15196106,v_proj,128,csr,5,0.6999162946428572,0.2072542905807495,0.21302117208888294
magnitude-block4x4-70,magnitude,block4,0.699996336213835,5230886.15196106,v_proj,128,csr_random,5,0.6999162946428572,0.21384842693805695,0.20643340053978734
magnitude-block4x4-70,magnitude,block4,0.699996336213835,5230886.15196106,v_proj,128,csr_rowmajor,5,0.6999162946428572,0.04689022898674011,0.9418413265252624
magnitude-block4x4-70,magnitude,block4,0.699996336213835,5230886.15196106,v_proj,128,dense,5,0.6999162946428572,0.044133514165878296,1.0
magnitude-block4x4-70,magnitude,block4,0.699996336213835,5230886.15196106,v_proj,512,csr,5,0.6999162946428572,0.8754979819059372,0.11478354752523605
magnitude-block4x4-70,magnitude,block4,0.699996336213835,5230886.15196106,v_proj,512,csr_random,5,0.6999162946428572,0.8904673159122467,0.11285364446326274
magnitude-block4x4-70,magnitude,block4,0.699996336213835,5230886.15196106,v_proj,512,csr_rowmajor,5,0.6999162946428572,0.15822239220142365,0.6433590992457874
magnitude-block4x4-70,magnitude,block4,0.699996336213835,5230886.15196106,v_proj,512,dense,5,0.6999162946428572,0.10047554969787598,1.0
magnitude-block4x4-90,magnitude,block4,0.8999969789833376,8775084.472564766,down_proj,1,csr,5,0.8999980266829182,0.10109591530635953,0.4093449660242687
magnitude-block4x4-90,magnitude,block4,0.8999969789833376,8775084.472564766,down_proj,1,csr_random,5,0.8999980266829182,0.10132231982424855,0.40840048276084545
magnitude-block4x4-90,magnitude,block4,0.8999969789833376,8775084.472564766,down_proj,1,csr_rowmajor,5,0.8999980266829182,0.09821802377700806,0.4208386325962099
magnitude-block4x4-90,magnitude,block4,0.8999969789833376,8775084.472564766,down_proj,1,dense,5,0.8999980266829182,0.04123389953747392,1.0
magnitude-block4x4-90,magnitude,block4,0.8999969789833376,8775084.472564766,down_proj,8,csr,5,0.8999980266829182,0.12951622484251857,1.079148891149857
magnitude-block4x4-90,magnitude,block4,0.8999969789833376,8775084.472564766,down_proj,8,csr_random,5,0.8999980266829182,0.1324978074990213,1.0550729057538908
magnitude-block4x4-90,magnitude,block4,0.8999969789833376,8775084.472564766,down_proj,8,csr_rowmajor,5,0.8999980266829182,0.04832365084439516,2.899392207199225
magnitude-block4x4-90,magnitude,block4,0.8999969789833376,8775084.472564766,down_proj,8,dense,5,0.8999980266829182,0.13991182204335928,1.0
magnitude-block4x4-90,magnitude,block4,0.8999969789833376,8775084.472564766,down_proj,32,csr,5,0.8999980266829182,0.30589259695261717,1.4934870479146356
magnitude-block4x4-90,magnitude,block4,0.8999969789833376,8775084.472564766,down_proj,32,csr_random,5,0.8999980266829182,0.3088059835135937,1.479092587238447
magnitude-block4x4-90,magnitude,block4,0.8999969789833376,8775084.472564766,down_proj,32,csr_rowmajor,5,0.8999980266829182,0.10465241502970457,4.367560261888432
magnitude-block4x4-90,magnitude,block4,0.8999969789833376,8775084.472564766,down_proj,32,dense,5,0.8999980266829182,0.45670956606045365,1.0
magnitude-block4x4-90,magnitude,block4,0.8999969789833376,8775084.472564766,down_proj,128,csr,5,0.8999980266829182,1.263357896823436,0.479650504638115
magnitude-block4x4-90,magnitude,block4,0.8999969789833376,8775084.472564766,down_proj,128,csr_random,5,0.8999980266829182,1.2622026144526899,0.4795433512130546
magnitude-block4x4-90,magnitude,block4,0.8999969789833376,8775084.472564766,down_proj,128,csr_rowmajor,5,0.8999980266829182,0.4946756758727133,1.2280131066082294
magnitude-block4x4-90,magnitude,block4,0.8999969789833376,8775084.472564766,down_proj,128,dense,5,0.8999980266829182,0.6051940028555691,1.0
magnitude-block4x4-90,magnitude,block4,0.8999969789833376,8775084.472564766,down_proj,512,csr,5,0.8999980266829182,6.318915681913495,0.4345461896139904
magnitude-block4x4-90,magnitude,block4,0.8999969789833376,8775084.472564766,down_proj,512,csr_random,5,0.8999980266829182,6.528100383002311,0.4202956292327106
magnitude-block4x4-90,magnitude,block4,0.8999969789833376,8775084.472564766,down_proj,512,csr_rowmajor,5,0.8999980266829182,2.3194986046291888,1.1931306029609423
magnitude-block4x4-90,magnitude,block4,0.8999969789833376,8775084.472564766,down_proj,512,dense,5,0.8999980266829182,2.7436197153292596,1.0
magnitude-block4x4-90,magnitude,block4,0.8999969789833376,8775084.472564766,gate_proj,1,csr,5,0.8999980266829182,0.06580292247235775,0.5611519590626544
magnitude-block4x4-90,magnitude,block4,0.8999969789833376,8775084.472564766,gate_proj,1,csr_random,5,0.8999980266829182,0.06281909300014377,0.5878507073547785
magnitude-block4x4-90,magnitude,block4,0.8999969789833376,8775084.472564766,gate_proj,1,csr_rowmajor,5,0.8999980266829182,0.06388550391420722,0.5779613309951742
magnitude-block4x4-90,magnitude,block4,0.8999969789833376,8775084.472564766,gate_proj,1,dense,5,0.8999980266829182,0.03692964091897011,1.0
magnitude-block4x4-90,magnitude,block4,0.8999969789833376,8775084.472564766,gate_proj,8,csr,5,0.8999980266829182,0.07657421519979835,1.1232304258490067
magnitude-block4x4-90,magnitude,block4,0.8999969789833376,8775084.472564766,gate_proj,8,csr_random,5,0.8999980266829182,0.07596517680212855,1.1320590168615312
magnitude-block4x4-90,magnitude,block4,0.8999969789833376,8775084.472564766,gate_proj,8,csr_rowmajor,5,0.8999980266829182,0.05744996014982462,1.4973484126606773
magnitude-block4x4-90,magnitude,block4,0.8999969789833376,8775084.472564766,gate_proj,8,dense,5,0.8999980266829182,0.08601080626249313,1.0
magnitude-block4x4-90,magnitude,block4,0.8999969789833376,8775084.472564766,gate_proj,32,csr,5,0.8999980266829182,0.1476402161642909,3.069167453031628
magnitude-block4x4-90,magnitude,block4,0.8999969789833376,8775084.472564766,gate_proj,32,csr_random,5,0.8999980266829182,0.15151890693232417,2.990389275135829
magnitude-block4x4-90,magnitude,block4,0.8999969789833376,8775084.472564766,gate_proj,32,csr_rowmajor,5,0.8999980266829182,0.10479917982593179,4.32444269651316
magnitude-block4x4-90,magnitude,block4,0.8999969789833376,8775084.472564766,gate_proj,32,dense,5,0.8999980266829182,0.4530958947725594,1.0
magnitude-block4x4-90,magnitude,block4,0.8999969789833376,8775084.472564766,gate_proj,128,csr,5,0.8999980266829182,0.46262069372460246,1.647475464360343
magnitude-block4x4-90,magnitude,block4,0.8999969789833376,8775084.472564766,gate_proj,128,csr_random,5,0.8999980266829182,0.454924488440156,1.6762526229412584
magnitude-block4x4-90,magnitude,block4,0.8999969789833376,8775084.472564766,gate_proj,128,csr_rowmajor,5,0.8999980266829182,0.29952171025797725,2.5460393800559586
magnitude-block4x4-90,magnitude,block4,0.8999969789833376,8775084.472564766,gate_proj,128,dense,5,0.8999980266829182,0.7619534968398511,1.0
magnitude-block4x4-90,magnitude,block4,0.8999969789833376,8775084.472564766,gate_proj,512,csr,5,0.8999980266829182,2.079593704547733,1.072221711435249
magnitude-block4x4-90,magnitude,block4,0.8999969789833376,8775084.472564766,gate_proj,512,csr_random,5,0.8999980266829182,2.3784371907822788,0.9374718819986618
magnitude-block4x4-90,magnitude,block4,0.8999969789833376,8775084.472564766,gate_proj,512,csr_rowmajor,5,0.8999980266829182,1.374213513918221,1.6232121727517086
magnitude-block4x4-90,magnitude,block4,0.8999969789833376,8775084.472564766,gate_proj,512,dense,5,0.8999980266829182,2.22955618519336,1.0
magnitude-block4x4-90,magnitude,block4,0.8999969789833376,8775084.472564766,k_proj,1,csr,5,0.8999720982142857,0.020349002443253994,0.3446006219310981
magnitude-block4x4-90,magnitude,block4,0.8999969789833376,8775084.472564766,k_proj,1,csr_random,5,0.8999720982142857,0.020382879301905632,0.34402087699092493
magnitude-block4x4-90,magnitude,block4,0.8999969789833376,8775084.472564766,k_proj,1,csr_rowmajor,5,0.8999720982142857,0.018541375175118446,0.3781996836928164
magnitude-block4x4-90,magnitude,block4,0.8999969789833376,8775084.472564766,k_proj,1,dense,5,0.8999720982142857,0.007012253627181053,1.0
magnitude-block4x4-90,magnitude,block4,0.8999969789833376,8775084.472564766,k_proj,8,csr,5,0.8999720982142857,0.03531500697135925,0.48924956736247893
magnitude-block4x4-90,magnitude,block4,0.8999969789833376,8775084.472564766,k_proj,8,csr_random,5,0.8999720982142857,0.035561283584684134,0.4858705916605505
magnitude-block4x4-90,magnitude,block4,0.8999969789833376,8775084.472564766,k_proj,8,csr_rowmajor,5,0.8999720982142857,0.016965018585324287,1.018404035323664
magnitude-block4x4-90,magnitude,block4,0.8999969789833376,8775084.472564766,k_proj,8,dense,5,0.8999720982142857,0.01727717462927103,1.0
magnitude-block4x4-90,magnitude,block4,0.8999969789833376,8775084.472564766,k_proj,32,csr,5,0.8999720982142857,0.059185619466006756,0.3719009929019318
magnitude-block4x4-90,magnitude,block4,0.8999969789833376,8775084.472564766,k_proj,32,csr_random,5,0.8999720982142857,0.061935605481266975,0.35533164542950635
magnitude-block4x4-90,magnitude,block4,0.8999969789833376,8775084.472564766,k_proj,32,csr_rowmajor,5,0.8999720982142857,0.018521584570407867,1.188241262835029
magnitude-block4x4-90,magnitude,block4,0.8999969789833376,8775084.472564766,k_proj,32,dense,5,0.8999720982142857,0.022006966173648834,1.0
magnitude-block4x4-90,magnitude,block4,0.8999969789833376,8775084.472564766,k_proj,128,csr,5,0.8999720982142857,0.1813142909668386,0.24322137866248233
magnitude-block4x4-90,magnitude,block4,0.8999969789833376,8775084.472564766,k_proj,128,csr_random,5,0.8999720982142857,0.1896367990411818,0.23250301052460898
magnitude-block4x4-90,magnitude,block4,0.8999969789833376,8775084.472564766,k_proj,128,csr_rowmajor,5,0.8999720982142857,0.029084598645567894,1.517199523364459
magnitude-block4x4-90,magnitude,block4,0.8999969789833376,8775084.472564766,k_proj,128,dense,5,0.8999720982142857,0.04408822860568762,1.0
magnitude-block4x4-90,magnitude,block4,0.8999969789833376,8775084.472564766,k_proj,512,csr,5,0.8999720982142857,0.7357083144597709,0.1370918422890258
magnitude-block4x4-90,magnitude,block4,0.8999969789833376,8775084.472564766,k_proj,512,csr_random,5,0.8999720982142857,0.7560794707387686,0.13332008197835496
magnitude-block4x4-90,magnitude,block4,0.8999969789833376,8775084.472564766,k_proj,512,csr_rowmajor,5,0.8999720982142857,0.07976081687957048,1.2863338046123425
magnitude-block4x4-90,magnitude,block4,0.8999969789833376,8775084.472564766,k_proj,512,dense,5,0.8999720982142857,0.10080888168886304,1.0
magnitude-block4x4-90,magnitude,block4,0.8999969789833376,8775084.472564766,o_proj,1,csr,5,0.8999920280612245,0.034431018866598606,0.3346624024126414
magnitude-block4x4-90,magnitude,block4,0.8999969789833376,8775084.472564766,o_proj,1,csr_random,5,0.8999920280612245,0.03434760728850961,0.33553400023303775
magnitude-block4x4-90,magnitude,block4,0.8999969789833376,8775084.472564766,o_proj,1,csr_rowmajor,5,0.8999920280612245,0.03256842028349638,0.35387992824867287
magnitude-block4x4-90,magnitude,block4,0.8999969789833376,8775084.472564766,o_proj,1,dense,5,0.8999920280612245,0.011514220386743546,1.0
magnitude-block4x4-90,magnitude,block4,0.8999969789833376,8775084.472564766,o_proj,8,csr,5,0.8999920280612245,0.04839359316974878,1.523655466824638
magnitude-block4x4-90,magnitude,block4,0.8999969789833376,8775084.472564766,o_proj,8,csr_random,5,0.8999920280612245,0.049217487685382366,1.4982770478002077
magnitude-block4x4-90,magnitude,block4,0.8999969789833376,8775084.472564766,o_proj,8,csr_rowmajor,5,0.8999920280612245,0.030068401247262955,2.4523046524650463
magnitude-block4x4-90,magnitude,block4,0.8999969789833376,8775084.472564766,o_proj,8,dense,5,0.8999920280612245,0.07373380940407515,1.0
magnitude-block4x4-90,magnitude,block4,0.8999969789833376,8775084.472564766,o_proj,32,csr,5,0.8999920280612245,0.0859504216350615,1.0844250687742427
magnitude-block4x4-90,magnitude,block4,0.8999969789833376,8775084.472564766,o_proj,32,csr_random,5,0.8999920280612245,0.0886546797119081,1.051501522352674
magnitude-block4x4-90,magnitude,block4,0.8999969789833376,8775084.472564766,o_proj,32,csr_rowmajor,5,0.8999920280612245,0.043756491504609585,2.1296716124203203
magnitude-block4x4-90,magnitude,block4,0.8999969789833376,8775084.472564766,o_proj,32,dense,5,0.8999920280612245,0.09318608790636063,1.0
magnitude-block4x4-90,magnitude,block4,0.8999969789833376,8775084.472564766,o_proj,128,csr,5,0.8999920280612245,0.24445963790640235,0.7026286520382166
magnitude-block4x4-90,magnitude,block4,0.8999969789833376,8775084.472564766,o_proj,128,csr_random,5,0.8999920280612245,0.2588837989605963,0.6635461461197387
magnitude-block4x4-90,magnitude,block4,0.8999969789833376,8775084.472564766,o_proj,128,csr_rowmajor,5,0.8999920280612245,0.08727509994059801,1.96961974121147
magnitude-block4x4-90,magnitude,block4,0.8999969789833376,8775084.472564766,o_proj,128,dense,5,0.8999920280612245,0.17175062093883753,1.0
magnitude-block4x4-90,magnitude,block4,0.8999969789833376,8775084.472564766,o_proj,512,csr,5,0.8999920280612245,0.9803005144931376,0.4557143252909134
magnitude-block4x4-90,magnitude,block4,0.8999969789833376,8775084.472564766,o_proj,512,csr_random,5,0.8999920280612245,1.0830907966010273,0.41248537937293017
magnitude-block4x4-90,magnitude,block4,0.8999969789833376,8775084.472564766,o_proj,512,csr_rowmajor,5,0.8999920280612245,0.2719067852012813,1.6435735690588495
magnitude-block4x4-90,magnitude,block4,0.8999969789833376,8775084.472564766,o_proj,512,dense,5,0.8999920280612245,0.44671171344816685,1.0
magnitude-block4x4-90,magnitude,block4,0.8999969789833376,8775084.472564766,q_proj,1,csr,5,0.8999920280612245,0.037240900564938784,0.3114873183067966
magnitude-block4x4-90,magnitude,block4,0.8999969789833376,8775084.472564766,q_proj,1,csr_random,5,0.8999920280612245,0.03449561772868037,0.3350992058759952
magnitude-block4x4-90,magnitude,block4,0.8999969789833376,8775084.472564766,q_proj,1,csr_rowmajor,5,0.8999920280612245,0.035265309270471334,0.3290081583048318
magnitude-block4x4-90,magnitude,block4,0.8999969789833376,8775084.472564766,q_proj,1,dense,5,0.8999920280612245,0.011550798080861568,1.0
magnitude-block4x4-90,magnitude,block4,0.8999969789833376,8775084.472564766,q_proj,8,csr,5,0.8999920280612245,0.04863869398832321,1.515224001331536
magnitude-block4x4-90,magnitude,block4,0.8999969789833376,8775084.472564766,q_proj,8,csr_random,5,0.8999920280612245,0.04913448356091976,1.5000602768257718
magnitude-block4x4-90,magnitude,block4,0.8999969789833376,8775084.472564766,q_proj,8,csr_rowmajor,5,0.8999920280612245,0.03024999750778079,2.436324454362633
magnitude-block4x4-90,magnitude,block4,0.8999969789833376,8775084.472564766,q_proj,8,dense,5,0.8999920280612245,0.07369720842689276,1.0
magnitude-block4x4-90,magnitude,block4,0.8999969789833376,8775084.472564766,q_proj,32,csr,5,0.8999920280612245,0.0896229175850749,1.0408423399566145
magnitude-block4x4-90,magnitude,block4,0.8999969789833376,8775084.472564766,q_proj,32,csr_random,5,0.8999920280612245,0.08918279781937599,1.0459984216596374
magnitude-block4x4-90,magnitude,block4,0.8999969789833376,8775084.472564766,q_proj,32,csr_rowmajor,5,0.8999920280612245,0.04611320327967405,2.022573062386953
magnitude-block4x4-90,magnitude,block4,0.8999969789833376,8775084.472564766,q_proj,32,dense,5,0.8999920280612245,0.09325591381639242,1.0
magnitude-block4x4-90,magnitude,block4,0.8999969789833376,8775084.472564766,q_proj,128,csr,5,0.8999920280612245,0.26139356195926666,0.6572416879271488
magnitude-block4x4-90,magnitude,block4,0.8999969789833376,8775084.472564766,q_proj,128,csr_random,5,0.8999920280612245,0.25983606465160847,0.661161668202149
magnitude-block4x4-90,magnitude,block4,0.8999969789833376,8775084.472564766,q_proj,128,csr_rowmajor,5,0.8999920280612245,0.09490168886259198,1.8111696002678794
magnitude-block4x4-90,magnitude,block4,0.8999969789833376,8775084.472564766,q_proj,128,dense,5,0.8999920280612245,0.1717743813060224,1.0
magnitude-block4x4-90,magnitude,block4,0.8999969789833376,8775084.472564766,q_proj,512,csr,5,0.8999920280612245,1.0607309872284532,0.42136385871284016
magnitude-block4x4-90,magnitude,block4,0.8999969789833376,8775084.472564766,q_proj,512,csr_random,5,0.8999920280612245,1.0421865154057741,0.4286865430229781
magnitude-block4x4-90,magnitude,block4,0.8999969789833376,8775084.472564766,q_proj,512,csr_rowmajor,5,0.8999920280612245,0.3785529173910618,1.19341330053932
magnitude-block4x4-90,magnitude,block4,0.8999969789833376,8775084.472564766,q_proj,512,dense,5,0.8999920280612245,0.44645079178735614,1.0
magnitude-block4x4-90,magnitude,block4,0.8999969789833376,8775084.472564766,up_proj,1,csr,5,0.8999980725740131,0.06364183500409126,0.6518633005608407
magnitude-block4x4-90,magnitude,block4,0.8999969789833376,8775084.472564766,up_proj,1,csr_random,5,0.8999980725740131,0.06331410259008408,0.6548554753358098
magnitude-block4x4-90,magnitude,block4,0.8999969789833376,8775084.472564766,up_proj,1,csr_rowmajor,5,0.8999980725740131,0.06174591835588217,0.6720669290123327
magnitude-block4x4-90,magnitude,block4,0.8999969789833376,8775084.472564766,up_proj,1,dense,5,0.8999980725740131,0.04142960533499718,1.0
magnitude-block4x4-90,magnitude,block4,0.8999969789833376,8775084.472564766,up_proj,8,csr,5,0.8999980725740131,0.07605698192492127,1.3454353591482036
magnitude-block4x4-90,magnitude,block4,0.8999969789833376,8775084.472564766,up_proj,8,csr_random,5,0.8999980725740131,0.07658700924366713,1.3364750962096477
magnitude-block4x4-90,magnitude,block4,0.8999969789833376,8775084.472564766,up_proj,8,csr_rowmajor,5,0.8999980725740131,0.05688189994543791,1.797521165957661
magnitude-block4x4-90,magnitude,block4,0.8999969789833376,8775084.472564766,up_proj,8,dense,5,0.8999980725740131,0.10215709917247295,1.0
magnitude-block4x4-90,magnitude,block4,0.8999969789833376,8775084.472564766,up_proj,32,csr,5,0.8999980725740131,0.1436905818991363,3.1559403512557775
magnitude-block4x4-90,magnitude,block4,0.8999969789833376,8775084.472564766,up_proj,32,csr_random,5,0.8999980725740131,0.15205381205305457,2.982315253804351
magnitude-block4x4-90,magnitude,block4,0.8999969789833376,8775084.472564766,up_proj,32,csr_rowmajor,5,0.8999980725740131,0.0998311210423708,4.542560797627779
magnitude-block4x4-90,magnitude,block4,0.8999969789833376,8775084.472564766,up_proj,32,dense,5,0.8999980725740131,0.4534718464128673,1.0
magnitude-block4x4-90,magnitude,block4,0.8999969789833376,8775084.472564766,up_proj,128,csr,5,0.8999980725740131,0.45411838218569756,1.6911071819333228
magnitude-block4x4-90,magnitude,block4,0.8999969789833376,8775084.472564766,up_proj,128,csr_random,5,0.8999980725740131,0.47391727566719055,1.621922241930352
magnitude-block4x4-90,magnitude,block4,0.8999969789833376,8775084.472564766,up_proj,128,csr_rowmajor,5,0.8999980725740131,0.2843630383722484,2.701172952438101
magnitude-block4x4-90,magnitude,block4,0.8999969789833376,8775084.472564766,up_proj,128,dense,5,0.8999980725740131,0.767833087593317,1.0
magnitude-block4x4-90,magnitude,block4,0.8999969789833376,8775084.472564766,up_proj,512,csr,5,0.8999980725740131,2.086429006885737,1.0646740028120476
magnitude-block4x4-90,magnitude,block4,0.8999969789833376,8775084.472564766,up_proj,512,csr_random,5,0.8999980725740131,2.5433614035136998,0.8746424839883976
magnitude-block4x4-90,magnitude,block4,0.8999969789833376,8775084.472564766,up_proj,512,csr_rowmajor,5,0.8999980725740131,1.4105217880569398,1.5802241332634974
magnitude-block4x4-90,magnitude,block4,0.8999969789833376,8775084.472564766,up_proj,512,dense,5,0.8999980725740131,2.220160886645317,1.0
magnitude-block4x4-90,magnitude,block4,0.8999969789833376,8775084.472564766,v_proj,1,csr,5,0.8999720982142857,0.020410027354955673,0.3445054448776852
magnitude-block4x4-90,magnitude,block4,0.8999969789833376,8775084.472564766,v_proj,1,csr_random,5,0.8999720982142857,0.020377011969685555,0.3450628946276665
magnitude-block4x4-90,magnitude,block4,0.8999969789833376,8775084.472564766,v_proj,1,csr_rowmajor,5,0.8999720982142857,0.018601003102958202,0.3780079797851391
magnitude-block4x4-90,magnitude,block4,0.8999969789833376,8775084.472564766,v_proj,1,dense,5,0.8999720982142857,0.007031403947621584,1.0
magnitude-block4x4-90,magnitude,block4,0.8999969789833376,8775084.472564766,v_proj,8,csr,5,0.8999720982142857,0.035210419446229935,0.4895015710714825
magnitude-block4x4-90,magnitude,block4,0.8999969789833376,8775084.472564766,v_proj,8,csr_random,5,0.8999720982142857,0.035285588819533587,0.4884744773938785
magnitude-block4x4-90,magnitude,block4,0.8999969789833376,8775084.472564766,v_proj,8,csr_rowmajor,5,0.8999720982142857,0.017045577988028526,1.0110985261451002
magnitude-block4x4-90,magnitude,block4,0.8999969789833376,8775084.472564766,v_proj,8,dense,5,0.8999720982142857,0.017234194092452526,1.0
magnitude-block4x4-90,magnitude,block4,0.8999969789833376,8775084.472564766,v_proj,32,csr,5,0.8999720982142857,0.05864507984369993,0.37542727254952174
magnitude-block4x4-90,magnitude,block4,0.8999969789833376,8775084.472564766,v_proj,32,csr_random,5,0.8999720982142857,0.06198298651725054,0.3551477025517294
magnitude-block4x4-90,magnitude,block4,0.8999969789833376,8775084.472564766,v_proj,32,csr_rowmajor,5,0.8999720982142857,0.018332991749048233,1.2007373048908812
magnitude-block4x4-90,magnitude,block4,0.8999969789833376,8775084.472564766,v_proj,32,dense,5,0.8999720982142857,0.022012204863131046,1.0
magnitude-block4x4-90,magnitude,block4,0.8999969789833376,8775084.472564766,v_proj,128,csr,5,0.8999720982142857,0.1752314856275916,0.2517493911719184
magnitude-block4x4-90,magnitude,block4,0.8999969789833376,8775084.472564766,v_proj,128,csr_random,5,0.8999720982142857,0.18871099455282092,0.23370955392842896
magnitude-block4x4-90,magnitude,block4,0.8999969789833376,8775084.472564766,v_proj,128,csr_rowmajor,5,0.8999720982142857,0.02832920290529728,1.5572656344489249
magnitude-block4x4-90,magnitude,block4,0.8999969789833376,8775084.472564766,v_proj,128,dense,5,0.8999720982142857,0.044102221727371216,1.0
magnitude-block4x4-90,magnitude,block4,0.8999969789833376,8775084.472564766,v_proj,512,csr,5,0.8999720982142857,0.7041249540634453,0.14414506975566274
magnitude-block4x4-90,magnitude,block4,0.8999969789833376,8775084.472564766,v_proj,512,csr_random,5,0.8999720982142857,0.7625042577274144,0.13308958128104412
magnitude-block4x4-90,magnitude,block4,0.8999969789833376,8775084.472564766,v_proj,512,csr_rowmajor,5,0.8999720982142857,0.06902751047164202,1.470929761242844
magnitude-block4x4-90,magnitude,block4,0.8999969789833376,8775084.472564766,v_proj,512,dense,5,0.8999720982142857,0.10146728018298745,1.0
magnitude-nm1-4,magnitude,1:4,0.75,761637.0030216073,down_proj,1,csr,5,0.75,0.17039338126778603,0.2215916226420074
magnitude-nm1-4,magnitude,1:4,0.75,761637.0030216073,down_proj,1,csr_random,5,0.75,0.17050085589289665,0.22146529230925713
magnitude-nm1-4,magnitude,1:4,0.75,761637.0030216073,down_proj,1,csr_rowmajor,5,0.75,0.16845250502228737,0.2241471277524518
magnitude-nm1-4,magnitude,1:4,0.75,761637.0030216073,down_proj,1,dense,5,0.75,0.03775935620069504,1.0
magnitude-nm1-4,magnitude,1:4,0.75,761637.0030216073,down_proj,8,csr,5,0.75,0.18415339291095734,0.6364262738818434
magnitude-nm1-4,magnitude,1:4,0.75,761637.0030216073,down_proj,8,csr_random,5,0.75,0.18194522708654404,0.6441072901929416
magnitude-nm1-4,magnitude,1:4,0.75,761637.0030216073,down_proj,8,csr_rowmajor,5,0.75,0.09899307042360306,1.183411548531653
magnitude-nm1-4,magnitude,1:4,0.75,761637.0030216073,down_proj,8,dense,5,0.75,0.11716056615114212,1.0
magnitude-nm1-4,magnitude,1:4,0.75,761637.0030216073,down_proj,32,csr,5,0.75,0.418848916888237,0.5684912945293731
magnitude-nm1-4,magnitude,1:4,0.75,761637.0030216073,down_proj,32,csr_random,5,0.75,0.41565606370568275,0.5728601185638544
magnitude-nm1-4,magnitude,1:4,0.75,761637.0030216073,down_proj,32,csr_rowmajor,5,0.75,0.23067062720656395,1.0322939106147295
magnitude-nm1-4,magnitude,1:4,0.75,761637.0030216073,down_proj,32,dense,5,0.75,0.23811077699065208,1.0
magnitude-nm1-4,magnitude,1:4,0.75,761637.0030216073,down_proj,128,csr,5,0.75,1.9395061768591404,0.3108686357120574
magnitude-nm1-4,magnitude,1:4,0.75,761637.0030216073,down_proj,128,csr_random,5,0.75,1.9339369609951973,0.3117782161510945
magnitude-nm1-4,magnitude,1:4,0.75,761637.0030216073,down_proj,128,csr_rowmajor,5,0.75,1.2953086756169796,0.4670904713859021
magnitude-nm1-4,magnitude,1:4,0.75,761637.0030216073,down_proj,128,dense,5,0.75,0.6028554402291775,1.0
magnitude-nm1-4,magnitude,1:4,0.75,761637.0030216073,down_proj,512,csr,5,0.75,10.281667299568653,0.26408301133502426
magnitude-nm1-4,magnitude,1:4,0.75,761637.0030216073,down_proj,512,csr_random,5,0.75,10.216285102069378,0.26577078536850585
magnitude-nm1-4,magnitude,1:4,0.75,761637.0030216073,down_proj,512,csr_rowmajor,5,0.75,6.281724292784929,0.4322294223819726
magnitude-nm1-4,magnitude,1:4,0.75,761637.0030216073,down_proj,512,dense,5,0.75,2.7151262387633324,1.0
magnitude-nm1-4,magnitude,1:4,0.75,761637.0030216073,gate_proj,1,csr,5,0.75,0.13877945020794868,0.2595788994349642
magnitude-nm1-4,magnitude,1:4,0.75,761637.0030216073,gate_proj,1,csr_random,5,0.75,0.134942214936018,0.26672852626643934
magnitude-nm1-4,magnitude,1:4,0.75,761637.0030216073,gate_proj,1,csr_rowmajor,5,0.75,0.13650991022586823,0.2639160998076686
magnitude-nm1-4,magnitude,1:4,0.75,761637.0030216073,gate_proj,1,dense,5,0.75,0.035993196070194244,1.0
magnitude-nm1-4,magnitude,1:4,0.75,761637.0030216073,gate_proj,8,csr,5,0.75,0.12311935424804688,0.669568355575725
magnitude-nm1-4,magnitude,1:4,0.75,761637.0030216073,gate_proj,8,csr_random,5,0.75,0.1209750771522522,0.6807967650293503
magnitude-nm1-4,magnitude,1:4,0.75,761637.0030216073,gate_proj,8,csr_rowmajor,5,0.75,0.10248804464936256,0.8049710424868499
magnitude-nm1-4,magnitude,1:4,0.75,761637.0030216073,gate_proj,8,dense,5,0.75,0.08233096450567245,1.0
magnitude-nm1-4,magnitude,1:4,0.75,761637.0030216073,gate_proj,32,csr,5,0.75,0.2556541934609413,0.9079581677643663
magnitude-nm1-4,magnitude,1:4,0.75,761637.0030216073,gate_proj,32,csr_random,5,0.75,0.25173667818307877,0.9220992025610955
magnitude-nm1-4,magnitude,1:4,0.75,761637.0030216073,gate_proj,32,csr_rowmajor,5,0.75,0.21188212558627129,1.095620704563026
magnitude-nm1-4,magnitude,1:4,0.75,761637.0030216073,gate_proj,32,dense,5,0.75,0.23211603984236717,1.0
magnitude-nm1-4,magnitude,1:4,0.75,761637.0030216073,gate_proj,128,csr,5,0.75,0.9476006031036377,0.7781414976564066
magnitude-nm1-4,magnitude,1:4,0.75,761637.0030216073,gate_proj,128,csr_random,5,0.75,0.9071819484233856,0.8140952857525
magnitude-nm1-4,magnitude,1:4,0.75,761637.0030216073,gate_proj,128,csr_rowmajor,5,0.75,0.8796989917755127,0.8385920215272071
magnitude-nm1-4,magnitude,1:4,0.75,761637.0030216073,gate_proj,128,dense,5,0.75,0.7370892912149429,1.0
magnitude-nm1-4,magnitude,1:4,0.75,761637.0030216073,gate_proj,512,csr,5,0.75,4.245413187891245,0.5267663168818167
magnitude-nm1-4,magnitude,1:4,0.75,761637.0030216073,gate_proj,512,csr_random,5,0.75,4.239971190690994,0.5274954735437365
magnitude-nm1-4,magnitude,1:4,0.75,761637.0030216073,gate_proj,512,csr_rowmajor,5,0.75,3.9344971999526024,0.5660527671203035
magnitude-nm1-4,magnitude,1:4,0.75,761637.0030216073,gate_proj,512,dense,5,0.75,2.2258859127759933,1.0
magnitude-nm1-4,magnitude,1:4,0.75,761637.0030216073,k_proj,1,csr,5,0.75,0.026810728013515472,0.26135369943944053
magnitude-nm1-4,magnitude,1:4,0.75,761637.0030216073,k_proj,1,csr_random,5,0.75,0.027068890631198883,0.2589246444686658
magnitude-nm1-4,magnitude,1:4,0.75,761637.0030216073,k_proj,1,csr_rowmajor,5,0.75,0.02504698932170868,0.2797687853867711
magnitude-nm1-4,magnitude,1:4,0.75,761637.0030216073,k_proj,1,dense,5,0.75,0.007006898522377014,1.0
magnitude-nm1-4,magnitude,1:4,0.75,761637.0030216073,k_proj,8,csr,5,0.75,0.04230588674545288,0.27619350923723096
magnitude-nm1-4,magnitude,1:4,0.75,761637.0030216073,k_proj,8,csr_random,5,0.75,0.04245936870574951,0.2752452780442388
magnitude-nm1-4,magnitude,1:4,0.75,761637.0030216073,k_proj,8,csr_rowmajor,5,0.75,0.023448560386896133,0.4982640751575527
magnitude-nm1-4,magnitude,1:4,0.75,761637.0030216073,k_proj,8,dense,5,0.75,0.011683441698551178,1.0
magnitude-nm1-4,magnitude,1:4,0.75,761637.0030216073,k_proj,32,csr,5,0.75,0.06737606599926949,0.23964654834716528
magnitude-nm1-4,magnitude,1:4,0.75,761637.0030216073,k_proj,32,csr_random,5,0.75,0.06801765412092209,0.23737662164204967
magnitude-nm1-4,magnitude,1:4,0.75,761637.0030216073,k_proj,32,csr_rowmajor,5,0.75,0.02605300396680832,0.6197154845414575
magnitude-nm1-4,magnitude,1:4,0.75,761637.0030216073,k_proj,32,dense,5,0.75,0.016144849359989166,1.0
magnitude-nm1-4,magnitude,1:4,0.75,761637.0030216073,k_proj,128,csr,5,0.75,0.20540552213788033,0.1563521013484532
magnitude-nm1-4,magnitude,1:4,0.75,761637.0030216073,k_proj,128,csr_random,5,0.75,0.20645949989557266,0.15556436243066202
magnitude-nm1-4,magnitude,1:4,0.75,761637.0030216073,k_proj,128,csr_rowmajor,5,0.75,0.04268838092684746,0.7523601948011116
magnitude-nm1-4,magnitude,1:4,0.75,761637.0030216073,k_proj,128,dense,5,0.75,0.032115355134010315,1.0
magnitude-nm1-4,magnitude,1:4,0.75,761637.0030216073,k_proj,512,csr,5,0.75,0.8527679368853569,0.09308427742247809
magnitude-nm1-4,magnitude,1:4,0.75,761637.0030216073,k_proj,512,csr_random,5,0.75,0.8634052239358425,0.09192148548530968
magnitude-nm1-4,magnitude,1:4,0.75,761637.0030216073,k_proj,512,csr_rowmajor,5,0.75,0.14466596767306328,0.5487739316538143
magnitude-nm1-4,magnitude,1:4,0.75,761637.0030216073,k_proj,512,dense,5,0.75,0.079360231757164,1.0
magnitude-nm1-4,magnitude,1:4,0.75,761637.0030216073,o_proj,1,csr,5,0.75,0.04418082535266876,0.26258513052613175
magnitude-nm1-4,magnitude,1:4,0.75,761637.0030216073,o_proj,1,csr_random,5,0.75,0.04371032118797302,0.26538468817332395
magnitude-nm1-4,magnitude,1:4,0.75,761637.0030216073,o_proj,1,csr_rowmajor,5,0.75,0.042182113975286484,0.274974869613006
magnitude-nm1-4,magnitude,1:4,0.75,761637.0030216073,o_proj,1,dense,5,0.75,0.011592824012041092,1.0
magnitude-nm1-4,magnitude,1:4,0.75,761637.0030216073,o_proj,8,csr,5,0.75,0.05276501178741455,0.63070244702312
magnitude-nm1-4,magnitude,1:4,0.75,761637.0030216073,o_proj,8,csr_random,5,0.75,0.052393414080142975,0.6351150158161999
magnitude-nm1-4,magnitude,1:4,0.75,761637.0030216073,o_proj,8,csr_rowmajor,5,0.75,0.03306213766336441,1.0063458730411101
magnitude-nm1-4,magnitude,1:4,0.75,761637.0030216073,o_proj,8,dense,5,0.75,0.03327131271362305,1.0
magnitude-nm1-4,magnitude,1:4,0.75,761637.0030216073,o_proj,32,csr,5,0.75,0.10274043306708336,0.5096434862414978
magnitude-nm1-4,magnitude,1:4,0.75,761637.0030216073,o_proj,32,csr_random,5,0.75,0.10214624926447868,0.5125925103748549
magnitude-nm1-4,magnitude,1:4,0.75,761637.0030216073,o_proj,32,csr_rowmajor,5,0.75,0.05843639373779297,0.8960258397178691
magnitude-nm1-4,magnitude,1:4,0.75,761637.0030216073,o_proj,32,dense,5,0.75,0.052359141409397125,1.0
magnitude-nm1-4,magnitude,1:4,0.75,761637.0030216073,o_proj,128,csr,5,0.75,0.3363296389579773,0.38247871430999525
magnitude-nm1-4,magnitude,1:4,0.75,761637.0030216073,o_proj,128,csr_random,5,0.75,0.33424263820052147,0.3848190877131681
magnitude-nm1-4,magnitude,1:4,0.75,761637.0030216073,o_proj,128,csr_rowmajor,5,0.75,0.16835695132613182,0.7680224940991048
magnitude-nm1-4,magnitude,1:4,0.75,761637.0030216073,o_proj,128,dense,5,0.75,0.12856833636760712,1.0
magnitude-nm1-4,magnitude,1:4,0.75,761637.0030216073,o_proj,512,csr,5,0.75,1.4726964756846428,0.3005035785282021
magnitude-nm1-4,magnitude,1:4,0.75,761637.0030216073,o_proj,512,csr_random,5,0.75,1.4996329322457314,0.294791087172007
magnitude-nm1-4,magnitude,1:4,0.75,761637.0030216073,o_proj,512,csr_rowmajor,5,0.75,0.7929914630949497,0.5648915621124192
magnitude-nm1-4,magnitude,1:4,0.75,761637.0030216073,o_proj,512,dense,5,0.75,0.4410875029861927,1.0
magnitude-nm1-4,magnitude,1:4,0.75,761637.0030216073,q_proj,1,csr,5,0.75,0.04451293498277664,0.2601829938376864
magnitude-nm1-4,magnitude,1:4,0.75,761637.0030216073,q_proj,1,csr_random,5,0.75,0.044096726924180984,0.2625806025940365
magnitude-nm1-4,magnitude,1:4,0.75,761637.0030216073,q_proj,1,csr_rowmajor,5,0.75,0.04273839294910431,0.27099112708973694
magnitude-nm1-4,magnitude,1:4,0.75,761637.0030216073,q_proj,1,dense,5,0.75,0.011570192873477936,1.0
magnitude-nm1-4,magnitude,1:4,0.75,761637.0030216073,q_proj,8,csr,5,0.75,0.05275998264551163,0.6307254552143575
magnitude-nm1-4,magnitude,1:4,0.75,761637.0030216073,q_proj,8,csr_random,5,0.75,0.052192527800798416,0.6375551374668967
magnitude-nm1-4,magnitude,1:4,0.75,761637.0030216073,q_proj,8,csr_rowmajor,5,0.75,0.033492688089609146,0.993460488585484
magnitude-nm1-4,magnitude,1:4,0.75,761637.0030216073,q_proj,8,dense,5,0.75,0.03326497972011566,1.0
magnitude-nm1-4,magnitude,1:4,0.75,761637.0030216073,q_proj,32,csr,5,0.75,0.10247109457850456,0.5107920541186747
magnitude-nm1-4,magnitude,1:4,0.75,761637.0030216073,q_proj,32,csr_random,5,0.75,0.102210883051157,0.5120674516745809
magnitude-nm1-4,magnitude,1:4,0.75,761637.0030216073,q_proj,32,csr_rowmajor,5,0.75,0.058446917682886124,0.8955067194211284
magnitude-nm1-4,magnitude,1:4,0.75,761637.0030216073,q_proj,32,dense,5,0.75,0.05233846604824066,1.0
magnitude-nm1-4,magnitude,1:4,0.75,761637.0030216073,q_proj,128,csr,5,0.75,0.3311355598270893,0.3884981786503789
magnitude-nm1-4,magnitude,1:4,0.75,761637.0030216073,q_proj,128,csr_random,5,0.75,0.3297419287264347,0.39012825493670067
magnitude-nm1-4,magnitude,1:4,0.75,761637.0030216073,q_proj,128,csr_rowmajor,5,0.75,0.16886182129383087,0.7635086494760746
magnitude-nm1-4,magnitude,1:4,0.75,761637.0030216073,q_proj,128,dense,5,0.75,0.1286149024963379,1.0
magnitude-nm1-4,magnitude,1:4,0.75,761637.0030216073,q_proj,512,csr,5,0.75,1.3502564281225204,0.32655146572635435
magnitude-nm1-4,magnitude,1:4,0.75,761637.0030216073,q_proj,512,csr_random,5,0.75,1.361878588795662,0.323586782478239
magnitude-nm1-4,magnitude,1:4,0.75,761637.0030216073,q_proj,512,csr_rowmajor,5,0.75,0.8240259252488613,0.534254513205268
magnitude-nm1-4,magnitude,1:4,0.75,761637.0030216073,q_proj,512,dense,5,0.75,0.44011184945702553,1.0
magnitude-nm1-4,magnitude,1:4,0.75,761637.0030216073,up_proj,1,csr,5,0.75,0.13309577479958534,0.27017762798371
magnitude-nm1-4,magnitude,1:4,0.75,761637.0030216073,up_proj,1,csr_random,5,0.75,0.13393647968769073,0.2684815217474345
magnitude-nm1-4,magnitude,1:4,0.75,761637.0030216073,up_proj,1,csr_rowmajor,5,0.75,0.13073459267616272,0.2750510405683387
magnitude-nm1-4,magnitude,1:4,0.75,761637.0030216073,up_proj,1,dense,5,0.75,0.035959482192993164,1.0
magnitude-nm1-4,magnitude,1:4,0.75,761637.0030216073,up_proj,8,csr,5,0.75,0.11922447010874748,0.6783334512744058
magnitude-nm1-4,magnitude,1:4,0.75,761637.0030216073,up_proj,8,csr_random,5,0.75,0.11938260868191719,0.6779364197090345
magnitude-nm1-4,magnitude,1:4,0.75,761637.0030216073,up_proj,8,csr_rowmajor,5,0.75,0.09763985872268677,0.8294052599140941
magnitude-nm1-4,magnitude,1:4,0.75,761637.0030216073,up_proj,8,dense,5,0.75,0.08089262992143631,1.0
magnitude-nm1-4,magnitude,1:4,0.75,761637.0030216073,up_proj,32,csr,5,0.75,0.2540266141295433,0.9140253636060094
magnitude-nm1-4,magnitude,1:4,0.75,761637.0030216073,up_proj,32,csr_random,5,0.75,0.25050994008779526,0.9268529820172591
magnitude-nm1-4,magnitude,1:4,0.75,761637.0030216073,up_proj,32,csr_rowmajor,5,0.75,0.20906003192067146,1.1106028240250314
magnitude-nm1-4,magnitude,1:4,0.75,761637.0030216073,up_proj,32,dense,5,0.75,0.23218262940645218,1.0
magnitude-nm1-4,magnitude,1:4,0.75,761637.0030216073,up_proj,128,csr,5,0.75,0.9601129218935966,0.7779045797270607
magnitude-nm1-4,magnitude,1:4,0.75,761637.0030216073,up_proj,128,csr_random,5,0.75,0.9062860161066055,0.8257520603121545
magnitude-nm1-4,magnitude,1:4,0.75,761637.0030216073,up_proj,128,csr_rowmajor,5,0.75,0.8668432012200356,0.8614479935877407
magnitude-nm1-4,magnitude,1:4,0.75,761637.0030216073,up_proj,128,dense,5,0.75,0.7467515766620636,1.0
magnitude-nm1-4,magnitude,1:4,0.75,761637.0030216073,up_proj,512,csr,5,0.75,4.332584235817194,0.5177356150501533
magnitude-nm1-4,magnitude,1:4,0.75,761637.0030216073,up_proj,512,csr_random,5,0.75,4.289154428988695,0.5232221161667312
magnitude-nm1-4,magnitude,1:4,0.75,761637.0030216073,up_proj,512,csr_rowmajor,5,0.75,3.5569725558161736,0.6315480520193341
magnitude-nm1-4,magnitude,1:4,0.75,761637.0030216073,up_proj,512,dense,5,0.75,2.2367361932992935,1.0
magnitude-nm1-4,magnitude,1:4,0.75,761637.0030216073,v_proj,1,csr,5,0.75,0.026810821145772934,0.2598768213128653
magnitude-nm1-4,magnitude,1:4,0.75,761637.0030216073,v_proj,1,csr_random,5,0.75,0.026821158826351166,0.25978511067686627
magnitude-nm1-4,magnitude,1:4,0.75,761637.0030216073,v_proj,1,csr_rowmajor,5,0.75,0.025051739066839218,0.27811971684020004
magnitude-nm1-4,magnitude,1:4,0.75,761637.0030216073,v_proj,1,dense,5,0.75,0.006967410445213318,1.0
magnitude-nm1-4,magnitude,1:4,0.75,761637.0030216073,v_proj,8,csr,5,0.75,0.042241159826517105,0.2763417566580839
magnitude-nm1-4,magnitude,1:4,0.75,761637.0030216073,v_proj,8,csr_random,5,0.75,0.04225829616189003,0.2762097961612554
magnitude-nm1-4,magnitude,1:4,0.75,761637.0030216073,v_proj,8,csr_rowmajor,5,0.75,0.02332981675863266,0.50028097223069
magnitude-nm1-4,magnitude,1:4,0.75,761637.0030216073,v_proj,8,dense,5,0.75,0.011671334505081177,1.0
magnitude-nm1-4,magnitude,1:4,0.75,761637.0030216073,v_proj,32,csr,5,0.75,0.0677056610584259,0.2386964348901706
magnitude-nm1-4,magnitude,1:4,0.75,761637.0030216073,v_proj,32,csr_random,5,0.75,0.06761495023965836,0.2390012032139048
magnitude-nm1-4,magnitude,1:4,0.75,761637.0030216073,v_proj,32,csr_rowmajor,5,0.75,0.026118289679288864,0.6187268166921407
magnitude-nm1-4,magnitude,1:4,0.75,761637.0030216073,v_proj,32,dense,5,0.75,0.016159843653440475,1.0
magnitude-nm1-4,magnitude,1:4,0.75,761637.0030216073,v_proj,128,csr,5,0.75,0.21196864545345306,0.15181375380315112
magnitude-nm1-4,magnitude,1:4,0.75,761637.0030216073,v_proj,128,csr_random,5,0.75,0.21238140761852264,0.15151044934591545
magnitude-nm1-4,magnitude,1:4,0.75,761637.0030216073,v_proj,128,csr_rowmajor,5,0.75,0.04476616159081459,0.7202342797617259
magnitude-nm1-4,magnitude,1:4,0.75,761637.0030216073,v_proj,128,dense,5,0.75,0.03217477351427078,1.0
magnitude-nm1-4,magnitude,1:4,0.75,761637.0030216073,v_proj,512,csr,5,0.75,0.8518432267010212,0.09629478739066948
magnitude-nm1-4,magnitude,1:4,0.75,761637.0030216073,v_proj,512,csr_random,5,0.75,0.8657706901431084,0.09474580629510689
magnitude-nm1-4,magnitude,1:4,0.75,761637.0030216073,v_proj,512,csr_rowmajor,5,0.75,0.14400063082575798,0.5697105725373356
magnitude-nm1-4,magnitude,1:4,0.75,761637.0030216073,v_proj,512,dense,5,0.75,0.08202530443668365,1.0
magnitude-nm2-4,magnitude,2:4,0.5,6297.16884451949,down_proj,1,csr,5,0.5,0.3756500780582428,0.1034957413552764
magnitude-nm2-4,magnitude,2:4,0.5,6297.16884451949,down_proj,1,csr_random,5,0.5,0.3738846629858017,0.10397381017468635
magnitude-nm2-4,magnitude,2:4,0.5,6297.16884451949,down_proj,1,csr_rowmajor,5,0.5,0.37128813564777374,0.1047137155235147
magnitude-nm2-4,magnitude,2:4,0.5,6297.16884451949,down_proj,1,dense,5,0.5,0.03887340426445007,1.0
magnitude-nm2-4,magnitude,2:4,0.5,6297.16884451949,down_proj,8,csr,5,0.5,0.35171695053577423,0.3715722749326058
magnitude-nm2-4,magnitude,2:4,0.5,6297.16884451949,down_proj,8,csr_random,5,0.5,0.34887492656707764,0.37447786829407953
magnitude-nm2-4,magnitude,2:4,0.5,6297.16884451949,down_proj,8,csr_rowmajor,5,0.5,0.2717740833759308,0.4810789333563212
magnitude-nm2-4,magnitude,2:4,0.5,6297.16884451949,down_proj,8,dense,5,0.5,0.13063959777355194,1.0
magnitude-nm2-4,magnitude,2:4,0.5,6297.16884451949,down_proj,32,csr,5,0.5,0.7691629230976105,0.3140448503864877
magnitude-nm2-4,magnitude,2:4,0.5,6297.16884451949,down_proj,32,csr_random,5,0.5,0.7939226925373077,0.30364573218286917
magnitude-nm2-4,magnitude,2:4,0.5,6297.16884451949,down_proj,32,csr_rowmajor,5,0.5,0.48719756305217743,0.4920176802046447
magnitude-nm2-4,magnitude,2:4,0.5,6297.16884451949,down_proj,32,dense,5,0.5,0.23970454931259155,1.0
magnitude-nm2-4,magnitude,2:4,0.5,6297.16884451949,down_proj,128,csr,5,0.5,5.611800029873848,0.1089742012442945
magnitude-nm2-4,magnitude,2:4,0.5,6297.16884451949,down_proj,128,csr_random,5,0.5,5.459277331829071,0.112029430871952
magnitude-nm2-4,magnitude,2:4,0.5,6297.16884451949,down_proj,128,csr_rowmajor,5,0.5,4.677849262952805,0.13074345665509246
magnitude-nm2-4,magnitude,2:4,0.5,6297.16884451949,down_proj,128,dense,5,0.5,0.6112966686487198,1.0
magnitude-nm2-4,magnitude,2:4,0.5,6297.16884451949,down_proj,512,csr,5,0.5,21.064501255750656,0.13001719345953952
magnitude-nm2-4,magnitude,2:4,0.5,6297.16884451949,down_proj,512,csr_random,5,0.5,21.138787642121315,0.12952136263455183
magnitude-nm2-4,magnitude,2:4,0.5,6297.16884451949,down_proj,512,csr_rowmajor,5,0.5,17.54320152103901,0.15600288514918267
magnitude-nm2-4,magnitude,2:4,0.5,6297.16884451949,down_proj,512,dense,5,0.5,2.736584097146988,1.0
magnitude-nm2-4,magnitude,2:4,0.5,6297.16884451949,gate_proj,1,csr,5,0.5,0.3390766680240631,0.11109186171917962
magnitude-nm2-4,magnitude,2:4,0.5,6297.16884451949,gate_proj,1,csr_random,5,0.5,0.33700838685035706,0.11177025844253416
magnitude-nm2-4,magnitude,2:4,0.5,6297.16884451949,gate_proj,1,csr_rowmajor,5,0.5,0.3361966460943222,0.11201793836940753
magnitude-nm2-4,magnitude,2:4,0.5,6297.16884451949,gate_proj,1,dense,5,0.5,0.03765299916267395,1.0
magnitude-nm2-4,magnitude,2:4,0.5,6297.16884451949,gate_proj,8,csr,5,0.5,0.28002411127090454,0.3148339123387016
magnitude-nm2-4,magnitude,2:4,0.5,6297.16884451949,gate_proj,8,csr_random,5,0.5,0.2834513783454895,0.3109719498654768
magnitude-nm2-4,magnitude,2:4,0.5,6297.16884451949,gate_proj,8,csr_rowmajor,5,0.5,0.25768205523490906,0.3421159242812439
magnitude-nm2-4,magnitude,2:4,0.5,6297.16884451949,gate_proj,8,dense,5,0.5,0.0881098210811615,1.0
magnitude-nm2-4,magnitude,2:4,0.5,6297.16884451949,gate_proj,32,csr,5,0.5,0.5246154963970184,0.44255586910065736
magnitude-nm2-4,magnitude,2:4,0.5,6297.16884451949,gate_proj,32,csr_random,5,0.5,0.5190007388591766,0.44738668348042165
magnitude-nm2-4,magnitude,2:4,0.5,6297.16884451949,gate_proj,32,csr_rowmajor,5,0.5,0.48147402703762054,0.4822095310762463
magnitude-nm2-4,magnitude,2:4,0.5,6297.16884451949,gate_proj,32,dense,5,0.5,0.23217126727104187,1.0
magnitude-nm2-4,magnitude,2:4,0.5,6297.16884451949,gate_proj,128,csr,5,0.5,1.753370463848114,0.43255887853228064
magnitude-nm2-4,magnitude,2:4,0.5,6297.16884451949,gate_proj,128,csr_random,5,0.5,1.7318479716777802,0.437909652699236
magnitude-nm2-4,magnitude,2:4,0.5,6297.16884451949,gate_proj,128,csr_rowmajor,5,0.5,1.5584640204906464,0.4871483905078381
magnitude-nm2-4,magnitude,2:4,0.5,6297.16884451949,gate_proj,128,dense,5,0.5,0.758371502161026,1.0
magnitude-nm2-4,magnitude,2:4,0.5,6297.16884451949,gate_proj,512,csr,5,0.5,9.840353950858116,0.23569818283888017
magnitude-nm2-4,magnitude,2:4,0.5,6297.16884451949,gate_proj,512,csr_random,5,0.5,9.929333254694939,0.23372493410817438
magnitude-nm2-4,magnitude,2:4,0.5,6297.16884451949,gate_proj,512,csr_rowmajor,5,0.5,8.174881711602211,0.2718135906602718
magnitude-nm2-4,magnitude,2:4,0.5,6297.16884451949,gate_proj,512,dense,5,0.5,2.217688038945198,1.0
magnitude-nm2-4,magnitude,2:4,0.5,6297.16884451949,k_proj,1,csr,5,0.5,0.0298328697681427,0.23576291648609202
magnitude-nm2-4,magnitude,2:4,0.5,6297.16884451949,k_proj,1,csr_random,5,0.5,0.02958551049232483,0.23770898684094294
magnitude-nm2-4,magnitude,2:4,0.5,6297.16884451949,k_proj,1,csr_rowmajor,5,0.5,0.027732551097869873,0.25361748375849974
magnitude-nm2-4,magnitude,2:4,0.5,6297.16884451949,k_proj,1,dense,5,0.5,0.007032603025436401,1.0
magnitude-nm2-4,magnitude,2:4,0.5,6297.16884451949,k_proj,8,csr,5,0.5,0.0444166362285614,0.26458613145571586
magnitude-nm2-4,magnitude,2:4,0.5,6297.16884451949,k_proj,8,csr_random,5,0.5,0.04451870918273926,0.26397579240082486
magnitude-nm2-4,magnitude,2:4,0.5,6297.16884451949,k_proj,8,csr_rowmajor,5,0.5,0.025285780429840088,0.4647413565833299
magnitude-nm2-4,magnitude,2:4,0.5,6297.16884451949,k_proj,8,dense,5,0.5,0.011751055717468262,1.0
magnitude-nm2-4,magnitude,2:4,0.5,6297.16884451949,k_proj,32,csr,5,0.5,0.07216222584247589,0.22554761362632492
magnitude-nm2-4,magnitude,2:4,0.5,6297.16884451949,k_proj,32,csr_random,5,0.5,0.07213950157165527,0.225618567461374
magnitude-nm2-4,magnitude,2:4,0.5,6297.16884451949,k_proj,32,csr_rowmajor,5,0.5,0.03020167350769043,0.5389115372733593
magnitude-nm2-4,magnitude,2:4,0.5,6297.16884451949,k_proj,32,dense,5,0.5,0.016275793313980103,1.0
magnitude-nm2-4,magnitude,2:4,0.5,6297.16884451949,k_proj,128,csr,5,0.5,0.23177452385425568,0.13979893350427192
magnitude-nm2-4,magnitude,2:4,0.5,6297.16884451949,k_proj,128,csr_random,5,0.5,0.23422203958034515,0.13836491020770086
magnitude-nm2-4,magnitude,2:4,0.5,6297.16884451949,k_proj,128,csr_rowmajor,5,0.5,0.06341971457004547,0.5118364138913656
magnitude-nm2-4,magnitude,2:4,0.5,6297.16884451949,k_proj,128,dense,5,0.5,0.03239661455154419,1.0
magnitude-nm2-4,magnitude,2:4,0.5,6297.16884451949,k_proj,512,csr,5,0.5,0.9799517691135406,0.08337862863724604
magnitude-nm2-4,magnitude,2:4,0.5,6297.16884451949,k_proj,512,csr_random,5,0.5,0.9836029261350632,0.0830696594309875
magnitude-nm2-4,magnitude,2:4,0.5,6297.16884451949,k_proj,512,csr_rowmajor,5,0.5,0.2727467566728592,0.3022249007253199
magnitude-nm2-4,magnitude,2:4,0.5,6297.16884451949,k_proj,512,dense,5,0.5,0.08169636130332947,1.0
magnitude-nm2-4,magnitude,2:4,0.5,6297.16884451949,o_proj,1,csr,5,0.5,0.06785169243812561,0.17340893882718778
magnitude-nm2-4,magnitude,2:4,0.5,6297.16884451949,o_proj,1,csr_random,5,0.5,0.06585754454135895,0.17864944664786223
magnitude-nm2-4,magnitude,2:4,0.5,6297.16884451949,o_proj,1,csr_rowmajor,5,0.5,0.06558038294315338,0.17942783043111973
magnitude-nm2-4,magnitude,2:4,0.5,6297.16884451949,o_proj,1,dense,5,0.5,0.01176297664642334,1.0
magnitude-nm2-4,magnitude,2:4,0.5,6297.16884451949,o_proj,8,csr,5,0.5,0.06475299596786499,0.5138830430853819
magnitude-nm2-4,magnitude,2:4,0.5,6297.16884451949,o_proj,8,csr_random,5,0.5,0.06496980786323547,0.5121845746669601
magnitude-nm2-4,magnitude,2:4,0.5,6297.16884451949,o_proj,8,csr_rowmajor,5,0.5,0.04485920071601868,0.7417387782128728
magnitude-nm2-4,magnitude,2:4,0.5,6297.16884451949,o_proj,8,dense,5,0.5,0.033273547887802124,1.0
magnitude-nm2-4,magnitude,2:4,0.5,6297.16884451949,o_proj,32,csr,5,0.5,0.1362886279821396,0.3862893932857026
magnitude-nm2-4,magnitude,2:4,0.5,6297.16884451949,o_proj,32,csr_random,5,0.5,0.13631917536258698,0.3861941099949862
magnitude-nm2-4,magnitude,2:4,0.5,6297.16884451949,o_proj,32,csr_rowmajor,5,0.5,0.09296461939811707,0.5663075486906683
magnitude-nm2-4,magnitude,2:4,0.5,6297.16884451949,o_proj,32,dense,5,0.5,0.05264505743980408,1.0
magnitude-nm2-4,magnitude,2:4,0.5,6297.16884451949,o_proj,128,csr,5,0.5,0.453045591711998,0.28706151250792794
magnitude-nm2-4,magnitude,2:4,0.5,6297.16884451949,o_proj,128,csr_random,5,0.5,0.4529982805252075,0.28710324020637734
magnitude-nm2-4,magnitude,2:4,0.5,6297.16884451949,o_proj,128,csr_rowmajor,5,0.5,0.28923749923706055,0.45024334146845063
magnitude-nm2-4,magnitude,2:4,0.5,6297.16884451949,o_proj,128,dense,5,0.5,0.13002678751945496,1.0
magnitude-nm2-4,magnitude,2:4,0.5,6297.16884451949,o_proj,512,csr,5,0.5,2.1281063556671143,0.21222634848320893
magnitude-nm2-4,magnitude,2:4,0.5,6297.16884451949,o_proj,512,csr_random,5,0.5,2.135642245411873,0.21154912610123086
magnitude-nm2-4,magnitude,2:4,0.5,6297.16884451949,o_proj,512,csr_rowmajor,5,0.5,1.5628382563591003,0.28977439885615447
magnitude-nm2-4,magnitude,2:4,0.5,6297.16884451949,o_proj,512,dense,5,0.5,0.45100413262844086,1.0
magnitude-nm2-4,magnitude,2:4,0.5,6297.16884451949,q_proj,1,csr,5,0.5,0.06601549685001373,0.17777123683395266
magnitude-nm2-4,magnitude,2:4,0.5,6297.16884451949,q_proj,1,csr_random,5,0.5,0.06492659449577332,0.18071556723656043
magnitude-nm2-4,magnitude,2:4,0.5,6297.16884451949,q_proj,1,csr_rowmajor,5,0.5,0.06417110562324524,0.18287073292520586
magnitude-nm2-4,magnitude,2:4,0.5,6297.16884451949,q_proj,1,dense,5,0.5,0.011729449033737183,1.0
magnitude-nm2-4,magnitude,2:4,0.5,6297.16884451949,q_proj,8,csr,5,0.5,0.06452575325965881,0.5163647969475393
magnitude-nm2-4,magnitude,2:4,0.5,6297.16884451949,q_proj,8,csr_random,5,0.5,0.06470233201980591,0.5149085303951018
magnitude-nm2-4,magnitude,2:4,0.5,6297.16884451949,q_proj,8,csr_rowmajor,5,0.5,0.04482045769691467,0.74333265977083
magnitude-nm2-4,magnitude,2:4,0.5,6297.16884451949,q_proj,8,dense,5,0.5,0.03331378102302551,1.0
magnitude-nm2-4,magnitude,2:4,0.5,6297.16884451949,q_proj,32,csr,5,0.5,0.13613514602184296,0.387197341991272
magnitude-nm2-4,magnitude,2:4,0.5,6297.16884451949,q_proj,32,csr_random,5,0.5,0.13596601784229279,0.38767580144945485
magnitude-nm2-4,magnitude,2:4,0.5,6297.16884451949,q_proj,32,csr_rowmajor,5,0.5,0.09269379079341888,0.5686401960440184
magnitude-nm2-4,magnitude,2:4,0.5,6297.16884451949,q_proj,32,dense,5,0.5,0.05270838737487793,1.0
magnitude-nm2-4,magnitude,2:4,0.5,6297.16884451949,q_proj,128,csr,5,0.5,0.45646466314792633,0.2850267045699899
magnitude-nm2-4,magnitude,2:4,0.5,6297.16884451949,q_proj,128,csr_random,5,0.5,0.4561416804790497,0.2852255881318187
magnitude-nm2-4,magnitude,2:4,0.5,6297.16884451949,q_proj,128,csr_rowmajor,5,0.5,0.28402097523212433,0.4583765485584353
magnitude-nm2-4,magnitude,2:4,0.5,6297.16884451949,q_proj,128,dense,5,0.5,0.13004951179027557,1.0
magnitude-nm2-4,magnitude,2:4,0.5,6297.16884451949,q_proj,512,csr,5,0.5,2.035229280591011,0.2211710711791738
magnitude-nm2-4,magnitude,2:4,0.5,6297.16884451949,q_proj,512,csr_random,5,0.5,2.088434249162674,0.21569717577066955
magnitude-nm2-4,magnitude,2:4,0.5,6297.16884451949,q_proj,512,csr_rowmajor,5,0.5,1.5529531985521317,0.2941535581950405
magnitude-nm2-4,magnitude,2:4,0.5,6297.16884451949,q_proj,512,dense,5,0.5,0.4495028406381607,1.0
magnitude-nm2-4,magnitude,2:4,0.5,6297.16884451949,up_proj,1,csr,5,0.5,0.33744536340236664,0.11009508169310177
magnitude-nm2-4,magnitude,2:4,0.5,6297.16884451949,up_proj,1,csr_random,5,0.5,0.34060999751091003,0.10905616481389227
magnitude-nm2-4,magnitude,2:4,0.5,6297.16884451949,up_proj,1,csr_rowmajor,5,0.5,0.33496953547000885,0.11090425890805305
magnitude-nm2-4,magnitude,2:4,0.5,6297.16884451949,up_proj,1,dense,5,0.5,0.03714263439178467,1.0
magnitude-nm2-4,magnitude,2:4,0.5,6297.16884451949,up_proj,8,csr,5,0.5,0.28169192373752594,0.3064383713762569
magnitude-nm2-4,magnitude,2:4,0.5,6297.16884451949,up_proj,8,csr_random,5,0.5,0.2858605235815048,0.301761099003298
magnitude-nm2-4,magnitude,2:4,0.5,6297.16884451949,up_proj,8,csr_rowmajor,5,0.5,0.26038773357868195,0.3314633524114767
magnitude-nm2-4,magnitude,2:4,0.5,6297.16884451949,up_proj,8,dense,5,0.5,0.08625388145446777,1.0
magnitude-nm2-4,magnitude,2:4,0.5,6297.16884451949,up_proj,32,csr,5,0.5,0.5253676325082779,0.4423757812144589
magnitude-nm2-4,magnitude,2:4,0.5,6297.16884451949,up_proj,32,csr_random,5,0.5,0.5215827375650406,0.44558500910982374
magnitude-nm2-4,magnitude,2:4,0.5,6297.16884451949,up_proj,32,csr_rowmajor,5,0.5,0.48261769115924835,0.4815531405786118
magnitude-nm2-4,magnitude,2:4,0.5,6297.16884451949,up_proj,32,dense,5,0.5,0.23240596055984497,1.0
magnitude-nm2-4,magnitude,2:4,0.5,6297.16884451949,up_proj,128,csr,5,0.5,1.6891580075025558,0.44714827045357164
magnitude-nm2-4,magnitude,2:4,0.5,6297.16884451949,up_proj,128,csr_random,5,0.5,1.672469824552536,0.451634136668862
magnitude-nm2-4,magnitude,2:4,0.5,6297.16884451949,up_proj,128,csr_rowmajor,5,0.5,1.576472446322441,0.47897378723878353
magnitude-nm2-4,magnitude,2:4,0.5,6297.16884451949,up_proj,128,dense,5,0.5,0.7544774562120438,1.0
magnitude-nm2-4,magnitude,2:4,0.5,6297.16884451949,up_proj,512,csr,5,0.5,8.799995854496956,0.2524354002960685
magnitude-nm2-4,magnitude,2:4,0.5,6297.16884451949,up_proj,512,csr_random,5,0.5,8.874690905213356,0.25051402352020424
magnitude-nm2-4,magnitude,2:4,0.5,6297.16884451949,up_proj,512,csr_rowmajor,5,0.5,8.218192309141159,0.27036226804292124
magnitude-nm2-4,magnitude,2:4,0.5,6297.16884451949,up_proj,512,dense,5,0.5,2.209712564945221,1.0
magnitude-nm2-4,magnitude,2:4,0.5,6297.16884451949,v_proj,1,csr,5,0.5,0.029908865690231323,0.2358878396088739
magnitude-nm2-4,magnitude,2:4,0.5,6297.16884451949,v_proj,1,csr_random,5,0.5,0.029636919498443604,0.23802419669592872
magnitude-nm2-4,magnitude,2:4,0.5,6297.16884451949,v_proj,1,csr_rowmajor,5,0.5,0.02777203917503357,0.2540161386641155
magnitude-nm2-4,magnitude,2:4,0.5,6297.16884451949,v_proj,1,dense,5,0.5,0.0070542097091674805,1.0
magnitude-nm2-4,magnitude,2:4,0.5,6297.16884451949,v_proj,8,csr,5,0.5,0.044891610741615295,0.26132429330554735
magnitude-nm2-4,magnitude,2:4,0.5,6297.16884451949,v_proj,8,csr_random,5,0.5,0.04477091133594513,0.26203302409325546
magnitude-nm2-4,magnitude,2:4,0.5,6297.16884451949,v_proj,8,csr_rowmajor,5,0.5,0.025496631860733032,0.4600248432463621
magnitude-nm2-4,magnitude,2:4,0.5,6297.16884451949,v_proj,8,dense,5,0.5,0.01172870397567749,1.0
magnitude-nm2-4,magnitude,2:4,0.5,6297.16884451949,v_proj,32,csr,5,0.5,0.07230602204799652,0.22547244216397927
magnitude-nm2-4,magnitude,2:4,0.5,6297.16884451949,v_proj,32,csr_random,5,0.5,0.07234923541545868,0.2253583022774293
magnitude-nm2-4,magnitude,2:4,0.5,6297.16884451949,v_proj,32,csr_rowmajor,5,0.5,0.0301409512758255,0.5408690849498418
magnitude-nm2-4,magnitude,2:4,0.5,6297.16884451949,v_proj,32,dense,5,0.5,0.016301870346069336,1.0
magnitude-nm2-4,magnitude,2:4,0.5,6297.16884451949,v_proj,128,csr,5,0.5,0.23247934877872467,0.13940454992265408
magnitude-nm2-4,magnitude,2:4,0.5,6297.16884451949,v_proj,128,csr_random,5,0.5,0.2355240285396576,0.13760488815977762
magnitude-nm2-4,magnitude,2:4,0.5,6297.16884451949,v_proj,128,csr_rowmajor,5,0.5,0.0638820230960846,0.5076383505731834
magnitude-nm2-4,magnitude,2:4,0.5,6297.16884451949,v_proj,128,dense,5,0.5,0.03239735960960388,1.0
magnitude-nm2-4,magnitude,2:4,0.5,6297.16884451949,v_proj,512,csr,5,0.5,0.9754862636327744,0.08342751013707182
magnitude-nm2-4,magnitude,2:4,0.5,6297.16884451949,v_proj,512,csr_random,5,0.5,0.9786456823348999,0.0831734871762566
magnitude-nm2-4,magnitude,2:4,0.5,6297.16884451949,v_proj,512,csr_rowmajor,5,0.5,0.25464147329330444,0.31992436783603195
magnitude-nm2-4,magnitude,2:4,0.5,6297.16884451949,v_proj,512,dense,5,0.5,0.08138492703437805,1.0
magnitude-nm4-8,magnitude,4:8,0.5,2792.916069716191,down_proj,1,csr,5,0.5,0.358755886554718,0.11128653487144059
magnitude-nm4-8,magnitude,4:8,0.5,2792.916069716191,down_proj,1,csr_random,5,0.5,0.3551065921783447,0.11236946543234216
magnitude-nm4-8,magnitude,4:8,0.5,2792.916069716191,down_proj,1,csr_rowmajor,5,0.5,0.35664886236190796,0.11193111926351008
magnitude-nm4-8,magnitude,4:8,0.5,2792.916069716191,down_proj,1,dense,5,0.5,0.0399172306060791,1.0
magnitude-nm4-8,magnitude,4:8,0.5,2792.916069716191,down_proj,8,csr,5,0.5,0.3313042223453522,0.4369221988318913
magnitude-nm4-8,magnitude,4:8,0.5,2792.916069716191,down_proj,8,csr_random,5,0.5,0.3267802298069,0.44274998853445535
magnitude-nm4-8,magnitude,4:8,0.5,2792.916069716191,down_proj,8,csr_rowmajor,5,0.5,0.2545498311519623,0.5687783757387577
magnitude-nm4-8,magnitude,4:8,0.5,2792.916069716191,down_proj,8,dense,5,0.5,0.14473795890808105,1.0
magnitude-nm4-8,magnitude,4:8,0.5,2792.916069716191,down_proj,32,csr,5,0.5,0.7661357522010803,0.6016492354854904
magnitude-nm4-8,magnitude,4:8,0.5,2792.916069716191,down_proj,32,csr_random,5,0.5,0.8180148899555206,0.5592744605096278
magnitude-nm4-8,magnitude,4:8,0.5,2792.916069716191,down_proj,32,csr_rowmajor,5,0.5,0.47712549567222595,0.9589544109116163
magnitude-nm4-8,magnitude,4:8,0.5,2792.916069716191,down_proj,32,dense,5,0.5,0.4574812948703766,1.0
magnitude-nm4-8,magnitude,4:8,0.5,2792.916069716191,down_proj,128,csr,5,0.5,4.880841821432114,0.12499926732333237
magnitude-nm4-8,magnitude,4:8,0.5,2792.916069716191,down_proj,128,csr_random,5,0.5,4.7990478575229645,0.1271219017475485
magnitude-nm4-8,magnitude,4:8,0.5,2792.916069716191,down_proj,128,csr_rowmajor,5,0.5,3.9495356380939484,0.15449098493100002
magnitude-nm4-8,magnitude,4:8,0.5,2792.916069716191,down_proj,128,dense,5,0.5,0.610031932592392,1.0
magnitude-nm4-8,magnitude,4:8,0.5,2792.916069716191,down_proj,512,csr,5,0.5,18.505268543958664,0.1480957507920605
magnitude-nm4-8,magnitude,4:8,0.5,2792.916069716191,down_proj,512,csr_random,5,0.5,18.552660197019577,0.14773197633465185
magnitude-nm4-8,magnitude,4:8,0.5,2792.916069716191,down_proj,512,csr_rowmajor,5,0.5,14.223678410053253,0.1928657768876827
magnitude-nm4-8,magnitude,4:8,0.5,2792.916069716191,down_proj,512,dense,5,0.5,2.7354463934898376,1.0
magnitude-nm4-8,magnitude,4:8,0.5,2792.916069716191,gate_proj,1,csr,5,0.5,0.3225579857826233,0.12186172439216857
magnitude-nm4-8,magnitude,4:8,0.5,2792.916069716191,gate_proj,1,csr_random,5,0.5,0.3219112753868103,0.1221405673196381
magnitude-nm4-8,magnitude,4:8,0.5,2792.916069716191,gate_proj,1,csr_rowmajor,5,0.5,0.32018497586250305,0.1227679891821409
magnitude-nm4-8,magnitude,4:8,0.5,2792.916069716191,gate_proj,1,dense,5,0.5,0.039318203926086426,1.0
magnitude-nm4-8,magnitude,4:8,0.5,2792.916069716191,gate_proj,8,csr,5,0.5,0.2613373100757599,0.37362119454298215
magnitude-nm4-8,magnitude,4:8,0.5,2792.916069716191,gate_proj,8,csr_random,5,0.5,0.26253238320350647,0.37204015425690506
magnitude-nm4-8,magnitude,4:8,0.5,2792.916069716191,gate_proj,8,csr_rowmajor,5,0.5,0.24092048406600952,0.40530003276806476
magnitude-nm4-8,magnitude,4:8,0.5,2792.916069716191,gate_proj,8,dense,5,0.5,0.09767264127731323,1.0
magnitude-nm4-8,magnitude,4:8,0.5,2792.916069716191,gate_proj,32,csr,5,0.5,0.5079396069049835,0.8937039027284475
magnitude-nm4-8,magnitude,4:8,0.5,2792.916069716191,gate_proj,32,csr_random,5,0.5,0.5051590502262115,0.8986140545993203
magnitude-nm4-8,magnitude,4:8,0.5,2792.916069716191,gate_proj,32,csr_rowmajor,5,0.5,0.4673212766647339,0.9713768963181544
magnitude-nm4-8,magnitude,4:8,0.5,2792.916069716191,gate_proj,32,dense,5,0.5,0.4539385437965393,1.0
magnitude-nm4-8,magnitude,4:8,0.5,2792.916069716191,gate_proj,128,csr,5,0.5,1.7240501940250397,0.4381743650602497
magnitude-nm4-8,magnitude,4:8,0.5,2792.916069716191,gate_proj,128,csr_random,5,0.5,1.7236948013305664,0.4382464794736448
magnitude-nm4-8,magnitude,4:8,0.5,2792.916069716191,gate_proj,128,csr_rowmajor,5,0.5,1.6341909766197205,0.4621986317566847
magnitude-nm4-8,magnitude,4:8,0.5,2792.916069716191,gate_proj,128,dense,5,0.5,0.7553130388259888,1.0
magnitude-nm4-8,magnitude,4:8,0.5,2792.916069716191,gate_proj,512,csr,5,0.5,8.214066177606583,0.2812476188511176
magnitude-nm4-8,magnitude,4:8,0.5,2792.916069716191,gate_proj,512,csr_random,5,0.5,8.304499834775925,0.278077309785955
magnitude-nm4-8,magnitude,4:8,0.5,2792.916069716191,gate_proj,512,csr_rowmajor,5,0.5,7.43291974067688,0.31069700826161045
magnitude-nm4-8,magnitude,4:8,0.5,2792.916069716191,gate_proj,512,dense,5,0.5,2.3083992302417755,1.0
magnitude-nm4-8,magnitude,4:8,0.5,2792.916069716191,k_proj,1,csr,5,0.5,0.02981722354888916,0.23488641664595744
magnitude-nm4-8,magnitude,4:8,0.5,2792.916069716191,k_proj,1,csr_random,5,0.5,0.02975165843963623,0.23540797352925322
magnitude-nm4-8,magnitude,4:8,0.5,2792.916069716191,k_proj,1,csr_rowmajor,5,0.5,0.02793222665786743,0.25073359631186476
magnitude-nm4-8,magnitude,4:8,0.5,2792.916069716191,k_proj,1,dense,5,0.5,0.0070035457611083984,1.0
magnitude-nm4-8,magnitude,4:8,0.5,2792.916069716191,k_proj,8,csr,5,0.5,0.04495680332183838,0.38305076295943763
magnitude-nm4-8,magnitude,4:8,0.5,2792.916069716191,k_proj,8,csr_random,5,0.5,0.04477500915527344,0.3846280524226314
magnitude-nm4-8,magnitude,4:8,0.5,2792.916069716191,k_proj,8,csr_rowmajor,5,0.5,0.025847554206848145,0.6661515047718368
magnitude-nm4-8,magnitude,4:8,0.5,2792.916069716191,k_proj,8,dense,5,0.5,0.017218291759490967,1.0
magnitude-nm4-8,magnitude,4:8,0.5,2792.916069716191,k_proj,32,csr,5,0.5,0.07211193442344666,0.3020038977189124
magnitude-nm4-8,magnitude,4:8,0.5,2792.916069716191,k_proj,32,csr_random,5,0.5,0.07225722074508667,0.3013966209743697
magnitude-nm4-8,magnitude,4:8,0.5,2792.916069716191,k_proj,32,csr_rowmajor,5,0.5,0.030516088008880615,0.7136595285256069
magnitude-nm4-8,magnitude,4:8,0.5,2792.916069716191,k_proj,32,dense,5,0.5,0.02177804708480835,1.0
magnitude-nm4-8,magnitude,4:8,0.5,2792.916069716191,k_proj,128,csr,5,0.5,0.23034065961837769,0.19063563594825267
magnitude-nm4-8,magnitude,4:8,0.5,2792.916069716191,k_proj,128,csr_random,5,0.5,0.23331865668296814,0.1882139208446424
magnitude-nm4-8,magnitude,4:8,0.5,2792.916069716191,k_proj,128,csr_rowmajor,5,0.5,0.06376653909683228,0.68888079342255
magnitude-nm4-8,magnitude,4:8,0.5,2792.916069716191,k_proj,128,dense,5,0.5,0.04390627145767212,1.0
magnitude-nm4-8,magnitude,4:8,0.5,2792.916069716191,k_proj,512,csr,5,0.5,0.9635098278522491,0.10529386592015293
magnitude-nm4-8,magnitude,4:8,0.5,2792.916069716191,k_proj,512,csr_random,5,0.5,0.9733967483043671,0.10422146570459359
magnitude-nm4-8,magnitude,4:8,0.5,2792.916069716191,k_proj,512,csr_rowmajor,5,0.5,0.2319030463695526,0.43801478204053934
magnitude-nm4-8,magnitude,4:8,0.5,2792.916069716191,k_proj,512,dense,5,0.5,0.10144487023353577,1.0
magnitude-nm4-8,magnitude,4:8,0.5,2792.916069716191,o_proj,1,csr,5,0.5,0.06668642163276672,0.173059571680482
magnitude-nm4-8,magnitude,4:8,0.5,2792.916069716191,o_proj,1,csr_random,5,0.5,0.06549134850502014,0.17620742954675012
magnitude-nm4-8,magnitude,4:8,0.5,2792.916069716191,o_proj,1,csr_rowmajor,5,0.5,0.06483867764472961,0.1780517114206686
magnitude-nm4-8,magnitude,4:8,0.5,2792.916069716191,o_proj,1,dense,5,0.5,0.011539459228515625,1.0
magnitude-nm4-8,magnitude,4:8,0.5,2792.916069716191,o_proj,8,csr,5,0.5,0.06468147039413452,1.1383916485634196
magnitude-nm4-8,magnitude,4:8,0.5,2792.916069716191,o_proj,8,csr_random,5,0.5,0.06517469882965088,1.1297192773077165
magnitude-nm4-8,magnitude,4:8,0.5,2792.916069716191,o_proj,8,csr_rowmajor,5,0.5,0.04505515098571777,1.6341625241806348
magnitude-nm4-8,magnitude,4:8,0.5,2792.916069716191,o_proj,8,dense,5,0.5,0.07362663745880127,1.0
magnitude-nm4-8,magnitude,4:8,0.5,2792.916069716191,o_proj,32,csr,5,0.5,0.13633817434310913,0.6816320377332471
magnitude-nm4-8,magnitude,4:8,0.5,2792.916069716191,o_proj,32,csr_random,5,0.5,0.13661086559295654,0.6802707191318496
magnitude-nm4-8,magnitude,4:8,0.5,2792.916069716191,o_proj,32,csr_rowmajor,5,0.5,0.09231120347976685,1.0067253599261818
magnitude-nm4-8,magnitude,4:8,0.5,2792.916069716191,o_proj,32,dense,5,0.5,0.09293109178543091,1.0
magnitude-nm4-8,magnitude,4:8,0.5,2792.916069716191,o_proj,128,csr,5,0.5,0.4535272717475891,0.374712436484627
magnitude-nm4-8,magnitude,4:8,0.5,2792.916069716191,o_proj,128,csr_random,5,0.5,0.456344336271286,0.3724038605663724
magnitude-nm4-8,magnitude,4:8,0.5,2792.916069716191,o_proj,128,csr_rowmajor,5,0.5,0.28934553265571594,0.587733528541055
magnitude-nm4-8,magnitude,4:8,0.5,2792.916069716191,o_proj,128,dense,5,0.5,0.16983747482299805,1.0
magnitude-nm4-8,magnitude,4:8,0.5,2792.916069716191,o_proj,512,csr,5,0.5,1.9874207675457,0.223381484146101
magnitude-nm4-8,magnitude,4:8,0.5,2792.916069716191,o_proj,512,csr_random,5,0.5,1.9986309111118317,0.22213302194108353
magnitude-nm4-8,magnitude,4:8,0.5,2792.916069716191,o_proj,512,csr_rowmajor,5,0.5,1.3518206775188446,0.3285134210263687
magnitude-nm4-8,magnitude,4:8,0.5,2792.916069716191,o_proj,512,dense,5,0.5,0.4437267780303955,1.0
magnitude-nm4-8,magnitude,4:8,0.5,2792.916069716191,q_proj,1,csr,5,0.5,0.06590336561203003,0.17506372796594216
magnitude-nm4-8,magnitude,4:8,0.5,2792.916069716191,q_proj,1,csr_random,5,0.5,0.06552934646606445,0.17601989841195304
magnitude-nm4-8,magnitude,4:8,0.5,2792.916069716191,q_proj,1,csr_rowmajor,5,0.5,0.06395131349563599,0.1804079370870514
magnitude-nm4-8,magnitude,4:8,0.5,2792.916069716191,q_proj,1,dense,5,0.5,0.011532008647918701,1.0
magnitude-nm4-8,magnitude,4:8,0.5,2792.916069716191,q_proj,8,csr,5,0.5,0.06470978260040283,1.1384367336823327
magnitude-nm4-8,magnitude,4:8,0.5,2792.916069716191,q_proj,8,csr_random,5,0.5,0.06504356861114502,1.1326118102973821
magnitude-nm4-8,magnitude,4:8,0.5,2792.916069716191,q_proj,8,csr_rowmajor,5,0.5,0.04501640796661377,1.6364702321885547
magnitude-nm4-8,magnitude,4:8,0.5,2792.916069716191,q_proj,8,dense,5,0.5,0.07366687059402466,1.0
magnitude-nm4-8,magnitude,4:8,0.5,2792.916069716191,q_proj,32,csr,5,0.5,0.1363225281238556,0.6818052035031179
magnitude-nm4-8,magnitude,4:8,0.5,2792.916069716191,q_proj,32,csr_random,5,0.5,0.13609528541564941,0.6829402147657019
magnitude-nm4-8,magnitude,4:8,0.5,2792.916069716191,q_proj,32,csr_rowmajor,5,0.5,0.0919342041015625,1.0109920325591693
magnitude-nm4-8,magnitude,4:8,0.5,2792.916069716191,q_proj,32,dense,5,0.5,0.09294450283050537,1.0
magnitude-nm4-8,magnitude,4:8,0.5,2792.916069716191,q_proj,128,csr,5,0.5,0.45333728194236755,0.3748263653534124
magnitude-nm4-8,magnitude,4:8,0.5,2792.916069716191,q_proj,128,csr_random,5,0.5,0.45582205057144165,0.3727762285052842
magnitude-nm4-8,magnitude,4:8,0.5,2792.916069716191,q_proj,128,csr_rowmajor,5,0.5,0.29284805059432983,0.5804772384787783
magnitude-nm4-8,magnitude,4:8,0.5,2792.916069716191,q_proj,128,dense,5,0.5,0.1698225736618042,1.0
magnitude-nm4-8,magnitude,4:8,0.5,2792.916069716191,q_proj,512,csr,5,0.5,2.003825455904007,0.2217553164564723
magnitude-nm4-8,magnitude,4:8,0.5,2792.916069716191,q_proj,512,csr_random,5,0.5,2.027754485607147,0.2190867311195139
magnitude-nm4-8,magnitude,4:8,0.5,2792.916069716191,q_proj,512,csr_rowmajor,5,0.5,1.3663947582244873,0.3252178678741784
magnitude-nm4-8,magnitude,4:8,0.5,2792.916069716191,q_proj,512,dense,5,0.5,0.4441879689693451,1.0
magnitude-nm4-8,magnitude,4:8,0.5,2792.916069716191,up_proj,1,csr,5,0.5,0.32195523381233215,0.11858415869998004
magnitude-nm4-8,magnitude,4:8,0.5,2792.916069716191,up_proj,1,csr_random,5,0.5,0.3223218023777008,0.11849322675636785
magnitude-nm4-8,magnitude,4:8,0.5,2792.916069716191,up_proj,1,csr_rowmajor,5,0.5,0.318840891122818,0.11973800669451971
magnitude-nm4-8,magnitude,4:8,0.5,2792.916069716191,up_proj,1,dense,5,0.5,0.03817528486251831,1.0
magnitude-nm4-8,magnitude,4:8,0.5,2792.916069716191,up_proj,8,csr,5,0.5,0.25941506028175354,0.3594356933179049
magnitude-nm4-8,magnitude,4:8,0.5,2792.916069716191,up_proj,8,csr_random,5,0.5,0.2623423933982849,0.35574849213878856
magnitude-nm4-8,magnitude,4:8,0.5,2792.916069716191,up_proj,8,csr_rowmajor,5,0.5,0.23973509669303894,0.3890451631849218
magnitude-nm4-8,magnitude,4:8,0.5,2792.916069716191,up_proj,8,dense,5,0.5,0.09318441152572632,1.0
magnitude-nm4-8,magnitude,4:8,0.5,2792.916069716191,up_proj,32,csr,5,0.5,0.5071327090263367,0.8949300771445126
magnitude-nm4-8,magnitude,4:8,0.5,2792.916069716191,up_proj,32,csr_random,5,0.5,0.5059599876403809,0.8970100533891339
magnitude-nm4-8,magnitude,4:8,0.5,2792.916069716191,up_proj,32,csr_rowmajor,5,0.5,0.46861544251441956,0.9684831723767884
magnitude-nm4-8,magnitude,4:8,0.5,2792.916069716191,up_proj,32,dense,5,0.5,0.453842431306839,1.0
magnitude-nm4-8,magnitude,4:8,0.5,2792.916069716191,up_proj,128,csr,5,0.5,1.735929399728775,0.4356139776386108
magnitude-nm4-8,magnitude,4:8,0.5,2792.916069716191,up_proj,128,csr_random,5,0.5,1.7288342118263245,0.43737141742995383
magnitude-nm4-8,magnitude,4:8,0.5,2792.916069716191,up_proj,128,csr_rowmajor,5,0.5,1.608361303806305,0.4706415409000877
magnitude-nm4-8,magnitude,4:8,0.5,2792.916069716191,up_proj,128,dense,5,0.5,0.7561199367046356,1.0
magnitude-nm4-8,magnitude,4:8,0.5,2792.916069716191,up_proj,512,csr,5,0.5,8.20208564400673,0.2864259072747227
magnitude-nm4-8,magnitude,4:8,0.5,2792.916069716191,up_proj,512,csr_random,5,0.5,8.289454132318497,0.2833802848836624
magnitude-nm4-8,magnitude,4:8,0.5,2792.916069716191,up_proj,512,csr_rowmajor,5,0.5,7.708260416984558,0.3047218557722624
magnitude-nm4-8,magnitude,4:8,0.5,2792.916069716191,up_proj,512,dense,5,0.5,2.3486576974391937,1.0
magnitude-nm4-8,magnitude,4:8,0.5,2792.916069716191,v_proj,1,csr,5,0.5,0.029977411031723022,0.2338923093750972
magnitude-nm4-8,magnitude,4:8,0.5,2792.916069716191,v_proj,1,csr_random,5,0.5,0.029787421226501465,0.23536835199642991
magnitude-nm4-8,magnitude,4:8,0.5,2792.916069716191,v_proj,1,csr_rowmajor,5,0.5,0.027897953987121582,0.2513118574916825
magnitude-nm4-8,magnitude,4:8,0.5,2792.916069716191,v_proj,1,dense,5,0.5,0.007010996341705322,1.0
magnitude-nm4-8,magnitude,4:8,0.5,2792.916069716191,v_proj,8,csr,5,0.5,0.04521384835243225,0.3804360182683932
magnitude-nm4-8,magnitude,4:8,0.5,2792.916069716191,v_proj,8,csr_random,5,0.5,0.04512816667556763,0.3811595400256785
magnitude-nm4-8,magnitude,4:8,0.5,2792.916069716191,v_proj,8,csr_rowmajor,5,0.5,0.025856494903564453,0.6651907165507391
magnitude-nm4-8,magnitude,4:8,0.5,2792.916069716191,v_proj,8,dense,5,0.5,0.017198920249938965,1.0
magnitude-nm4-8,magnitude,4:8,0.5,2792.916069716191,v_proj,32,csr,5,0.5,0.0721171498298645,0.3016012782756767
magnitude-nm4-8,magnitude,4:8,0.5,2792.916069716191,v_proj,32,csr_random,5,0.5,0.07230490446090698,0.30082656921744316
magnitude-nm4-8,magnitude,4:8,0.5,2792.916069716191,v_proj,32,csr_rowmajor,5,0.5,0.030505657196044922,0.7129723386677649
magnitude-nm4-8,magnitude,4:8,0.5,2792.916069716191,v_proj,32,dense,5,0.5,0.02174973487854004,1.0
magnitude-nm4-8,magnitude,4:8,0.5,2792.916069716191,v_proj,128,csr,5,0.5,0.23181140422821045,0.18942718092592015
magnitude-nm4-8,magnitude,4:8,0.5,2792.916069716191,v_proj,128,csr_random,5,0.5,0.23432299494743347,0.18741028174210678
magnitude-nm4-8,magnitude,4:8,0.5,2792.916069716191,v_proj,128,csr_rowmajor,5,0.5,0.06325244903564453,0.6945651470660115
magnitude-nm4-8,magnitude,4:8,0.5,2792.916069716191,v_proj,128,dense,5,0.5,0.04390925168991089,1.0
magnitude-nm4-8,magnitude,4:8,0.5,2792.916069716191,v_proj,512,csr,5,0.5,0.9672299027442932,0.1026465610870472
magnitude-nm4-8,magnitude,4:8,0.5,2792.916069716191,v_proj,512,csr_random,5,0.5,0.9711191058158875,0.10223881131077207
magnitude-nm4-8,magnitude,4:8,0.5,2792.916069716191,v_proj,512,csr_rowmajor,5,0.5,0.23160576820373535,0.42906285479151524
magnitude-nm4-8,magnitude,4:8,0.5,2792.916069716191,v_proj,512,dense,5,0.5,0.09928196668624878,1.0
magnitude-u30,magnitude,unstructured,0.29999979878519917,21.743524569203167,down_proj,1,csr,5,0.2999999541089051,0.5706347059458494,0.06665549998023744
magnitude-u30,magnitude,unstructured,0.29999979878519917,21.743524569203167,down_proj,1,csr_random,5,0.2999999541089051,0.5810736212879419,0.06545863363093914
magnitude-u30,magnitude,unstructured,0.29999979878519917,21.743524569203167,down_proj,1,csr_rowmajor,5,0.2999999541089051,0.5673963925801218,0.06703700418916303
magnitude-u30,magnitude,unstructured,0.29999979878519917,21.743524569203167,down_proj,1,dense,5,0.2999999541089051,0.038035004399716854,1.0
magnitude-u30,magnitude,unstructured,0.29999979878519917,21.743524569203167,down_proj,8,csr,5,0.2999999541089051,0.5379045382142067,0.2436090260671179
magnitude-u30,magnitude,unstructured,0.29999979878519917,21.743524569203167,down_proj,8,csr_random,5,0.2999999541089051,0.544853089377284,0.24014534112974187
magnitude-u30,magnitude,unstructured,0.29999979878519917,21.743524569203167,down_proj,8,csr_rowmajor,5,0.2999999541089051,0.45251803239807487,0.2898007699602929
magnitude-u30,magnitude,unstructured,0.29999979878519917,21.743524569203167,down_proj,8,dense,5,0.2999999541089051,0.13088377891108394,1.0
magnitude-u30,magnitude,unstructured,0.29999979878519917,21.743524569203167,down_proj,32,csr,5,0.2999999541089051,0.9916060836985707,0.46056473466309705
magnitude-u30,magnitude,unstructured,0.29999979878519917,21.743524569203167,down_proj,32,csr_random,5,0.2999999541089051,1.0000993846915662,0.45665759481822765
magnitude-u30,magnitude,unstructured,0.29999979878519917,21.743524569203167,down_proj,32,csr_rowmajor,5,0.2999999541089051,0.7406848133541644,0.6165978370891385
magnitude-u30,magnitude,unstructured,0.29999979878519917,21.743524569203167,down_proj,32,dense,5,0.2999999541089051,0.45667680678889155,1.0
magnitude-u30,magnitude,unstructured,0.29999979878519917,21.743524569203167,down_proj,128,csr,5,0.2999999541089051,7.804150378797203,0.07784882195253151
magnitude-u30,magnitude,unstructured,0.29999979878519917,21.743524569203167,down_proj,128,csr_random,5,0.2999999541089051,7.820231199730188,0.07768630123032494
magnitude-u30,magnitude,unstructured,0.29999979878519917,21.743524569203167,down_proj,128,csr_rowmajor,5,0.2999999541089051,6.805811787489802,0.08926445390562762
magnitude-u30,magnitude,unstructured,0.29999979878519917,21.743524569203167,down_proj,128,dense,5,0.2999999541089051,0.6074630073271692,1.0
magnitude-u30,magnitude,unstructured,0.29999979878519917,21.743524569203167,down_proj,512,csr,5,0.2999999541089051,27.874610014259815,0.10021509477994878
magnitude-u30,magnitude,unstructured,0.29999979878519917,21.743524569203167,down_proj,512,csr_random,5,0.2999999541089051,27.965642604976892,0.09988140201761013
magnitude-u30,magnitude,unstructured,0.29999979878519917,21.743524569203167,down_proj,512,csr_rowmajor,5,0.2999999541089051,23.303431284148246,0.11986869550089761
magnitude-u30,magnitude,unstructured,0.29999979878519917,21.743524569203167,down_proj,512,dense,5,0.2999999541089051,2.7930061100050807,1.0
magnitude-u30,magnitude,unstructured,0.29999979878519917,21.743524569203167,gate_proj,1,csr,5,0.2999999541089051,0.5473516066558659,0.06662377818802397
magnitude-u30,magnitude,unstructured,0.29999979878519917,21.743524569203167,gate_proj,1,csr_random,5,0.2999999541089051,0.5388758145272732,0.06765219032356498
magnitude-u30,magnitude,unstructured,0.29999979878519917,21.743524569203167,gate_proj,1,csr_rowmajor,5,0.2999999541089051,0.5423053982667625,0.06724246719526696
magnitude-u30,magnitude,unstructured,0.29999979878519917,21.743524569203167,gate_proj,1,dense,5,0.2999999541089051,0.03645559772849083,1.0
magnitude-u30,magnitude,unstructured,0.29999979878519917,21.743524569203167,gate_proj,8,csr,5,0.2999999541089051,0.49592768773436546,0.16414411132048515
magnitude-u30,magnitude,unstructured,0.29999979878519917,21.743524569203167,gate_proj,8,csr_random,5,0.2999999541089051,0.47878389013931155,0.17008597118220786
magnitude-u30,magnitude,unstructured,0.29999979878519917,21.743524569203167,gate_proj,8,csr_rowmajor,5,0.2999999541089051,0.4624786088243127,0.17610742386721048
magnitude-u30,magnitude,unstructured,0.29999979878519917,21.743524569203167,gate_proj,8,dense,5,0.2999999541089051,0.08143580053001642,1.0
magnitude-u30,magnitude,unstructured,0.29999979878519917,21.743524569203167,gate_proj,32,csr,5,0.2999999541089051,0.8038939791731536,0.5661250212806909
magnitude-u30,magnitude,unstructured,0.29999979878519917,21.743524569203167,gate_proj,32,csr_random,5,0.2999999541089051,0.7753602345474064,0.5856695554676301
magnitude-u30,magnitude,unstructured,0.29999979878519917,21.743524569203167,gate_proj,32,csr_rowmajor,5,0.2999999541089051,0.8052718010731041,0.566691583751814
magnitude-u30,magnitude,unstructured,0.29999979878519917,21.743524569203167,gate_proj,32,dense,5,0.2999999541089051,0.4540732246823609,1.0
magnitude-u30,magnitude,unstructured,0.29999979878519917,21.743524569203167,gate_proj,128,csr,5,0.2999999541089051,2.361824398394674,0.324658220272969
magnitude-u30,magnitude,unstructured,0.29999979878519917,21.743524569203167,gate_proj,128,csr_random,5,0.2999999541089051,2.3470940883271396,0.326648895199987
magnitude-u30,magnitude,unstructured,0.29999979878519917,21.743524569203167,gate_proj,128,csr_rowmajor,5,0.2999999541089051,2.276831294875592,0.33676331837978146
magnitude-u30,magnitude,unstructured,0.29999979878519917,21.743524569203167,gate_proj,128,dense,5,0.2999999541089051,0.7661410607397556,1.0
magnitude-u30,magnitude,unstructured,0.29999979878519917,21.743524569203167,gate_proj,512,csr,5,0.2999999541089051,16.162883094511926,0.14162883753572203
magnitude-u30,magnitude,unstructured,0.29999979878519917,21.743524569203167,gate_proj,512,csr_random,5,0.2999999541089051,16.151699784677476,0.14179792914470185
magnitude-u30,magnitude,unstructured,0.29999979878519917,21.743524569203167,gate_proj,512,csr_rowmajor,5,0.2999999541089051,13.358544372022152,0.16630192283335482
magnitude-u30,magnitude,unstructured,0.29999979878519917,21.743524569203167,gate_proj,512,dense,5,0.2999999541089051,2.220730669796467,1.0
magnitude-u30,magnitude,unstructured,0.29999979878519917,21.743524569203167,k_proj,1,csr,5,0.2999965122767857,0.03385517047718167,0.20502087169094066
magnitude-u30,magnitude,unstructured,0.29999979878519917,21.743524569203167,k_proj,1,csr_random,5,0.2999965122767857,0.03415183164179325,0.20324283538673954
magnitude-u30,magnitude,unstructured,0.29999979878519917,21.743524569203167,k_proj,1,csr_rowmajor,5,0.2999965122767857,0.031957600731402636,0.21719402175625788
magnitude-u30,magnitude,unstructured,0.29999979878519917,21.743524569203167,k_proj,1,dense,5,0.2999965122767857,0.006940995808690786,1.0
magnitude-u30,magnitude,unstructured,0.29999979878519917,21.743524569203167,k_proj,8,csr,5,0.2999965122767857,0.046543474309146404,0.37410819575961207
magnitude-u30,magnitude,unstructured,0.29999979878519917,21.743524569203167,k_proj,8,csr_random,5,0.2999965122767857,0.04676389507949352,0.37233595701135624
magnitude-u30,magnitude,unstructured,0.29999979878519917,21.743524569203167,k_proj,8,csr_rowmajor,5,0.2999965122767857,0.027959200087934732,0.622742607783639
magnitude-u30,magnitude,unstructured,0.29999979878519917,21.743524569203167,k_proj,8,dense,5,0.2999965122767857,0.017411389853805304,1.0
magnitude-u30,magnitude,unstructured,0.29999979878519917,21.743524569203167,k_proj,32,csr,5,0.2999965122767857,0.07793116383254528,0.2813787071800969
magnitude-u30,magnitude,unstructured,0.29999979878519917,21.743524569203167,k_proj,32,csr_random,5,0.2999965122767857,0.07859158795326948,0.27900920806030566
magnitude-u30,magnitude,unstructured,0.29999979878519917,21.743524569203167,k_proj,32,csr_rowmajor,5,0.2999965122767857,0.03648858983069658,0.6009629391193558
magnitude-u30,magnitude,unstructured,0.29999979878519917,21.743524569203167,k_proj,32,dense,5,0.2999965122767857,0.021927698981016874,1.0
magnitude-u30,magnitude,unstructured,0.29999979878519917,21.743524569203167,k_proj,128,csr,5,0.2999965122767857,0.2499505877494812,0.1772955898439767
magnitude-u30,magnitude,unstructured,0.29999979878519917,21.743524569203167,k_proj,128,csr_random,5,0.2999965122767857,0.2524954848922789,0.17550830973170167
magnitude-u30,magnitude,unstructured,0.29999979878519917,21.743524569203167,k_proj,128,csr_rowmajor,5,0.2999965122767857,0.0826561008580029,0.5365692611442624
magnitude-u30,magnitude,unstructured,0.29999979878519917,21.743524569203167,k_proj,128,dense,5,0.2999965122767857,0.04431221168488264,1.0
magnitude-u30,magnitude,unstructured,0.29999979878519917,21.743524569203167,k_proj,512,csr,5,0.2999965122767857,1.1483196984045208,0.08848764099468477
magnitude-u30,magnitude,unstructured,0.29999979878519917,21.743524569203167,k_proj,512,csr_random,5,0.2999965122767857,1.1376150068826973,0.08926417677451533
magnitude-u30,magnitude,unstructured,0.29999979878519917,21.743524569203167,k_proj,512,csr_rowmajor,5,0.2999965122767857,0.4090448026545346,0.24868641545916623
magnitude-u30,magnitude,unstructured,0.29999979878519917,21.743524569203167,k_proj,512,dense,5,0.2999965122767857,0.10150289162993431,1.0
magnitude-u30,magnitude,unstructured,0.29999979878519917,21.743524569203167,o_proj,1,csr,5,0.2999990035076531,0.0781018054112792,0.1489548216957744
magnitude-u30,magnitude,unstructured,0.29999979878519917,21.743524569203167,o_proj,1,csr_random,5,0.2999990035076531,0.07762329187244177,0.1498572298919035
magnitude-u30,magnitude,unstructured,0.29999979878519917,21.743524569203167,o_proj,1,csr_rowmajor,5,0.2999990035076531,0.0757854781113565,0.153496202889145
magnitude-u30,magnitude,unstructured,0.29999979878519917,21.743524569203167,o_proj,1,dense,5,0.2999990035076531,0.011630612425506115,1.0
magnitude-u30,magnitude,unstructured,0.29999979878519917,21.743524569203167,o_proj,8,csr,5,0.2999990035076531,0.06750618340447545,1.0945287458871384
magnitude-u30,magnitude,unstructured,0.29999979878519917,21.743524569203167,o_proj,8,csr_random,5,0.2999990035076531,0.06780410185456276,1.089750003816109
magnitude-u30,magnitude,unstructured,0.29999979878519917,21.743524569203167,o_proj,8,csr_rowmajor,5,0.2999990035076531,0.048845005221664906,1.5126991082045576
magnitude-u30,magnitude,unstructured,0.29999979878519917,21.743524569203167,o_proj,8,dense,5,0.2999990035076531,0.07388580124825239,1.0
magnitude-u30,magnitude,unstructured,0.29999979878519917,21.743524569203167,o_proj,32,csr,5,0.2999990035076531,0.1532378955744207,0.6095341187351854
magnitude-u30,magnitude,unstructured,0.29999979878519917,21.743524569203167,o_proj,32,csr_random,5,0.2999990035076531,0.15338582452386618,0.6089473675066613
magnitude-u30,magnitude,unstructured,0.29999979878519917,21.743524569203167,o_proj,32,csr_rowmajor,5,0.2999990035076531,0.10988772846758366,0.8499904934716593
magnitude-u30,magnitude,unstructured,0.29999979878519917,21.743524569203167,o_proj,32,dense,5,0.2999990035076531,0.0934005482122302,1.0
magnitude-u30,magnitude,unstructured,0.29999979878519917,21.743524569203167,o_proj,128,csr,5,0.2999990035076531,0.560695375315845,0.30568423142074824
magnitude-u30,magnitude,unstructured,0.29999979878519917,21.743524569203167,o_proj,128,csr_random,5,0.2999990035076531,0.5940504837781191,0.2920018141444263
magnitude-u30,magnitude,unstructured,0.29999979878519917,21.743524569203167,o_proj,128,csr_rowmajor,5,0.2999990035076531,0.3858222858980298,0.4445278050284262
magnitude-u30,magnitude,unstructured,0.29999979878519917,21.743524569203167,o_proj,128,dense,5,0.2999990035076531,0.17134658992290497,1.0
magnitude-u30,magnitude,unstructured,0.29999979878519917,21.743524569203167,o_proj,512,csr,5,0.2999990035076531,3.09895440004766,0.14500017113515998
magnitude-u30,magnitude,unstructured,0.29999979878519917,21.743524569203167,o_proj,512,csr_random,5,0.2999990035076531,3.0845288070850074,0.14566361136284386
magnitude-u30,magnitude,unstructured,0.29999979878519917,21.743524569203167,o_proj,512,csr_rowmajor,5,0.2999990035076531,2.3813648032955825,0.1888493651058112
magnitude-u30,magnitude,unstructured,0.29999979878519917,21.743524569203167,o_proj,512,dense,5,0.2999990035076531,0.4492090898565948,1.0
magnitude-u30,magnitude,unstructured,0.29999979878519917,21.743524569203167,q_proj,1,csr,5,0.2999990035076531,0.07649387698620558,0.15199449633670023
magnitude-u30,magnitude,unstructured,0.29999979878519917,21.743524569203167,q_proj,1,csr_random,5,0.2999990035076531,0.07717938860878348,0.15064609730394732
magnitude-u30,magnitude,unstructured,0.29999979878519917,21.743524569203167,q_proj,1,csr_rowmajor,5,0.2999990035076531,0.0746413366869092,0.15577125081634147
magnitude-u30,magnitude,unstructured,0.29999979878519917,21.743524569203167,q_proj,1,dense,5,0.2999990035076531,0.011625816114246845,1.0
magnitude-u30,magnitude,unstructured,0.29999979878519917,21.743524569203167,q_proj,8,csr,5,0.2999990035076531,0.0680605648085475,1.0854853063506538
magnitude-u30,magnitude,unstructured,0.29999979878519917,21.743524569203167,q_proj,8,csr_random,5,0.2999990035076531,0.06834953092038631,1.0808359520211261
magnitude-u30,magnitude,unstructured,0.29999979878519917,21.743524569203167,q_proj,8,csr_rowmajor,5,0.2999990035076531,0.048822187818586826,1.5129329639426685
magnitude-u30,magnitude,unstructured,0.29999979878519917,21.743524569203167,q_proj,8,dense,5,0.2999990035076531,0.07386390352621675,1.0
magnitude-u30,magnitude,unstructured,0.29999979878519917,21.743524569203167,q_proj,32,csr,5,0.2999990035076531,0.15264747198671103,0.6123550630156884
magnitude-u30,magnitude,unstructured,0.29999979878519917,21.743524569203167,q_proj,32,csr_random,5,0.2999990035076531,0.15371361514553428,0.608112309081866
magnitude-u30,magnitude,unstructured,0.29999979878519917,21.743524569203167,q_proj,32,csr_rowmajor,5,0.2999990035076531,0.10965048568323255,0.8524746747559528
magnitude-u30,magnitude,unstructured,0.29999979878519917,21.743524569203167,q_proj,32,dense,5,0.2999990035076531,0.0934715149924159,1.0
magnitude-u30,magnitude,unstructured,0.29999979878519917,21.743524569203167,q_proj,128,csr,5,0.2999990035076531,0.5664831260219216,0.30265448147466734
magnitude-u30,magnitude,unstructured,0.29999979878519917,21.743524569203167,q_proj,128,csr_random,5,0.2999990035076531,0.569639599416405,0.3009781910146071
magnitude-u30,magnitude,unstructured,0.29999979878519917,21.743524569203167,q_proj,128,csr_rowmajor,5,0.2999990035076531,0.39082049624994397,0.43900714128641927
magnitude-u30,magnitude,unstructured,0.29999979878519917,21.743524569203167,q_proj,128,dense,5,0.2999990035076531,0.17144727753475308,1.0
magnitude-u30,magnitude,unstructured,0.29999979878519917,21.743524569203167,q_proj,512,csr,5,0.2999990035076531,3.16963370423764,0.14197891949146824
magnitude-u30,magnitude,unstructured,0.29999979878519917,21.743524569203167,q_proj,512,csr_random,5,0.2999990035076531,3.092172311153263,0.14569672403064443
magnitude-u30,magnitude,unstructured,0.29999979878519917,21.743524569203167,q_proj,512,csr_rowmajor,5,0.2999990035076531,2.461095293983817,0.18244695449331247
magnitude-u30,magnitude,unstructured,0.29999979878519917,21.743524569203167,q_proj,512,dense,5,0.2999990035076531,0.44856691965833306,1.0
magnitude-u30,magnitude,unstructured,0.29999979878519917,21.743524569203167,up_proj,1,csr,5,0.2999999541089051,0.5366705707274377,0.06882719514787941
magnitude-u30,magnitude,unstructured,0.29999979878519917,21.743524569203167,up_proj,1,csr_random,5,0.2999999541089051,0.5438229884020984,0.06794416050363432
magnitude-u30,magnitude,unstructured,0.29999979878519917,21.743524569203167,up_proj,1,csr_rowmajor,5,0.2999999541089051,0.5321056698448956,0.06941794321500744
magnitude-u30,magnitude,unstructured,0.29999979878519917,21.743524569203167,up_proj,1,dense,5,0.2999999541089051,0.0369461951777339,1.0
magnitude-u30,magnitude,unstructured,0.29999979878519917,21.743524569203167,up_proj,8,csr,5,0.2999999541089051,0.47093293396756053,0.1818308686600015
magnitude-u30,magnitude,unstructured,0.29999979878519917,21.743524569203167,up_proj,8,csr_random,5,0.2999999541089051,0.47809783136472106,0.17942611171208273
magnitude-u30,magnitude,unstructured,0.29999979878519917,21.743524569203167,up_proj,8,csr_rowmajor,5,0.2999999541089051,0.44592993799597025,0.19201367670538655
magnitude-u30,magnitude,unstructured,0.29999979878519917,21.743524569203167,up_proj,8,dense,5,0.2999999541089051,0.08578780107200146,1.0
magnitude-u30,magnitude,unstructured,0.29999979878519917,21.743524569203167,up_proj,32,csr,5,0.2999999541089051,0.7676007924601436,0.59052476048221
magnitude-u30,magnitude,unstructured,0.29999979878519917,21.743524569203167,up_proj,32,csr_random,5,0.2999999541089051,0.7723089191131294,0.5868512632363914
magnitude-u30,magnitude,unstructured,0.29999979878519917,21.743524569203167,up_proj,32,csr_rowmajor,5,0.2999999541089051,0.7280418067239225,0.6226505339728169
magnitude-u30,magnitude,unstructured,0.29999979878519917,21.743524569203167,up_proj,32,dense,5,0.2999999541089051,0.4532021121121943,1.0
magnitude-u30,magnitude,unstructured,0.29999979878519917,21.743524569203167,up_proj,128,csr,5,0.2999999541089051,2.3535976884886622,0.32243155588270545
magnitude-u30,magnitude,unstructured,0.29999979878519917,21.743524569203167,up_proj,128,csr_random,5,0.2999999541089051,2.3539969115518034,0.3222692754953959
magnitude-u30,magnitude,unstructured,0.29999979878519917,21.743524569203167,up_proj,128,csr_rowmajor,5,0.2999999541089051,2.270690689329058,0.33414149416048783
magnitude-u30,magnitude,unstructured,0.29999979878519917,21.743524569203167,up_proj,128,dense,5,0.2999999541089051,0.7581743062473834,1.0
magnitude-u30,magnitude,unstructured,0.29999979878519917,21.743524569203167,up_proj,512,csr,5,0.2999999541089051,13.62256909487769,0.16263083036915582
magnitude-u30,magnitude,unstructured,0.29999979878519917,21.743524569203167,up_proj,512,csr_random,5,0.2999999541089051,13.630265928804874,0.162543324199842
magnitude-u30,magnitude,unstructured,0.29999979878519917,21.743524569203167,up_proj,512,csr_rowmajor,5,0.2999999541089051,13.15693078795448,0.16845535811222107
magnitude-u30,magnitude,unstructured,0.29999979878519917,21.743524569203167,up_proj,512,dense,5,0.2999999541089051,2.215248893480748,1.0
magnitude-u30,magnitude,unstructured,0.29999979878519917,21.743524569203167,v_proj,1,csr,5,0.2999965122767857,0.03411099314689636,0.20378111582311995
magnitude-u30,magnitude,unstructured,0.29999979878519917,21.743524569203167,v_proj,1,csr_random,5,0.2999965122767857,0.03403896698728204,0.20420420966971847
magnitude-u30,magnitude,unstructured,0.29999979878519917,21.743524569203167,v_proj,1,csr_rowmajor,5,0.2999965122767857,0.032069196458905935,0.21674510201664357
magnitude-u30,magnitude,unstructured,0.29999979878519917,21.743524569203167,v_proj,1,dense,5,0.2999965122767857,0.006950809620320797,1.0
magnitude-u30,magnitude,unstructured,0.29999979878519917,21.743524569203167,v_proj,8,csr,5,0.2999965122767857,0.04699447890743613,0.37002239178857643
magnitude-u30,magnitude,unstructured,0.29999979878519917,21.743524569203167,v_proj,8,csr_random,5,0.2999965122767857,0.046746060252189636,0.37191010985724393
magnitude-u30,magnitude,unstructured,0.29999979878519917,21.743524569203167,v_proj,8,csr_rowmajor,5,0.2999965122767857,0.027958594728261232,0.621791334563094
magnitude-u30,magnitude,unstructured,0.29999979878519917,21.743524569203167,v_proj,8,dense,5,0.2999965122767857,0.01738431164994836,1.0
magnitude-u30,magnitude,unstructured,0.29999979878519917,21.743524569203167,v_proj,32,csr,5,0.2999965122767857,0.0783001072704792,0.281020970016184
magnitude-u30,magnitude,unstructured,0.29999979878519917,21.743524569203167,v_proj,32,csr_random,5,0.2999965122767857,0.07858439348638058,0.2799897368890656
magnitude-u30,magnitude,unstructured,0.29999979878519917,21.743524569203167,v_proj,32,csr_rowmajor,5,0.2999965122767857,0.03661842783913016,0.6008562112967548
magnitude-u30,magnitude,unstructured,0.29999979878519917,21.743524569203167,v_proj,32,dense,5,0.2999965122767857,0.02200179733335972,1.0
magnitude-u30,magnitude,unstructured,0.29999979878519917,21.743524569203167,v_proj,128,csr,5,0.2999965122767857,0.24783628759905696,0.17816350675243994
magnitude-u30,magnitude,unstructured,0.29999979878519917,21.743524569203167,v_proj,128,csr_random,5,0.2999965122767857,0.24986081989482045,0.17670735664442894
magnitude-u30,magnitude,unstructured,0.29999979878519917,21.743524569203167,v_proj,128,csr_rowmajor,5,0.2999965122767857,0.08426011772826314,0.5241866690225668
magnitude-u30,magnitude,unstructured,0.29999979878519917,21.743524569203167,v_proj,128,dense,5,0.2999965122767857,0.044145574793219566,1.0
magnitude-u30,magnitude,unstructured,0.29999979878519917,21.743524569203167,v_proj,512,csr,5,0.2999965122767857,1.1179139837622643,0.09008239911340382
magnitude-u30,magnitude,unstructured,0.29999979878519917,21.743524569203167,v_proj,512,csr_random,5,0.2999965122767857,1.127554220147431,0.08929924754964874
magnitude-u30,magnitude,unstructured,0.29999979878519917,21.743524569203167,v_proj,512,csr_rowmajor,5,0.2999965122767857,0.4052717937156558,0.24855550098513327
magnitude-u30,magnitude,unstructured,0.29999979878519917,21.743524569203167,v_proj,512,dense,5,0.2999965122767857,0.10069588897749782,1.0
magnitude-u50,magnitude,unstructured,0.5,481.5179978053711,down_proj,1,csr,5,0.5,0.3502257168292999,0.10925247425885745
magnitude-u50,magnitude,unstructured,0.5,481.5179978053711,down_proj,1,csr_random,5,0.5,0.3514207899570465,0.10887487209825168
magnitude-u50,magnitude,unstructured,0.5,481.5179978053711,down_proj,1,csr_rowmajor,5,0.5,0.3481939435005188,0.1098892834869435
magnitude-u50,magnitude,unstructured,0.5,481.5179978053711,down_proj,1,dense,5,0.5,0.03825575113296509,1.0
magnitude-u50,magnitude,unstructured,0.5,481.5179978053711,down_proj,8,csr,5,0.5,0.3231056034564972,0.394421189530749
magnitude-u50,magnitude,unstructured,0.5,481.5179978053711,down_proj,8,csr_random,5,0.5,0.3219541162252426,0.3958547068579532
magnitude-u50,magnitude,unstructured,0.5,481.5179978053711,down_proj,8,csr_rowmajor,5,0.5,0.24673119187355042,0.5166770370916973
magnitude-u50,magnitude,unstructured,0.5,481.5179978053711,down_proj,8,dense,5,0.5,0.12748539447784424,1.0
magnitude-u50,magnitude,unstructured,0.5,481.5179978053711,down_proj,32,csr,5,0.5,0.8166663348674774,0.5586424287285539
magnitude-u50,magnitude,unstructured,0.5,481.5179978053711,down_proj,32,csr_random,5,0.5,0.8222967386245728,0.5548282922955055
magnitude-u50,magnitude,unstructured,0.5,481.5179978053711,down_proj,32,csr_rowmajor,5,0.5,0.4787001758813858,0.9530526890928085
magnitude-u50,magnitude,unstructured,0.5,481.5179978053711,down_proj,32,dense,5,0.5,0.45622214674949646,1.0
magnitude-u50,magnitude,unstructured,0.5,481.5179978053711,down_proj,128,csr,5,0.5,4.565257579088211,0.13134614390737312
magnitude-u50,magnitude,unstructured,0.5,481.5179978053711,down_proj,128,csr_random,5,0.5,4.5059144496917725,0.13307522906433708
magnitude-u50,magnitude,unstructured,0.5,481.5179978053711,down_proj,128,csr_rowmajor,5,0.5,3.683428093791008,0.16280081820067502
magnitude-u50,magnitude,unstructured,0.5,481.5179978053711,down_proj,128,dense,5,0.5,0.599559023976326,1.0
magnitude-u50,magnitude,unstructured,0.5,481.5179978053711,down_proj,512,csr,5,0.5,17.17781312763691,0.15884950869526246
magnitude-u50,magnitude,unstructured,0.5,481.5179978053711,down_proj,512,csr_random,5,0.5,17.231770232319832,0.15837721144909878
magnitude-u50,magnitude,unstructured,0.5,481.5179978053711,down_proj,512,csr_rowmajor,5,0.5,13.453380018472672,0.2026619278094667
magnitude-u50,magnitude,unstructured,0.5,481.5179978053711,down_proj,512,dense,5,0.5,2.7237940579652786,1.0
magnitude-u50,magnitude,unstructured,0.5,481.5179978053711,gate_proj,1,csr,5,0.5,0.3183312714099884,0.11761826433552036
magnitude-u50,magnitude,unstructured,0.5,481.5179978053711,gate_proj,1,csr_random,5,0.5,0.3174141049385071,0.1179472992139161
magnitude-u50,magnitude,unstructured,0.5,481.5179978053711,gate_proj,1,csr_rowmajor,5,0.5,0.31532570719718933,0.11873669907844298
magnitude-u50,magnitude,unstructured,0.5,481.5179978053711,gate_proj,1,dense,5,0.5,0.03743395209312439,1.0
magnitude-u50,magnitude,unstructured,0.5,481.5179978053711,gate_proj,8,csr,5,0.5,0.2580486238002777,0.3421142372584982
magnitude-u50,magnitude,unstructured,0.5,481.5179978053711,gate_proj,8,csr_random,5,0.5,0.2568114548921585,0.34364032895293
magnitude-u50,magnitude,unstructured,0.5,481.5179978053711,gate_proj,8,csr_rowmajor,5,0.5,0.23780390620231628,0.37119416049653287
magnitude-u50,magnitude,unstructured,0.5,481.5179978053711,gate_proj,8,dense,5,0.5,0.08823201060295105,1.0
magnitude-u50,magnitude,unstructured,0.5,481.5179978053711,gate_proj,32,csr,5,0.5,0.4969365894794464,0.913037379641379
magnitude-u50,magnitude,unstructured,0.5,481.5179978053711,gate_proj,32,csr_random,5,0.5,0.49779824912548065,0.9114500908802413
magnitude-u50,magnitude,unstructured,0.5,481.5179978053711,gate_proj,32,csr_rowmajor,5,0.5,0.45781880617141724,0.9910378095112016
magnitude-u50,magnitude,unstructured,0.5,481.5179978053711,gate_proj,32,dense,5,0.5,0.45371316373348236,1.0
magnitude-u50,magnitude,unstructured,0.5,481.5179978053711,gate_proj,128,csr,5,0.5,1.6604036092758179,0.4431155687686676
magnitude-u50,magnitude,unstructured,0.5,481.5179978053711,gate_proj,128,csr_random,5,0.5,1.6658905893564224,0.44170845142041526
magnitude-u50,magnitude,unstructured,0.5,481.5179978053711,gate_proj,128,csr_rowmajor,5,0.5,1.584763079881668,0.46435380758696193
magnitude-u50,magnitude,unstructured,0.5,481.5179978053711,gate_proj,128,dense,5,0.5,0.7350519299507141,1.0
magnitude-u50,magnitude,unstructured,0.5,481.5179978053711,gate_proj,512,csr,5,0.5,8.267569169402122,0.2675615467117688
magnitude-u50,magnitude,unstructured,0.5,481.5179978053711,gate_proj,512,csr_random,5,0.5,8.205661550164223,0.2695706054808431
magnitude-u50,magnitude,unstructured,0.5,481.5179978053711,gate_proj,512,csr_rowmajor,5,0.5,7.57506787776947,0.2921605432139785
magnitude-u50,magnitude,unstructured,0.5,481.5179978053711,gate_proj,512,dense,5,0.5,2.209247648715973,1.0
magnitude-u50,magnitude,unstructured,0.5,481.5179978053711,k_proj,1,csr,5,0.5,0.03006160259246826,0.23998653769747036
magnitude-u50,magnitude,unstructured,0.5,481.5179978053711,k_proj,1,csr_random,5,0.5,0.03001764416694641,0.24034010241450185
magnitude-u50,magnitude,unstructured,0.5,481.5179978053711,k_proj,1,csr_rowmajor,5,0.5,0.028229504823684692,0.2555587738860001
magnitude-u50,magnitude,unstructured,0.5,481.5179978053711,k_proj,1,dense,5,0.5,0.007214397192001343,1.0
magnitude-u50,magnitude,unstructured,0.5,481.5179978053711,k_proj,8,csr,5,0.5,0.045223161578178406,0.3875961059054162
magnitude-u50,magnitude,unstructured,0.5,481.5179978053711,k_proj,8,csr_random,5,0.5,0.0452481210231781,0.38736192513698436
magnitude-u50,magnitude,unstructured,0.5,481.5179978053711,k_proj,8,csr_rowmajor,5,0.5,0.02576000988483429,0.6802544270058796
magnitude-u50,magnitude,unstructured,0.5,481.5179978053711,k_proj,8,dense,5,0.5,0.01752302050590515,1.0
magnitude-u50,magnitude,unstructured,0.5,481.5179978053711,k_proj,32,csr,5,0.5,0.07284209132194519,0.30143134796674503
magnitude-u50,magnitude,unstructured,0.5,481.5179978053711,k_proj,32,csr_random,5,0.5,0.07220357656478882,0.3041048616957313
magnitude-u50,magnitude,unstructured,0.5,481.5179978053711,k_proj,32,csr_rowmajor,5,0.5,0.03063604235649109,0.7167136428971237
magnitude-u50,magnitude,unstructured,0.5,481.5179978053711,k_proj,32,dense,5,0.5,0.02195611596107483,1.0
magnitude-u50,magnitude,unstructured,0.5,481.5179978053711,k_proj,128,csr,5,0.5,0.2347957342863083,0.18729414611880876
magnitude-u50,magnitude,unstructured,0.5,481.5179978053711,k_proj,128,csr_random,5,0.5,0.23541748523712158,0.18678327570012457
magnitude-u50,magnitude,unstructured,0.5,481.5179978053711,k_proj,128,csr_rowmajor,5,0.5,0.06608404219150543,0.6664987923646499
magnitude-u50,magnitude,unstructured,0.5,481.5179978053711,k_proj,128,dense,5,0.5,0.043970346450805664,1.0
magnitude-u50,magnitude,unstructured,0.5,481.5179978053711,k_proj,512,csr,5,0.5,0.9796872735023499,0.10372512607123878
magnitude-u50,magnitude,unstructured,0.5,481.5179978053711,k_proj,512,csr_random,5,0.5,0.9762242436408997,0.10410545654895105
magnitude-u50,magnitude,unstructured,0.5,481.5179978053711,k_proj,512,csr_rowmajor,5,0.5,0.2662286162376404,0.381837701299978
magnitude-u50,magnitude,unstructured,0.5,481.5179978053711,k_proj,512,dense,5,0.5,0.10162778198719025,1.0
magnitude-u50,magnitude,unstructured,0.5,481.5179978053711,o_proj,1,csr,5,0.5,0.06540939211845398,0.1806981051727269
magnitude-u50,magnitude,unstructured,0.5,481.5179978053711,o_proj,1,csr_random,5,0.5,0.06572306156158447,0.1798297674373612
magnitude-u50,magnitude,unstructured,0.5,481.5179978053711,o_proj,1,csr_rowmajor,5,0.5,0.0635392963886261,0.18601996210770447
magnitude-u50,magnitude,unstructured,0.5,481.5179978053711,o_proj,1,dense,5,0.5,0.011818110942840576,1.0
magnitude-u50,magnitude,unstructured,0.5,481.5179978053711,o_proj,8,csr,5,0.5,0.06447248160839081,1.1450392623962429
magnitude-u50,magnitude,unstructured,0.5,481.5179978053711,o_proj,8,csr_random,5,0.5,0.06506554782390594,1.1346036150023255
magnitude-u50,magnitude,unstructured,0.5,481.5179978053711,o_proj,8,csr_rowmajor,5,0.5,0.04537925124168396,1.6268074131450743
magnitude-u50,magnitude,unstructured,0.5,481.5179978053711,o_proj,8,dense,5,0.5,0.07382184267044067,1.0
magnitude-u50,magnitude,unstructured,0.5,481.5179978053711,o_proj,32,csr,5,0.5,0.13581663370132446,0.6838609031933985
magnitude-u50,magnitude,unstructured,0.5,481.5179978053711,o_proj,32,csr_random,5,0.5,0.1360975205898285,0.6824550733498773
magnitude-u50,magnitude,unstructured,0.5,481.5179978053711,o_proj,32,csr_rowmajor,5,0.5,0.09164512157440186,1.0134861320507207
magnitude-u50,magnitude,unstructured,0.5,481.5179978053711,o_proj,32,dense,5,0.5,0.09287819266319275,1.0
magnitude-u50,magnitude,unstructured,0.5,481.5179978053711,o_proj,128,csr,5,0.5,0.45039430260658264,0.3744437464191816
magnitude-u50,magnitude,unstructured,0.5,481.5179978053711,o_proj,128,csr_random,5,0.5,0.4519224166870117,0.3732354684037248
magnitude-u50,magnitude,unstructured,0.5,481.5179978053711,o_proj,128,csr_rowmajor,5,0.5,0.28689317405223846,0.5887178028527063
magnitude-u50,magnitude,unstructured,0.5,481.5179978053711,o_proj,128,dense,5,0.5,0.16861967742443085,1.0
magnitude-u50,magnitude,unstructured,0.5,481.5179978053711,o_proj,512,csr,5,0.5,1.9884899258613586,0.22151292845479834
magnitude-u50,magnitude,unstructured,0.5,481.5179978053711,o_proj,512,csr_random,5,0.5,2.000901475548744,0.2199851047710176
magnitude-u50,magnitude,unstructured,0.5,481.5179978053711,o_proj,512,csr_rowmajor,5,0.5,1.4216411858797073,0.31009349274513676
magnitude-u50,magnitude,unstructured,0.5,481.5179978053711,o_proj,512,dense,5,0.5,0.43984875082969666,1.0
magnitude-u50,magnitude,unstructured,0.5,481.5179978053711,q_proj,1,csr,5,0.5,0.06557181477546692,0.1804531863809878
magnitude-u50,magnitude,unstructured,0.5,481.5179978053711,q_proj,1,csr_random,5,0.5,0.06556175649166107,0.18048131640547704
magnitude-u50,magnitude,unstructured,0.5,481.5179978053711,q_proj,1,csr_rowmajor,5,0.5,0.0635836273431778,0.18609679275701552
magnitude-u50,magnitude,unstructured,0.5,481.5179978053711,q_proj,1,dense,5,0.5,0.011832267045974731,1.0
magnitude-u50,magnitude,unstructured,0.5,481.5179978053711,q_proj,8,csr,5,0.5,0.06458684802055359,1.143859903192085
magnitude-u50,magnitude,unstructured,0.5,481.5179978053711,q_proj,8,csr_random,5,0.5,0.06468892097473145,1.142076823303214
magnitude-u50,magnitude,unstructured,0.5,481.5179978053711,q_proj,8,csr_rowmajor,5,0.5,0.04550740122795105,1.6234161238693503
magnitude-u50,magnitude,unstructured,0.5,481.5179978053711,q_proj,8,dense,5,0.5,0.07387697696685791,1.0
magnitude-u50,magnitude,unstructured,0.5,481.5179978053711,q_proj,32,csr,5,0.5,0.1357603818178177,0.6842232145836218
magnitude-u50,magnitude,unstructured,0.5,481.5179978053711,q_proj,32,csr_random,5,0.5,0.1366976648569107,0.6795319575396418
magnitude-u50,magnitude,unstructured,0.5,481.5179978053711,q_proj,32,csr_rowmajor,5,0.5,0.09184852242469788,1.0113417026506917
magnitude-u50,magnitude,unstructured,0.5,481.5179978053711,q_proj,32,dense,5,0.5,0.09288936853408813,1.0
magnitude-u50,magnitude,unstructured,0.5,481.5179978053711,q_proj,128,csr,5,0.5,0.4531394690275192,0.3722339027321201
magnitude-u50,magnitude,unstructured,0.5,481.5179978053711,q_proj,128,csr_random,5,0.5,0.45509934425354004,0.3706042828605669
magnitude-u50,magnitude,unstructured,0.5,481.5179978053711,q_proj,128,csr_rowmajor,5,0.5,0.28795264661312103,0.5864264413698538
magnitude-u50,magnitude,unstructured,0.5,481.5179978053711,q_proj,128,dense,5,0.5,0.16859769821166992,1.0
magnitude-u50,magnitude,unstructured,0.5,481.5179978053711,q_proj,512,csr,5,0.5,2.0885583013296127,0.21054420377822072
magnitude-u50,magnitude,unstructured,0.5,481.5179978053711,q_proj,512,csr_random,5,0.5,2.0202483981847763,0.2177999773703162
magnitude-u50,magnitude,unstructured,0.5,481.5179978053711,q_proj,512,csr_rowmajor,5,0.5,1.4861803501844406,0.29591783658371507
magnitude-u50,magnitude,unstructured,0.5,481.5179978053711,q_proj,512,dense,5,0.5,0.43957121670246124,1.0
magnitude-u50,magnitude,unstructured,0.5,481.5179978053711,up_proj,1,csr,5,0.5,0.31856000423431396,0.11713529607614581
magnitude-u50,magnitude,unstructured,0.5,481.5179978053711,up_proj,1,csr_random,5,0.5,0.3204271197319031,0.11644898451759371
magnitude-u50,magnitude,unstructured,0.5,481.5179978053711,up_proj,1,csr_rowmajor,5,0.5,0.31559765338897705,0.11823310989827238
magnitude-u50,magnitude,unstructured,0.5,481.5179978053711,up_proj,1,dense,5,0.5,0.037311017513275146,1.0
magnitude-u50,magnitude,unstructured,0.5,481.5179978053711,up_proj,8,csr,5,0.5,0.2580501139163971,0.33978301712159437
magnitude-u50,magnitude,unstructured,0.5,481.5179978053711,up_proj,8,csr_random,5,0.5,0.25888867676258087,0.33886043209919675
magnitude-u50,magnitude,unstructured,0.5,481.5179978053711,up_proj,8,csr_rowmajor,5,0.5,0.2381734549999237,0.36810621653429215
magnitude-u50,magnitude,unstructured,0.5,481.5179978053711,up_proj,8,dense,5,0.5,0.08766539394855499,1.0
magnitude-u50,magnitude,unstructured,0.5,481.5179978053711,up_proj,32,csr,5,0.5,0.4983052611351013,0.9099566935767627
magnitude-u50,magnitude,unstructured,0.5,481.5179978053711,up_proj,32,csr_random,5,0.5,0.49903057515621185,0.9086179359318102
magnitude-u50,magnitude,unstructured,0.5,481.5179978053711,up_proj,32,csr_rowmajor,5,0.5,0.459936261177063,0.9858447020663698
magnitude-u50,magnitude,unstructured,0.5,481.5179978053711,up_proj,32,dense,5,0.5,0.4534240812063217,1.0
magnitude-u50,magnitude,unstructured,0.5,481.5179978053711,up_proj,128,csr,5,0.5,1.6616523265838623,0.4414405140471381
magnitude-u50,magnitude,unstructured,0.5,481.5179978053711,up_proj,128,csr_random,5,0.5,1.6597319394350052,0.4419647293025973
magnitude-u50,magnitude,unstructured,0.5,481.5179978053711,up_proj,128,csr_rowmajor,5,0.5,1.5768688172101974,0.46549773080127793
magnitude-u50,magnitude,unstructured,0.5,481.5179978053711,up_proj,128,dense,5,0.5,0.7328636944293976,1.0
magnitude-u50,magnitude,unstructured,0.5,481.5179978053711,up_proj,512,csr,5,0.5,8.243310451507568,0.2680385141067249
magnitude-u50,magnitude,unstructured,0.5,481.5179978053711,up_proj,512,csr_random,5,0.5,8.23751762509346,0.2682822904310146
magnitude-u50,magnitude,unstructured,0.5,481.5179978053711,up_proj,512,csr_rowmajor,5,0.5,7.493625208735466,0.2949830017913954
magnitude-u50,magnitude,unstructured,0.5,481.5179978053711,up_proj,512,dense,5,0.5,2.2070974111557007,1.0
magnitude-u50,magnitude,unstructured,0.5,481.5179978053711,v_proj,1,csr,5,0.5,0.029941648244857788,0.23988617805325857
magnitude-u50,magnitude,unstructured,0.5,481.5179978053711,v_proj,1,csr_random,5,0.5,0.03000125288963318,0.23940256593933157
magnitude-u50,magnitude,unstructured,0.5,481.5179978053711,v_proj,1,csr_rowmajor,5,0.5,0.028010457754135132,0.2564240249014761
magnitude-u50,magnitude,unstructured,0.5,481.5179978053711,v_proj,1,dense,5,0.5,0.00718235969543457,1.0
magnitude-u50,magnitude,unstructured,0.5,481.5179978053711,v_proj,8,csr,5,0.5,0.04498809576034546,0.38904357872151
magnitude-u50,magnitude,unstructured,0.5,481.5179978053711,v_proj,8,csr_random,5,0.5,0.044943392276763916,0.3893659913366837
magnitude-u50,magnitude,unstructured,0.5,481.5179978053711,v_proj,8,csr_rowmajor,5,0.5,0.025729835033416748,0.6801144345456916
magnitude-u50,magnitude,unstructured,0.5,481.5179978053711,v_proj,8,dense,5,0.5,0.017499178647994995,1.0
magnitude-u50,magnitude,unstructured,0.5,481.5179978053711,v_proj,32,csr,5,0.5,0.07243826985359192,0.3034843735708083
magnitude-u50,magnitude,unstructured,0.5,481.5179978053711,v_proj,32,csr_random,5,0.5,0.07249973714351654,0.30323378927437117
magnitude-u50,magnitude,unstructured,0.5,481.5179978053711,v_proj,32,csr_rowmajor,5,0.5,0.030693411827087402,0.7162343302590194
magnitude-u50,magnitude,unstructured,0.5,481.5179978053711,v_proj,32,dense,5,0.5,0.021982938051223755,1.0
magnitude-u50,magnitude,unstructured,0.5,481.5179978053711,v_proj,128,csr,5,0.5,0.23455731570720673,0.18772124345092267
magnitude-u50,magnitude,unstructured,0.5,481.5179978053711,v_proj,128,csr_random,5,0.5,0.2341989427804947,0.18802112024709386
magnitude-u50,magnitude,unstructured,0.5,481.5179978053711,v_proj,128,csr_rowmajor,5,0.5,0.06534010171890259,0.6750333269597784
magnitude-u50,magnitude,unstructured,0.5,481.5179978053711,v_proj,128,dense,5,0.5,0.04403069615364075,1.0
magnitude-u50,magnitude,unstructured,0.5,481.5179978053711,v_proj,512,csr,5,0.5,0.9661924093961716,0.10833269534239509
magnitude-u50,magnitude,unstructured,0.5,481.5179978053711,v_proj,512,csr_random,5,0.5,0.9729482233524323,0.10754658293918032
magnitude-u50,magnitude,unstructured,0.5,481.5179978053711,v_proj,512,csr_rowmajor,5,0.5,0.2507604658603668,0.41794559379689794
magnitude-u50,magnitude,unstructured,0.5,481.5179978053711,v_proj,512,dense,5,0.5,0.10461807250976562,1.0
magnitude-u60,magnitude,unstructured,0.5999997317135989,11808.859467594953,down_proj,1,csr,5,0.5999999082178101,0.2929065376520157,0.12965853151735798
magnitude-u60,magnitude,unstructured,0.5999997317135989,11808.859467594953,down_proj,1,csr_random,5,0.5999999082178101,0.2861924469470978,0.13265799443554468
magnitude-u60,magnitude,unstructured,0.5999997317135989,11808.859467594953,down_proj,1,csr_rowmajor,5,0.5999999082178101,0.2894993871450424,0.13118238898498466
magnitude-u60,magnitude,unstructured,0.5999997317135989,11808.859467594953,down_proj,1,dense,5,0.5999999082178101,0.03796517848968506,1.0
magnitude-u60,magnitude,unstructured,0.5999997317135989,11808.859467594953,down_proj,8,csr,5,0.5999999082178101,0.27229636907577515,0.47308730967111506
magnitude-u60,magnitude,unstructured,0.5999997317135989,11808.859467594953,down_proj,8,csr_random,5,0.5999999082178101,0.26733390986919403,0.48176818057910725
magnitude-u60,magnitude,unstructured,0.5999997317135989,11808.859467594953,down_proj,8,csr_rowmajor,5,0.5999999082178101,0.19846633076667786,0.6490369998301598
magnitude-u60,magnitude,unstructured,0.5999997317135989,11808.859467594953,down_proj,8,dense,5,0.5999999082178101,0.12878775596618652,1.0
magnitude-u60,magnitude,unstructured,0.5999997317135989,11808.859467594953,down_proj,32,csr,5,0.5999999082178101,0.5711853504180908,0.4189956161395378
magnitude-u60,magnitude,unstructured,0.5999997317135989,11808.859467594953,down_proj,32,csr_random,5,0.5999999082178101,0.5688793957233429,0.4206664982828691
magnitude-u60,magnitude,unstructured,0.5999997317135989,11808.859467594953,down_proj,32,csr_rowmajor,5,0.5999999082178101,0.3828134387731552,0.6250637992649389
magnitude-u60,magnitude,unstructured,0.5999997317135989,11808.859467594953,down_proj,32,dense,5,0.5999999082178101,0.2392806112766266,1.0
magnitude-u60,magnitude,unstructured,0.5999997317135989,11808.859467594953,down_proj,128,csr,5,0.5999999082178101,4.011089727282524,0.15299565082539457
magnitude-u60,magnitude,unstructured,0.5999997317135989,11808.859467594953,down_proj,128,csr_random,5,0.5999999082178101,3.7755854427814484,0.1619348784622897
magnitude-u60,magnitude,unstructured,0.5999997317135989,11808.859467594953,down_proj,128,csr_rowmajor,5,0.5999999082178101,2.9815372079610825,0.20572643609915306
magnitude-u60,magnitude,unstructured,0.5999997317135989,11808.859467594953,down_proj,128,dense,5,0.5999999082178101,0.6105706095695496,1.0
magnitude-u60,magnitude,unstructured,0.5999997317135989,11808.859467594953,down_proj,512,csr,5,0.5999999082178101,17.907221615314484,0.15091159955195732
magnitude-u60,magnitude,unstructured,0.5999997317135989,11808.859467594953,down_proj,512,csr_random,5,0.5999999082178101,17.85883679986,0.15131484228871828
magnitude-u60,magnitude,unstructured,0.5999997317135989,11808.859467594953,down_proj,512,csr_rowmajor,5,0.5999999082178101,13.494537398219109,0.20024911293144168
magnitude-u60,magnitude,unstructured,0.5999997317135989,11808.859467594953,down_proj,512,dense,5,0.5999999082178101,2.702134847640991,1.0
magnitude-u60,magnitude,unstructured,0.5999997317135989,11808.859467594953,gate_proj,1,csr,5,0.5999999082178101,0.2517014741897583,0.14430588473753117
magnitude-u60,magnitude,unstructured,0.5999997317135989,11808.859467594953,gate_proj,1,csr_random,5,0.5999999082178101,0.252285972237587,0.143956518337852
magnitude-u60,magnitude,unstructured,0.5999997317135989,11808.859467594953,gate_proj,1,csr_rowmajor,5,0.5999999082178101,0.2492029219865799,0.14574958249727032
magnitude-u60,magnitude,unstructured,0.5999997317135989,11808.859467594953,gate_proj,1,dense,5,0.5999999082178101,0.0363178551197052,1.0
magnitude-u60,magnitude,unstructured,0.5999997317135989,11808.859467594953,gate_proj,8,csr,5,0.5999999082178101,0.20547136664390564,0.409951044325788
magnitude-u60,magnitude,unstructured,0.5999997317135989,11808.859467594953,gate_proj,8,csr_random,5,0.5999999082178101,0.20562410354614258,0.4095043829756968
magnitude-u60,magnitude,unstructured,0.5999997317135989,11808.859467594953,gate_proj,8,csr_rowmajor,5,0.5999999082178101,0.18685907125473022,0.4507844802148022
magnitude-u60,magnitude,unstructured,0.5999997317135989,11808.859467594953,gate_proj,8,dense,5,0.5999999082178101,0.08422508835792542,1.0
magnitude-u60,magnitude,unstructured,0.5999997317135989,11808.859467594953,gate_proj,32,csr,5,0.5999999082178101,0.40162689983844757,0.5769526970614935
magnitude-u60,magnitude,unstructured,0.5999997317135989,11808.859467594953,gate_proj,32,csr_random,5,0.5999999082178101,0.40197819471359253,0.5764427008300834
magnitude-u60,magnitude,unstructured,0.5999997317135989,11808.859467594953,gate_proj,32,csr_rowmajor,5,0.5999999082178101,0.3631100058555603,0.6381539622335141
magnitude-u60,magnitude,unstructured,0.5999997317135989,11808.859467594953,gate_proj,32,dense,5,0.5999999082178101,0.23171380162239075,1.0
magnitude-u60,magnitude,unstructured,0.5999997317135989,11808.859467594953,gate_proj,128,csr,5,0.5999999082178101,1.3214822858572006,0.57429924843198
magnitude-u60,magnitude,unstructured,0.5999997317135989,11808.859467594953,gate_proj,128,csr_random,5,0.5999999082178101,1.315876841545105,0.5767494231649906
magnitude-u60,magnitude,unstructured,0.5999997317135989,11808.859467594953,gate_proj,128,csr_rowmajor,5,0.5999999082178101,1.267741620540619,0.5994440826381825
magnitude-u60,magnitude,unstructured,0.5999997317135989,11808.859467594953,gate_proj,128,dense,5,0.5999999082178101,0.7589254528284073,1.0
magnitude-u60,magnitude,unstructured,0.5999997317135989,11808.859467594953,gate_proj,512,csr,5,0.5999999082178101,7.170579954981804,0.3080268097599707
magnitude-u60,magnitude,unstructured,0.5999997317135989,11808.859467594953,gate_proj,512,csr_random,5,0.5999999082178101,7.081586867570877,0.3118474304113739
magnitude-u60,magnitude,unstructured,0.5999997317135989,11808.859467594953,gate_proj,512,csr_rowmajor,5,0.5999999082178101,6.365381181240082,0.3470345553550619
magnitude-u60,magnitude,unstructured,0.5999997317135989,11808.859467594953,gate_proj,512,dense,5,0.5999999082178101,2.202499285340309,1.0
magnitude-u60,magnitude,unstructured,0.5999997317135989,11808.859467594953,k_proj,1,csr,5,0.5999930245535714,0.028480589389801025,0.23921614666582788
magnitude-u60,magnitude,unstructured,0.5999997317135989,11808.859467594953,k_proj,1,csr_random,5,0.5999930245535714,0.028496980667114258,0.2390712279470992
magnitude-u60,magnitude,unstructured,0.5999997317135989,11808.859467594953,k_proj,1,csr_rowmajor,5,0.5999930245535714,0.02668723464012146,0.2552899065109069
magnitude-u60,magnitude,unstructured,0.5999997317135989,11808.859467594953,k_proj,1,dense,5,0.5999930245535714,0.0068128108978271484,1.0
magnitude-u60,magnitude,unstructured,0.5999997317135989,11808.859467594953,k_proj,8,csr,5,0.5999930245535714,0.04305019974708557,0.26694182841074054
magnitude-u60,magnitude,unstructured,0.5999997317135989,11808.859467594953,k_proj,8,csr_random,5,0.5999930245535714,0.04289411008358002,0.26790442675042636
magnitude-u60,magnitude,unstructured,0.5999997317135989,11808.859467594953,k_proj,8,csr_rowmajor,5,0.5999930245535714,0.02437308430671692,0.4714669944728294
magnitude-u60,magnitude,unstructured,0.5999997317135989,11808.859467594953,k_proj,8,dense,5,0.5999930245535714,0.01149103045463562,1.0
magnitude-u60,magnitude,unstructured,0.5999997317135989,11808.859467594953,k_proj,32,csr,5,0.5999930245535714,0.070895254611969,0.22560158424942234
magnitude-u60,magnitude,unstructured,0.5999997317135989,11808.859467594953,k_proj,32,csr_random,5,0.5999930245535714,0.07089376449584961,0.22559983144058113
magnitude-u60,magnitude,unstructured,0.5999997317135989,11808.859467594953,k_proj,32,csr_rowmajor,5,0.5999930245535714,0.028708577156066895,0.5571024685177711
magnitude-u60,magnitude,unstructured,0.5999997317135989,11808.859467594953,k_proj,32,dense,5,0.5999930245535714,0.01599341630935669,1.0
magnitude-u60,magnitude,unstructured,0.5999997317135989,11808.859467594953,k_proj,128,csr,5,0.5999930245535714,0.22268518805503845,0.1441340271764468
magnitude-u60,magnitude,unstructured,0.5999997317135989,11808.859467594953,k_proj,128,csr_random,5,0.5999930245535714,0.2229921519756317,0.14391690790286998
magnitude-u60,magnitude,unstructured,0.5999997317135989,11808.859467594953,k_proj,128,csr_rowmajor,5,0.5999930245535714,0.05627647042274475,0.570575371713159
magnitude-u60,magnitude,unstructured,0.5999997317135989,11808.859467594953,k_proj,128,dense,5,0.5999930245535714,0.03208816051483154,1.0
magnitude-u60,magnitude,unstructured,0.5999997317135989,11808.859467594953,k_proj,512,csr,5,0.5999930245535714,0.9400941431522369,0.08516067924900961
magnitude-u60,magnitude,unstructured,0.5999997317135989,11808.859467594953,k_proj,512,csr_random,5,0.5999930245535714,0.9501047432422638,0.08423885813330063
magnitude-u60,magnitude,unstructured,0.5999997317135989,11808.859467594953,k_proj,512,csr_rowmajor,5,0.5999930245535714,0.22175796329975128,0.3619622062666591
magnitude-u60,magnitude,unstructured,0.5999997317135989,11808.859467594953,k_proj,512,dense,5,0.5999930245535714,0.08003897964954376,1.0
magnitude-u60,magnitude,unstructured,0.5999997317135989,11808.859467594953,o_proj,1,csr,5,0.5999992526307398,0.058527663350105286,0.195268043828806
magnitude-u60,magnitude,unstructured,0.5999997317135989,11808.859467594953,o_proj,1,csr_random,5,0.5999992526307398,0.05846098065376282,0.19549177678229285
magnitude-u60,magnitude,unstructured,0.5999997317135989,11808.859467594953,o_proj,1,csr_rowmajor,5,0.5999992526307398,0.05645751953125,0.20242854372253044
magnitude-u60,magnitude,unstructured,0.5999997317135989,11808.859467594953,o_proj,1,dense,5,0.5999992526307398,0.011427700519561768,1.0
magnitude-u60,magnitude,unstructured,0.5999997317135989,11808.859467594953,o_proj,8,csr,5,0.5999992526307398,0.06097257137298584,0.5417781373501971
magnitude-u60,magnitude,unstructured,0.5999997317135989,11808.859467594953,o_proj,8,csr_random,5,0.5999992526307398,0.061321258544921875,0.5387166266924278
magnitude-u60,magnitude,unstructured,0.5999997317135989,11808.859467594953,o_proj,8,csr_rowmajor,5,0.5999992526307398,0.04194825887680054,0.7874179404197064
magnitude-u60,magnitude,unstructured,0.5999997317135989,11808.859467594953,o_proj,8,dense,5,0.5999992526307398,0.03303065896034241,1.0
magnitude-u60,magnitude,unstructured,0.5999997317135989,11808.859467594953,o_proj,32,csr,5,0.5999992526307398,0.12471899390220642,0.4194610183852911
magnitude-u60,magnitude,unstructured,0.5999997317135989,11808.859467594953,o_proj,32,csr_random,5,0.5999992526307398,0.12434497475624084,0.42071330527584394
magnitude-u60,magnitude,unstructured,0.5999997317135989,11808.859467594953,o_proj,32,csr_rowmajor,5,0.5999992526307398,0.08046180009841919,0.6501837853772323
magnitude-u60,magnitude,unstructured,0.5999997317135989,11808.859467594953,o_proj,32,dense,5,0.5999992526307398,0.05231350660324097,1.0
magnitude-u60,magnitude,unstructured,0.5999997317135989,11808.859467594953,o_proj,128,csr,5,0.5999992526307398,0.4122234880924225,0.3133371840494088
magnitude-u60,magnitude,unstructured,0.5999997317135989,11808.859467594953,o_proj,128,csr_random,5,0.5999992526307398,0.41454099118709564,0.311582076733331
magnitude-u60,magnitude,unstructured,0.5999997317135989,11808.859467594953,o_proj,128,csr_rowmajor,5,0.5999992526307398,0.24887435138225555,0.519502533020253
magnitude-u60,magnitude,unstructured,0.5999997317135989,11808.859467594953,o_proj,128,dense,5,0.5999992526307398,0.1291617751121521,1.0
magnitude-u60,magnitude,unstructured,0.5999997317135989,11808.859467594953,o_proj,512,csr,5,0.5999992526307398,1.7330266535282135,0.2602525711024252
magnitude-u60,magnitude,unstructured,0.5999997317135989,11808.859467594953,o_proj,512,csr_random,5,0.5999992526307398,1.7330169677734375,0.26022253742274937
magnitude-u60,magnitude,unstructured,0.5999997317135989,11808.859467594953,o_proj,512,csr_rowmajor,5,0.5999992526307398,1.1800512671470642,0.384841852902817
magnitude-u60,magnitude,unstructured,0.5999997317135989,11808.859467594953,o_proj,512,dense,5,0.5999992526307398,0.45046284794807434,1.0
magnitude-u60,magnitude,unstructured,0.5999997317135989,11808.859467594953,q_proj,1,csr,5,0.5999992526307398,0.05776248872280121,0.19793274409452366
magnitude-u60,magnitude,unstructured,0.5999997317135989,11808.859467594953,q_proj,1,csr_random,5,0.5999992526307398,0.05793720483779907,0.1973496295116732
magnitude-u60,magnitude,unstructured,0.5999997317135989,11808.859467594953,q_proj,1,csr_rowmajor,5,0.5999992526307398,0.05577020347118378,0.20497502516015922
magnitude-u60,magnitude,unstructured,0.5999997317135989,11808.859467594953,q_proj,1,dense,5,0.5999992526307398,0.011426210403442383,1.0
magnitude-u60,magnitude,unstructured,0.5999997317135989,11808.859467594953,q_proj,8,csr,5,0.5999992526307398,0.06071031093597412,0.5442498442313792
magnitude-u60,magnitude,unstructured,0.5999997317135989,11808.859467594953,q_proj,8,csr_random,5,0.5999992526307398,0.06058216094970703,0.5454087959655326
magnitude-u60,magnitude,unstructured,0.5999997317135989,11808.859467594953,q_proj,8,csr_rowmajor,5,0.5999992526307398,0.04198402166366577,0.786960678854712
magnitude-u60,magnitude,unstructured,0.5999997317135989,11808.859467594953,q_proj,8,dense,5,0.5999992526307398,0.033039599657058716,1.0
magnitude-u60,magnitude,unstructured,0.5999997317135989,11808.859467594953,q_proj,32,csr,5,0.5999992526307398,0.12505091726779938,0.4184132440990675
magnitude-u60,magnitude,unstructured,0.5999997317135989,11808.859467594953,q_proj,32,csr_random,5,0.5999992526307398,0.12448541820049286,0.4202888317272263
magnitude-u60,magnitude,unstructured,0.5999997317135989,11808.859467594953,q_proj,32,csr_rowmajor,5,0.5999992526307398,0.08091926574707031,0.6465880336752687
magnitude-u60,magnitude,unstructured,0.5999997317135989,11808.859467594953,q_proj,32,dense,5,0.5999992526307398,0.052318722009658813,1.0
magnitude-u60,magnitude,unstructured,0.5999997317135989,11808.859467594953,q_proj,128,csr,5,0.5999992526307398,0.4047870635986328,0.31973864942024866
magnitude-u60,magnitude,unstructured,0.5999997317135989,11808.859467594953,q_proj,128,csr_random,5,0.5999992526307398,0.40444284677505493,0.32002033742985425
magnitude-u60,magnitude,unstructured,0.5999997317135989,11808.859467594953,q_proj,128,csr_rowmajor,5,0.5999992526307398,0.24100057780742645,0.5376231624333664
magnitude-u60,magnitude,unstructured,0.5999997317135989,11808.859467594953,q_proj,128,dense,5,0.5999992526307398,0.12936703860759735,1.0
magnitude-u60,magnitude,unstructured,0.5999997317135989,11808.859467594953,q_proj,512,csr,5,0.5999992526307398,1.940363273024559,0.23178671293451128
magnitude-u60,magnitude,unstructured,0.5999997317135989,11808.859467594953,q_proj,512,csr_random,5,0.5999992526307398,1.8479060381650925,0.24333401058275206
magnitude-u60,magnitude,unstructured,0.5999997317135989,11808.859467594953,q_proj,512,csr_rowmajor,5,0.5999992526307398,1.2637164443731308,0.3562380127340493
magnitude-u60,magnitude,unstructured,0.5999997317135989,11808.859467594953,q_proj,512,dense,5,0.5999992526307398,0.4495251923799515,1.0
magnitude-u60,magnitude,unstructured,0.5999997317135989,11808.859467594953,up_proj,1,csr,5,0.5999999082178101,0.25364458560943604,0.14143012444907196
magnitude-u60,magnitude,unstructured,0.5999997317135989,11808.859467594953,up_proj,1,csr_random,5,0.5999999082178101,0.2512361854314804,0.1427855014701198
magnitude-u60,magnitude,unstructured,0.5999997317135989,11808.859467594953,up_proj,1,csr_rowmajor,5,0.5999999082178101,0.25134459137916565,0.14272588234247885
magnitude-u60,magnitude,unstructured,0.5999997317135989,11808.859467594953,up_proj,1,dense,5,0.5999999082178101,0.03587156534194946,1.0
magnitude-u60,magnitude,unstructured,0.5999997317135989,11808.859467594953,up_proj,8,csr,5,0.5999999082178101,0.207611545920372,0.39377687063356653
magnitude-u60,magnitude,unstructured,0.5999997317135989,11808.859467594953,up_proj,8,csr_random,5,0.5999999082178101,0.20527616143226624,0.3983053379422778
magnitude-u60,magnitude,unstructured,0.5999997317135989,11808.859467594953,up_proj,8,csr_rowmajor,5,0.5999999082178101,0.1889217644929886,0.43274500208472855
magnitude-u60,magnitude,unstructured,0.5999997317135989,11808.859467594953,up_proj,8,dense,5,0.5999999082178101,0.08175745606422424,1.0
magnitude-u60,magnitude,unstructured,0.5999997317135989,11808.859467594953,up_proj,32,csr,5,0.5999999082178101,0.4025556147098541,0.5753227922901054
magnitude-u60,magnitude,unstructured,0.5999997317135989,11808.859467594953,up_proj,32,csr_random,5,0.5999999082178101,0.40096938610076904,0.5775962012250468
magnitude-u60,magnitude,unstructured,0.5999997317135989,11808.859467594953,up_proj,32,csr_rowmajor,5,0.5999999082178101,0.3650575876235962,0.6344193871566302
magnitude-u60,magnitude,unstructured,0.5999997317135989,11808.859467594953,up_proj,32,dense,5,0.5999999082178101,0.23159794509410858,1.0
magnitude-u60,magnitude,unstructured,0.5999997317135989,11808.859467594953,up_proj,128,csr,5,0.5999999082178101,1.3163045048713684,0.5790895136513681
magnitude-u60,magnitude,unstructured,0.5999997317135989,11808.859467594953,up_proj,128,csr_random,5,0.5999999082178101,1.3137098401784897,0.5802236433035837
magnitude-u60,magnitude,unstructured,0.5999997317135989,11808.859467594953,up_proj,128,csr_rowmajor,5,0.5999999082178101,1.2685611844062805,0.6017689518376861
magnitude-u60,magnitude,unstructured,0.5999997317135989,11808.859467594953,up_proj,128,dense,5,0.5999999082178101,0.7622390985488892,1.0
magnitude-u60,magnitude,unstructured,0.5999997317135989,11808.859467594953,up_proj,512,csr,5,0.5999999082178101,6.944581493735313,0.3188970422445856
magnitude-u60,magnitude,unstructured,0.5999997317135989,11808.859467594953,up_proj,512,csr_random,5,0.5999999082178101,6.951950863003731,0.31852406009675993
magnitude-u60,magnitude,unstructured,0.5999997317135989,11808.859467594953,up_proj,512,csr_rowmajor,5,0.5999999082178101,6.296584755182266,0.3513680253373673
magnitude-u60,magnitude,unstructured,0.5999997317135989,11808.859467594953,up_proj,512,dense,5,0.5999999082178101,2.205156534910202,1.0
magnitude-u60,magnitude,unstructured,0.5999997317135989,11808.859467594953,v_proj,1,csr,5,0.5999930245535714,0.02850368618965149,0.23843325110168195
magnitude-u60,magnitude,unstructured,0.5999997317135989,11808.859467594953,v_proj,1,csr_random,5,0.5999930245535714,0.028543174266815186,0.238093011111017
magnitude-u60,magnitude,unstructured,0.5999997317135989,11808.859467594953,v_proj,1,csr_rowmajor,5,0.5999930245535714,0.026620179414749146,0.2552863819078839
magnitude-u60,magnitude,unstructured,0.5999997317135989,11808.859467594953,v_proj,1,dense,5,0.5999930245535714,0.006795674562454224,1.0
magnitude-u60,magnitude,unstructured,0.5999997317135989,11808.859467594953,v_proj,8,csr,5,0.5999930245535714,0.04311501979827881,0.2662173391571719
magnitude-u60,magnitude,unstructured,0.5999997317135989,11808.859467594953,v_proj,8,csr_random,5,0.5999930245535714,0.043167173862457275,0.26589377385805407
magnitude-u60,magnitude,unstructured,0.5999997317135989,11808.859467594953,v_proj,8,csr_rowmajor,5,0.5999930245535714,0.024409592151641846,0.47021517388853995
magnitude-u60,magnitude,unstructured,0.5999997317135989,11808.859467594953,v_proj,8,dense,5,0.5999930245535714,0.011477619409561157,1.0
magnitude-u60,magnitude,unstructured,0.5999997317135989,11808.859467594953,v_proj,32,csr,5,0.5999930245535714,0.0706348568201065,0.22627297519658754
magnitude-u60,magnitude,unstructured,0.5999997317135989,11808.859467594953,v_proj,32,csr_random,5,0.5999930245535714,0.07069781422615051,0.22607031914634687
magnitude-u60,magnitude,unstructured,0.5999997317135989,11808.859467594953,v_proj,32,csr_rowmajor,5,0.5999930245535714,0.02870708703994751,0.5568011802550626
magnitude-u60,magnitude,unstructured,0.5999997317135989,11808.859467594953,v_proj,32,dense,5,0.5999930245535714,0.015982240438461304,1.0
magnitude-u60,magnitude,unstructured,0.5999997317135989,11808.859467594953,v_proj,128,csr,5,0.5999930245535714,0.2201482653617859,0.14557376993665155
magnitude-u60,magnitude,unstructured,0.5999997317135989,11808.859467594953,v_proj,128,csr_random,5,0.5999930245535714,0.2199959009885788,0.14567449403256796
magnitude-u60,magnitude,unstructured,0.5999997317135989,11808.859467594953,v_proj,128,csr_rowmajor,5,0.5999930245535714,0.05607083439826965,0.5718085870565841
magnitude-u60,magnitude,unstructured,0.5999997317135989,11808.859467594953,v_proj,128,dense,5,0.5999930245535714,0.03204271197319031,1.0
magnitude-u60,magnitude,unstructured,0.5999997317135989,11808.859467594953,v_proj,512,csr,5,0.5999930245535714,0.9359557181596756,0.08351291617102143
magnitude-u60,magnitude,unstructured,0.5999997317135989,11808.859467594953,v_proj,512,csr_random,5,0.5999930245535714,0.9475216269493103,0.0824796953464386
magnitude-u60,magnitude,unstructured,0.5999997317135989,11808.859467594953,v_proj,512,csr_rowmajor,5,0.5999930245535714,0.2064678817987442,0.3805520137622833
magnitude-u60,magnitude,unstructured,0.5999997317135989,11808.859467594953,v_proj,512,dense,5,0.5999930245535714,0.0781480222940445,1.0
magnitude-u70,magnitude,unstructured,0.6999997317135989,369788.7744531923,down_proj,1,csr,5,0.6999998164356203,0.20092978375032544,0.19160426869789648
magnitude-u70,magnitude,unstructured,0.6999997317135989,369788.7744531923,down_proj,1,csr_random,5,0.6999998164356203,0.2060543978586793,0.1868141816110405
magnitude-u70,magnitude,unstructured,0.6999997317135989,369788.7744531923,down_proj,1,csr_rowmajor,5,0.6999998164356203,0.19907261012122035,0.19333964707362608
magnitude-u70,magnitude,unstructured,0.6999997317135989,369788.7744531923,down_proj,1,dense,5,0.6999998164356203,0.038470979779958725,1.0
magnitude-u70,magnitude,unstructured,0.6999997317135989,369788.7744531923,down_proj,8,csr,5,0.6999998164356203,0.20566941238939762,0.6528705281512284
magnitude-u70,magnitude,unstructured,0.6999997317135989,369788.7744531923,down_proj,8,csr_random,5,0.6999998164356203,0.2065917826257646,0.6491341835062585
magnitude-u70,magnitude,unstructured,0.6999997317135989,369788.7744531923,down_proj,8,csr_rowmajor,5,0.6999998164356203,0.12837318936362863,1.0475200079369087
magnitude-u70,magnitude,unstructured,0.6999997317135989,369788.7744531923,down_proj,8,dense,5,0.6999998164356203,0.134302896913141,1.0
magnitude-u70,magnitude,unstructured,0.6999997317135989,369788.7744531923,down_proj,32,csr,5,0.6999998164356203,0.48409642186015844,0.9451455950356616
magnitude-u70,magnitude,unstructured,0.6999997317135989,369788.7744531923,down_proj,32,csr_random,5,0.6999998164356203,0.4832623992115259,0.9467296955782132
magnitude-u70,magnitude,unstructured,0.6999997317135989,369788.7744531923,down_proj,32,csr_rowmajor,5,0.6999998164356203,0.3096372354775667,1.477485640145404
magnitude-u70,magnitude,unstructured,0.6999997317135989,369788.7744531923,down_proj,32,dense,5,0.6999998164356203,0.4568922915495932,1.0
magnitude-u70,magnitude,unstructured,0.6999997317135989,369788.7744531923,down_proj,128,csr,5,0.6999998164356203,2.451677282806486,0.24960715720403218
magnitude-u70,magnitude,unstructured,0.6999997317135989,369788.7744531923,down_proj,128,csr_random,5,0.6999998164356203,2.3805580916814506,0.2569467445572322
magnitude-u70,magnitude,unstructured,0.6999997317135989,369788.7744531923,down_proj,128,csr_rowmajor,5,0.6999998164356203,1.6421342035755515,0.37288205569694033
magnitude-u70,magnitude,unstructured,0.6999997317135989,369788.7744531923,down_proj,128,dense,5,0.6999998164356203,0.6116292672231793,1.0
magnitude-u70,magnitude,unstructured,0.6999997317135989,369788.7744531923,down_proj,512,csr,5,0.6999998164356203,13.876392599195242,0.19617111196173742
magnitude-u70,magnitude,unstructured,0.6999997317135989,369788.7744531923,down_proj,512,csr_random,5,0.6999998164356203,13.720411795657128,0.19840271609570032
magnitude-u70,magnitude,unstructured,0.6999997317135989,369788.7744531923,down_proj,512,csr_rowmajor,5,0.6999998164356203,9.628114919178188,0.2827477487946485
magnitude-u70,magnitude,unstructured,0.6999997317135989,369788.7744531923,down_proj,512,dense,5,0.6999998164356203,2.722053322941065,1.0
magnitude-u70,magnitude,unstructured,0.6999997317135989,369788.7744531923,gate_proj,1,csr,5,0.6999998164356203,0.1635903026908636,0.22946975132359404
magnitude-u70,magnitude,unstructured,0.6999997317135989,369788.7744531923,gate_proj,1,csr_random,5,0.6999998164356203,0.1688149757683277,0.22239448538357723
magnitude-u70,magnitude,unstructured,0.6999997317135989,369788.7744531923,gate_proj,1,csr_rowmajor,5,0.6999998164356203,0.16125410329550505,0.23280953813983385
magnitude-u70,magnitude,unstructured,0.6999997317135989,369788.7744531923,gate_proj,1,dense,5,0.6999998164356203,0.037568481639027596,1.0
magnitude-u70,magnitude,unstructured,0.6999997317135989,369788.7744531923,gate_proj,8,csr,5,0.6999998164356203,0.13892907882109284,0.6299888517858946
magnitude-u70,magnitude,unstructured,0.6999997317135989,369788.7744531923,gate_proj,8,csr_random,5,0.6999998164356203,0.14229610096663237,0.6149800503762919
magnitude-u70,magnitude,unstructured,0.6999997317135989,369788.7744531923,gate_proj,8,csr_rowmajor,5,0.6999998164356203,0.11960010742768645,0.7325046903311354
magnitude-u70,magnitude,unstructured,0.6999997317135989,369788.7744531923,gate_proj,8,dense,5,0.6999998164356203,0.08781771175563335,1.0
magnitude-u70,magnitude,unstructured,0.6999997317135989,369788.7744531923,gate_proj,32,csr,5,0.6999998164356203,0.2953639952465892,1.534535491551288
magnitude-u70,magnitude,unstructured,0.6999997317135989,369788.7744531923,gate_proj,32,csr_random,5,0.6999998164356203,0.2955926232971251,1.5336285985402136
magnitude-u70,magnitude,unstructured,0.6999997317135989,369788.7744531923,gate_proj,32,csr_rowmajor,5,0.6999998164356203,0.2570731216110289,1.7630635040716252
magnitude-u70,magnitude,unstructured,0.6999997317135989,369788.7744531923,gate_proj,32,dense,5,0.6999998164356203,0.45322361402213573,1.0
magnitude-u70,magnitude,unstructured,0.6999997317135989,369788.7744531923,gate_proj,128,csr,5,0.6999998164356203,1.1055711773224175,0.6929659072598652
magnitude-u70,magnitude,unstructured,0.6999997317135989,369788.7744531923,gate_proj,128,csr_random,5,0.6999998164356203,1.1076153139583766,0.6916887270704906
magnitude-u70,magnitude,unstructured,0.6999997317135989,369788.7744531923,gate_proj,128,csr_rowmajor,5,0.6999998164356203,0.9991830331273377,0.7667564406713662
magnitude-u70,magnitude,unstructured,0.6999997317135989,369788.7744531923,gate_proj,128,dense,5,0.6999998164356203,0.7661341107450426,1.0
magnitude-u70,magnitude,unstructured,0.6999997317135989,369788.7744531923,gate_proj,512,csr,5,0.6999998164356203,5.148445989470929,0.4410662182172887
magnitude-u70,magnitude,unstructured,0.6999997317135989,369788.7744531923,gate_proj,512,csr_random,5,0.6999998164356203,5.086192721500993,0.44626750156074285
magnitude-u70,magnitude,unstructured,0.6999997317135989,369788.7744531923,gate_proj,512,csr_rowmajor,5,0.6999998164356203,4.403256892692298,0.5171243705952477
magnitude-u70,magnitude,unstructured,0.6999997317135989,369788.7744531923,gate_proj,512,dense,5,0.6999998164356203,2.2464139852672815,1.0
magnitude-u70,magnitude,unstructured,0.6999997317135989,369788.7744531923,k_proj,1,csr,5,0.6999947684151786,0.02666856162250042,0.2551403430375315
magnitude-u70,magnitude,unstructured,0.6999997317135989,369788.7744531923,k_proj,1,csr_random,5,0.6999947684151786,0.02672383561730385,0.2546108181848131
magnitude-u70,magnitude,unstructured,0.6999997317135989,369788.7744531923,k_proj,1,csr_rowmajor,5,0.6999947684151786,0.024897325783967972,0.27329215302420673
magnitude-u70,magnitude,unstructured,0.6999997317135989,369788.7744531923,k_proj,1,dense,5,0.6999947684151786,0.006804196164011955,1.0
magnitude-u70,magnitude,unstructured,0.6999997317135989,369788.7744531923,k_proj,8,csr,5,0.6999947684151786,0.04149121232330799,0.4170251073313338
magnitude-u70,magnitude,unstructured,0.6999997317135989,369788.7744531923,k_proj,8,csr_random,5,0.6999947684151786,0.04133436596021056,0.4186097888060079
magnitude-u70,magnitude,unstructured,0.6999997317135989,369788.7744531923,k_proj,8,csr_rowmajor,5,0.6999947684151786,0.022911163978278637,0.75519619626033
magnitude-u70,magnitude,unstructured,0.6999997317135989,369788.7744531923,k_proj,8,dense,5,0.6999947684151786,0.0173020176589489,1.0
magnitude-u70,magnitude,unstructured,0.6999997317135989,369788.7744531923,k_proj,32,csr,5,0.6999947684151786,0.06924310000613332,0.3164187921610978
magnitude-u70,magnitude,unstructured,0.6999997317135989,369788.7744531923,k_proj,32,csr_random,5,0.6999947684151786,0.06938651204109192,0.31581044880663417
magnitude-u70,magnitude,unstructured,0.6999997317135989,369788.7744531923,k_proj,32,csr_rowmajor,5,0.6999947684151786,0.02666038926690817,0.8218926441428214
magnitude-u70,magnitude,unstructured,0.6999997317135989,369788.7744531923,k_proj,32,dense,5,0.6999947684151786,0.02190961968153715,1.0
magnitude-u70,magnitude,unstructured,0.6999997317135989,369788.7744531923,k_proj,128,csr,5,0.6999947684151786,0.21391449263319373,0.2064485431742245
magnitude-u70,magnitude,unstructured,0.6999997317135989,369788.7744531923,k_proj,128,csr_random,5,0.6999947684151786,0.215102918446064,0.20532722597329078
magnitude-u70,magnitude,unstructured,0.6999997317135989,369788.7744531923,k_proj,128,csr_rowmajor,5,0.6999947684151786,0.05003525875508785,0.8837280161210981
magnitude-u70,magnitude,unstructured,0.6999997317135989,369788.7744531923,k_proj,128,dense,5,0.6999947684151786,0.04415280418470502,1.0
magnitude-u70,magnitude,unstructured,0.6999997317135989,369788.7744531923,k_proj,512,csr,5,0.6999947684151786,0.9193925769068301,0.11282479464442009
magnitude-u70,magnitude,unstructured,0.6999997317135989,369788.7744531923,k_proj,512,csr_random,5,0.6999947684151786,0.9179163025692105,0.11299073144172696
magnitude-u70,magnitude,unstructured,0.6999997317135989,369788.7744531923,k_proj,512,csr_rowmajor,5,0.6999947684151786,0.16994497273117304,0.620518716770441
magnitude-u70,magnitude,unstructured,0.6999997317135989,369788.7744531923,k_proj,512,dense,5,0.6999947684151786,0.10372176766395569,1.0
magnitude-u70,magnitude,unstructured,0.6999997317135989,369788.7744531923,o_proj,1,csr,5,0.6999997508769132,0.05020878743380308,0.2273257719428284
magnitude-u70,magnitude,unstructured,0.6999997317135989,369788.7744531923,o_proj,1,csr_random,5,0.6999997508769132,0.049864198081195354,0.22888156436734022
magnitude-u70,magnitude,unstructured,0.6999997317135989,369788.7744531923,o_proj,1,csr_rowmajor,5,0.6999997508769132,0.048373895697295666,0.23592536265776062
magnitude-u70,magnitude,unstructured,0.6999997317135989,369788.7744531923,o_proj,1,dense,5,0.6999997508769132,0.011411611922085285,1.0
magnitude-u70,magnitude,unstructured,0.6999997317135989,369788.7744531923,o_proj,8,csr,5,0.6999997508769132,0.057045440189540386,1.292860966064339
magnitude-u70,magnitude,unstructured,0.6999997317135989,369788.7744531923,o_proj,8,csr_random,5,0.6999997508769132,0.05725999362766743,1.2880046818115438
magnitude-u70,magnitude,unstructured,0.6999997317135989,369788.7744531923,o_proj,8,csr_rowmajor,5,0.6999997508769132,0.03773607313632965,1.954303087318503
magnitude-u70,magnitude,unstructured,0.6999997317135989,369788.7744531923,o_proj,8,dense,5,0.6999997508769132,0.07374658016487956,1.0
magnitude-u70,magnitude,unstructured,0.6999997317135989,369788.7744531923,o_proj,32,csr,5,0.6999997508769132,0.11264178901910782,0.8276081543391367
magnitude-u70,magnitude,unstructured,0.6999997317135989,369788.7744531923,o_proj,32,csr_random,5,0.6999997508769132,0.11263617780059576,0.8276058232535589
magnitude-u70,magnitude,unstructured,0.6999997317135989,369788.7744531923,o_proj,32,csr_rowmajor,5,0.6999997508769132,0.06763247074559331,1.378695968982613
magnitude-u70,magnitude,unstructured,0.6999997317135989,369788.7744531923,o_proj,32,dense,5,0.6999997508769132,0.09321559919044375,1.0
magnitude-u70,magnitude,unstructured,0.6999997317135989,369788.7744531923,o_proj,128,csr,5,0.6999997508769132,0.35912777530029416,0.4762620170626536
magnitude-u70,magnitude,unstructured,0.6999997317135989,369788.7744531923,o_proj,128,csr_random,5,0.6999997508769132,0.35982239060103893,0.47541715032571313
magnitude-u70,magnitude,unstructured,0.6999997317135989,369788.7744531923,o_proj,128,csr_rowmajor,5,0.6999997508769132,0.20395340397953987,0.8385491050250699
magnitude-u70,magnitude,unstructured,0.6999997317135989,369788.7744531923,o_proj,128,dense,5,0.6999997508769132,0.17100280383601785,1.0
magnitude-u70,magnitude,unstructured,0.6999997317135989,369788.7744531923,o_proj,512,csr,5,0.6999997508769132,1.5252120909281075,0.2943169883318916
magnitude-u70,magnitude,unstructured,0.6999997317135989,369788.7744531923,o_proj,512,csr_random,5,0.6999997508769132,1.5315869124606252,0.29304207211137784
magnitude-u70,magnitude,unstructured,0.6999997317135989,369788.7744531923,o_proj,512,csr_rowmajor,5,0.6999997508769132,0.9916113689541817,0.4576881882740707
magnitude-u70,magnitude,unstructured,0.6999997317135989,369788.7744531923,o_proj,512,dense,5,0.6999997508769132,0.448801729362458,1.0
magnitude-u70,magnitude,unstructured,0.6999997317135989,369788.7744531923,q_proj,1,csr,5,0.6999997508769132,0.05033520283177495,0.22620991812552024
magnitude-u70,magnitude,unstructured,0.6999997317135989,369788.7744531923,q_proj,1,csr_random,5,0.6999997508769132,0.05055429646745324,0.2253108257738445
magnitude-u70,magnitude,unstructured,0.6999997317135989,369788.7744531923,q_proj,1,csr_rowmajor,5,0.6999997508769132,0.0484852003864944,0.23484486812656508
magnitude-u70,magnitude,unstructured,0.6999997317135989,369788.7744531923,q_proj,1,dense,5,0.6999997508769132,0.01138357911258936,1.0
magnitude-u70,magnitude,unstructured,0.6999997317135989,369788.7744531923,q_proj,8,csr,5,0.6999997508769132,0.056976021733134985,1.294638667686132
magnitude-u70,magnitude,unstructured,0.6999997317135989,369788.7744531923,q_proj,8,csr_random,5,0.6999997508769132,0.057059433311223984,1.2927849846371502
magnitude-u70,magnitude,unstructured,0.6999997317135989,369788.7744531923,q_proj,8,csr_rowmajor,5,0.6999997508769132,0.03783621359616518,1.9495528381934244
magnitude-u70,magnitude,unstructured,0.6999997317135989,369788.7744531923,q_proj,8,dense,5,0.6999997508769132,0.07376288995146751,1.0
magnitude-u70,magnitude,unstructured,0.6999997317135989,369788.7744531923,q_proj,32,csr,5,0.6999997508769132,0.11397881899029016,0.8177506093508166
magnitude-u70,magnitude,unstructured,0.6999997317135989,369788.7744531923,q_proj,32,csr_random,5,0.6999997508769132,0.11267972877249122,0.827192863665578
magnitude-u70,magnitude,unstructured,0.6999997317135989,369788.7744531923,q_proj,32,csr_rowmajor,5,0.6999997508769132,0.06893938407301903,1.3520560481679273
magnitude-u70,magnitude,unstructured,0.6999997317135989,369788.7744531923,q_proj,32,dense,5,0.6999997508769132,0.09319750824943185,1.0
magnitude-u70,magnitude,unstructured,0.6999997317135989,369788.7744531923,q_proj,128,csr,5,0.6999997508769132,0.3595776972360909,0.47604025873023254
magnitude-u70,magnitude,unstructured,0.6999997317135989,369788.7744531923,q_proj,128,csr_random,5,0.6999997508769132,0.3610063111409545,0.4742222299746532
magnitude-u70,magnitude,unstructured,0.6999997317135989,369788.7744531923,q_proj,128,csr_rowmajor,5,0.6999997508769132,0.20331261912360787,0.8418871090812816
magnitude-u70,magnitude,unstructured,0.6999997317135989,369788.7744531923,q_proj,128,dense,5,0.6999997508769132,0.1711590914055705,1.0
magnitude-u70,magnitude,unstructured,0.6999997317135989,369788.7744531923,q_proj,512,csr,5,0.6999997508769132,1.6916421940550208,0.2676539512927662
magnitude-u70,magnitude,unstructured,0.6999997317135989,369788.7744531923,q_proj,512,csr_random,5,0.6999997508769132,1.5952349756844342,0.28212484519890546
magnitude-u70,magnitude,unstructured,0.6999997317135989,369788.7744531923,q_proj,512,csr_rowmajor,5,0.6999997508769132,1.0858354857191443,0.4193412628070276
magnitude-u70,magnitude,unstructured,0.6999997317135989,369788.7744531923,q_proj,512,dense,5,0.6999997508769132,0.4488734877668321,1.0
magnitude-u70,magnitude,unstructured,0.6999997317135989,369788.7744531923,up_proj,1,csr,5,0.6999998164356203,0.16560249496251345,0.2518609670215146
magnitude-u70,magnitude,unstructured,0.6999997317135989,369788.7744531923,up_proj,1,csr_random,5,0.6999998164356203,0.1678155967965722,0.24847895083297558
magnitude-u70,magnitude,unstructured,0.6999997317135989,369788.7744531923,up_proj,1,csr_rowmajor,5,0.6999998164356203,0.16291277715936303,0.2561769239812398
magnitude-u70,magnitude,unstructured,0.6999997317135989,369788.7744531923,up_proj,1,dense,5,0.6999998164356203,0.04176897928118706,1.0
magnitude-u70,magnitude,unstructured,0.6999997317135989,369788.7744531923,up_proj,8,csr,5,0.6999998164356203,0.14019178925082088,0.7153317608502532
magnitude-u70,magnitude,unstructured,0.6999997317135989,369788.7744531923,up_proj,8,csr_random,5,0.6999998164356203,0.14127535978332162,0.7151940641149928
magnitude-u70,magnitude,unstructured,0.6999997317135989,369788.7744531923,up_proj,8,csr_rowmajor,5,0.6999998164356203,0.12113639386370778,0.8288968645549528
magnitude-u70,magnitude,unstructured,0.6999997317135989,369788.7744531923,up_proj,8,dense,5,0.6999998164356203,0.10091019794344902,1.0
magnitude-u70,magnitude,unstructured,0.6999997317135989,369788.7744531923,up_proj,32,csr,5,0.6999998164356203,0.29545604484155774,1.5403689391747803
magnitude-u70,magnitude,unstructured,0.6999997317135989,369788.7744531923,up_proj,32,csr_random,5,0.6999998164356203,0.2942213090136647,1.546828184987949
magnitude-u70,magnitude,unstructured,0.6999997317135989,369788.7744531923,up_proj,32,csr_rowmajor,5,0.6999998164356203,0.2550749108195305,1.784266617559576
magnitude-u70,magnitude,unstructured,0.6999997317135989,369788.7744531923,up_proj,32,dense,5,0.6999998164356203,0.4550982848741114,1.0
magnitude-u70,magnitude,unstructured,0.6999997317135989,369788.7744531923,up_proj,128,csr,5,0.6999998164356203,1.1148176970891654,0.6970621163961226
magnitude-u70,magnitude,unstructured,0.6999997317135989,369788.7744531923,up_proj,128,csr_random,5,0.6999998164356203,1.1091680848039687,0.700490041314897
magnitude-u70,magnitude,unstructured,0.6999997317135989,369788.7744531923,up_proj,128,csr_rowmajor,5,0.6999998164356203,1.0014493949711323,0.775863692217183
magnitude-u70,magnitude,unstructured,0.6999997317135989,369788.7744531923,up_proj,128,dense,5,0.6999998164356203,0.777001422829926,1.0
magnitude-u70,magnitude,unstructured,0.6999997317135989,369788.7744531923,up_proj,512,csr,5,0.6999998164356203,5.645342997740954,0.40382065882159535
magnitude-u70,magnitude,unstructured,0.6999997317135989,369788.7744531923,up_proj,512,csr_random,5,0.6999998164356203,5.641538102645427,0.4037469849236138
magnitude-u70,magnitude,unstructured,0.6999997317135989,369788.7744531923,up_proj,512,csr_rowmajor,5,0.6999998164356203,4.104941198602319,0.5465370637696177
magnitude-u70,magnitude,unstructured,0.6999997317135989,369788.7744531923,up_proj,512,dense,5,0.6999998164356203,2.2431481163948774,1.0
magnitude-u70,magnitude,unstructured,0.6999997317135989,369788.7744531923,v_proj,1,csr,5,0.6999947684151786,0.026767514646053314,0.25388945550922626
magnitude-u70,magnitude,unstructured,0.6999997317135989,369788.7744531923,v_proj,1,csr_random,5,0.6999947684151786,0.026754778809845448,0.25401209423579696
magnitude-u70,magnitude,unstructured,0.6999997317135989,369788.7744531923,v_proj,1,csr_rowmajor,5,0.6999947684151786,0.024940609000623226,0.2724864269402129
magnitude-u70,magnitude,unstructured,0.6999997317135989,369788.7744531923,v_proj,1,dense,5,0.6999947684151786,0.006796000525355339,1.0
magnitude-u70,magnitude,unstructured,0.6999997317135989,369788.7744531923,v_proj,8,csr,5,0.6999947684151786,0.041686976328492165,0.4147890627200365
magnitude-u70,magnitude,unstructured,0.6999997317135989,369788.7744531923,v_proj,8,csr_random,5,0.6999947684151786,0.04173328634351492,0.4143456174051052
magnitude-u70,magnitude,unstructured,0.6999997317135989,369788.7744531923,v_proj,8,csr_rowmajor,5,0.6999947684151786,0.02296667080372572,0.7528533201449564
magnitude-u70,magnitude,unstructured,0.6999997317135989,369788.7744531923,v_proj,8,dense,5,0.6999947684151786,0.017290422692894936,1.0
magnitude-u70,magnitude,unstructured,0.6999997317135989,369788.7744531923,v_proj,32,csr,5,0.6999947684151786,0.06957140285521746,0.314361244986097
magnitude-u70,magnitude,unstructured,0.6999997317135989,369788.7744531923,v_proj,32,csr_random,5,0.6999947684151786,0.06940910825505853,0.3151019725704632
magnitude-u70,magnitude,unstructured,0.6999997317135989,369788.7744531923,v_proj,32,csr_rowmajor,5,0.6999947684151786,0.026321772020310163,0.8308860842378226
magnitude-u70,magnitude,unstructured,0.6999997317135989,369788.7744531923,v_proj,32,dense,5,0.6999947684151786,0.021870434284210205,1.0
magnitude-u70,magnitude,unstructured,0.6999997317135989,369788.7744531923,v_proj,128,csr,5,0.6999947684151786,0.21481747971847653,0.20576621638885523
magnitude-u70,magnitude,unstructured,0.6999997317135989,369788.7744531923,v_proj,128,csr_random,5,0.6999947684151786,0.21679217461496592,0.20389394502161437
magnitude-u70,magnitude,unstructured,0.6999997317135989,369788.7744531923,v_proj,128,csr_rowmajor,5,0.6999947684151786,0.05161804147064686,0.8562838092253335
magnitude-u70,magnitude,unstructured,0.6999997317135989,369788.7744531923,v_proj,128,dense,5,0.6999947684151786,0.044197007082402706,1.0
magnitude-u70,magnitude,unstructured,0.6999997317135989,369788.7744531923,v_proj,512,csr,5,0.6999947684151786,0.9031090303324163,0.1144831773926455
magnitude-u70,magnitude,unstructured,0.6999997317135989,369788.7744531923,v_proj,512,csr_random,5,0.6999947684151786,0.9248045971617103,0.11178774725369439
magnitude-u70,magnitude,unstructured,0.6999997317135989,369788.7744531923,v_proj,512,csr_rowmajor,5,0.6999947684151786,0.15369381289929152,0.6764504240449688
magnitude-u70,magnitude,unstructured,0.6999997317135989,369788.7744531923,v_proj,512,dense,5,0.6999947684151786,0.10336537379771471,1.0
magnitude-u80,magnitude,unstructured,0.7999997987851992,211672.82873212325,down_proj,1,csr,5,0.7999999541089051,0.1486368477344513,0.2585902059610815
magnitude-u80,magnitude,unstructured,0.7999997987851992,211672.82873212325,down_proj,1,csr_random,5,0.7999999541089051,0.1489400863647461,0.25793941787172414
magnitude-u80,magnitude,unstructured,0.7999997987851992,211672.82873212325,down_proj,1,csr_rowmajor,5,0.7999999541089051,0.14659054577350616,0.26211623559225716
magnitude-u80,magnitude,unstructured,0.7999997987851992,211672.82873212325,down_proj,1,dense,5,0.7999999541089051,0.03841519355773926,1.0
magnitude-u80,magnitude,unstructured,0.7999997987851992,211672.82873212325,down_proj,8,csr,5,0.7999999541089051,0.16212835907936096,0.7787850254137525
magnitude-u80,magnitude,unstructured,0.7999997987851992,211672.82873212325,down_proj,8,csr_random,5,0.7999999541089051,0.163298100233078,0.7731615150353371
magnitude-u80,magnitude,unstructured,0.7999997987851992,211672.82873212325,down_proj,8,csr_rowmajor,5,0.7999999541089051,0.07994398474693298,1.5794152206451293
magnitude-u80,magnitude,unstructured,0.7999997987851992,211672.82873212325,down_proj,8,dense,5,0.7999999541089051,0.12626498937606812,1.0
magnitude-u80,magnitude,unstructured,0.7999997987851992,211672.82873212325,down_proj,32,csr,5,0.7999999541089051,0.3781437873840332,1.2065958707699973
magnitude-u80,magnitude,unstructured,0.7999997987851992,211672.82873212325,down_proj,32,csr_random,5,0.7999999541089051,0.3792084753513336,1.2033102195963585
magnitude-u80,magnitude,unstructured,0.7999997987851992,211672.82873212325,down_proj,32,csr_rowmajor,5,0.7999999541089051,0.18355585634708405,2.486058319674368
magnitude-u80,magnitude,unstructured,0.7999997987851992,211672.82873212325,down_proj,32,dense,5,0.7999999541089051,0.45622624456882477,1.0
magnitude-u80,magnitude,unstructured,0.7999997987851992,211672.82873212325,down_proj,128,csr,5,0.7999999541089051,1.6258254647254944,0.3684789034641163
magnitude-u80,magnitude,unstructured,0.7999997987851992,211672.82873212325,down_proj,128,csr_random,5,0.7999999541089051,1.6325268894433975,0.36689153298086385
magnitude-u80,magnitude,unstructured,0.7999997987851992,211672.82873212325,down_proj,128,csr_rowmajor,5,0.7999999541089051,0.9214919060468674,0.6506105696051565
magnitude-u80,magnitude,unstructured,0.7999997987851992,211672.82873212325,down_proj,128,dense,5,0.7999999541089051,0.5989253520965576,1.0
magnitude-u80,magnitude,unstructured,0.7999997987851992,211672.82873212325,down_proj,512,csr,5,0.7999999541089051,8.811633661389351,0.30918017581168683
magnitude-u80,magnitude,unstructured,0.7999997987851992,211672.82873212325,down_proj,512,csr_random,5,0.7999999541089051,8.762195706367493,0.31091507580263367
magnitude-u80,magnitude,unstructured,0.7999997987851992,211672.82873212325,down_proj,512,csr_rowmajor,5,0.7999999541089051,4.784903675317764,0.5694860750468421
magnitude-u80,magnitude,unstructured,0.7999997987851992,211672.82873212325,down_proj,512,dense,5,0.7999999541089051,2.7240827679634094,1.0
magnitude-u80,magnitude,unstructured,0.7999997987851992,211672.82873212325,gate_proj,1,csr,5,0.7999999541089051,0.11166706681251526,0.3305654597595373
magnitude-u80,magnitude,unstructured,0.7999997987851992,211672.82873212325,gate_proj,1,csr_random,5,0.7999999541089051,0.11045485734939575,0.3341779854761746
magnitude-u80,magnitude,unstructured,0.7999997987851992,211672.82873212325,gate_proj,1,csr_rowmajor,5,0.7999999541089051,0.10947287082672119,0.33719040270446066
magnitude-u80,magnitude,unstructured,0.7999997987851992,211672.82873212325,gate_proj,1,dense,5,0.7999999541089051,0.036916881799697876,1.0
magnitude-u80,magnitude,unstructured,0.7999997987851992,211672.82873212325,gate_proj,8,csr,5,0.7999999541089051,0.1048937439918518,0.8166578659099925
magnitude-u80,magnitude,unstructured,0.7999997987851992,211672.82873212325,gate_proj,8,csr_random,5,0.7999999541089051,0.10439082980155945,0.8205735303227911
magnitude-u80,magnitude,unstructured,0.7999997987851992,211672.82873212325,gate_proj,8,csr_rowmajor,5,0.7999999541089051,0.08434802293777466,1.0155159373278515
magnitude-u80,magnitude,unstructured,0.7999997987851992,211672.82873212325,gate_proj,8,dense,5,0.7999999541089051,0.08566603064537048,1.0
magnitude-u80,magnitude,unstructured,0.7999997987851992,211672.82873212325,gate_proj,32,csr,5,0.7999999541089051,0.21654292941093445,2.0926554920067346
magnitude-u80,magnitude,unstructured,0.7999997987851992,211672.82873212325,gate_proj,32,csr_random,5,0.7999999541089051,0.21519623696804047,2.105751109057575
magnitude-u80,magnitude,unstructured,0.7999997987851992,211672.82873212325,gate_proj,32,csr_rowmajor,5,0.7999999541089051,0.173143669962883,2.6172354501791095
magnitude-u80,magnitude,unstructured,0.7999997987851992,211672.82873212325,gate_proj,32,dense,5,0.7999999541089051,0.45314691960811615,1.0
magnitude-u80,magnitude,unstructured,0.7999997987851992,211672.82873212325,gate_proj,128,csr,5,0.7999999541089051,0.890863686800003,0.8272318877889193
magnitude-u80,magnitude,unstructured,0.7999997987851992,211672.82873212325,gate_proj,128,csr_random,5,0.7999999541089051,0.8337017148733139,0.8900903963544016
magnitude-u80,magnitude,unstructured,0.7999997987851992,211672.82873212325,gate_proj,128,csr_rowmajor,5,0.7999999541089051,0.7368121296167374,1.0179212400214979
magnitude-u80,magnitude,unstructured,0.7999997987851992,211672.82873212325,gate_proj,128,dense,5,0.7999999541089051,0.736859068274498,1.0
magnitude-u80,magnitude,unstructured,0.7999997987851992,211672.82873212325,gate_proj,512,csr,5,0.7999999541089051,3.522687405347824,0.6260825447660643
magnitude-u80,magnitude,unstructured,0.7999997987851992,211672.82873212325,gate_proj,512,csr_random,5,0.7999999541089051,3.4714963287115097,0.6355335243006078
magnitude-u80,magnitude,unstructured,0.7999997987851992,211672.82873212325,gate_proj,512,csr_rowmajor,5,0.7999999541089051,2.9196470975875854,0.7563459222277855
magnitude-u80,magnitude,unstructured,0.7999997987851992,211672.82873212325,gate_proj,512,dense,5,0.7999999541089051,2.2039078176021576,1.0
magnitude-u80,magnitude,unstructured,0.7999997987851992,211672.82873212325,k_proj,1,csr,5,0.7999965122767857,0.02713724970817566,0.25341175021875323
magnitude-u80,magnitude,unstructured,0.7999997987851992,211672.82873212325,k_proj,1,csr_random,5,0.7999965122767857,0.027108192443847656,0.25368301701253443
magnitude-u80,magnitude,unstructured,0.7999997987851992,211672.82873212325,k_proj,1,csr_rowmajor,5,0.7999965122767857,0.025371462106704712,0.2710485166009709
magnitude-u80,magnitude,unstructured,0.7999997987851992,211672.82873212325,k_proj,1,dense,5,0.7999965122767857,0.006876885890960693,1.0
magnitude-u80,magnitude,unstructured,0.7999997987851992,211672.82873212325,k_proj,8,csr,5,0.7999965122767857,0.04188641905784607,0.41484587673479917
magnitude-u80,magnitude,unstructured,0.7999997987851992,211672.82873212325,k_proj,8,csr_random,5,0.7999965122767857,0.0418737530708313,0.4149648723858906
magnitude-u80,magnitude,unstructured,0.7999997987851992,211672.82873212325,k_proj,8,csr_rowmajor,5,0.7999965122767857,0.023600459098815918,0.7362410742698537
magnitude-u80,magnitude,unstructured,0.7999997987851992,211672.82873212325,k_proj,8,dense,5,0.7999965122767857,0.01737549901008606,1.0
magnitude-u80,magnitude,unstructured,0.7999997987851992,211672.82873212325,k_proj,32,csr,5,0.7999965122767857,0.06782710552215576,0.32217855695948394
magnitude-u80,magnitude,unstructured,0.7999997987851992,211672.82873212325,k_proj,32,csr_random,5,0.7999965122767857,0.06817802786827087,0.32051141986102993
magnitude-u80,magnitude,unstructured,0.7999997987851992,211672.82873212325,k_proj,32,csr_rowmajor,5,0.7999965122767857,0.026020407676696777,0.8398415689896715
magnitude-u80,magnitude,unstructured,0.7999997987851992,211672.82873212325,k_proj,32,dense,5,0.7999965122767857,0.021851062774658203,1.0
magnitude-u80,magnitude,unstructured,0.7999997987851992,211672.82873212325,k_proj,128,csr,5,0.7999965122767857,0.2050977200269699,0.21420237692825447
magnitude-u80,magnitude,unstructured,0.7999997987851992,211672.82873212325,k_proj,128,csr_random,5,0.7999965122767857,0.20436793565750122,0.21495903670569222
magnitude-u80,magnitude,unstructured,0.7999997987851992,211672.82873212325,k_proj,128,csr_rowmajor,5,0.7999965122767857,0.04119277000427246,1.0672682421357222
magnitude-u80,magnitude,unstructured,0.7999997987851992,211672.82873212325,k_proj,128,dense,5,0.7999965122767857,0.043930113315582275,1.0
magnitude-u80,magnitude,unstructured,0.7999997987851992,211672.82873212325,k_proj,512,csr,5,0.7999965122767857,0.834236666560173,0.1241172308704113
magnitude-u80,magnitude,unstructured,0.7999997987851992,211672.82873212325,k_proj,512,csr_random,5,0.7999965122767857,0.8275844156742096,0.1251084568189022
magnitude-u80,magnitude,unstructured,0.7999997987851992,211672.82873212325,k_proj,512,csr_rowmajor,5,0.7999965122767857,0.12799128890037537,0.809698025969076
magnitude-u80,magnitude,unstructured,0.7999997987851992,211672.82873212325,k_proj,512,dense,5,0.7999965122767857,0.10352954268455505,1.0
magnitude-u80,magnitude,unstructured,0.7999997987851992,211672.82873212325,o_proj,1,csr,5,0.7999990035076531,0.042646005749702454,0.2677075319485837
magnitude-u80,magnitude,unstructured,0.7999997987851992,211672.82873212325,o_proj,1,csr_random,5,0.7999990035076531,0.042511895298957825,0.26851697710071376
magnitude-u80,magnitude,unstructured,0.7999997987851992,211672.82873212325,o_proj,1,csr_rowmajor,5,0.7999990035076531,0.04079602658748627,0.2798464974399801
magnitude-u80,magnitude,unstructured,0.7999997987851992,211672.82873212325,o_proj,1,dense,5,0.7999990035076531,0.011413544416427612,1.0
magnitude-u80,magnitude,unstructured,0.7999997987851992,211672.82873212325,o_proj,8,csr,5,0.7999990035076531,0.05236305296421051,1.4087839544555147
magnitude-u80,magnitude,unstructured,0.7999997987851992,211672.82873212325,o_proj,8,csr_random,5,0.7999990035076531,0.05235746502876282,1.409055927766381
magnitude-u80,magnitude,unstructured,0.7999997987851992,211672.82873212325,o_proj,8,csr_rowmajor,5,0.7999990035076531,0.033117085695266724,2.227300329765024
magnitude-u80,magnitude,unstructured,0.7999997987851992,211672.82873212325,o_proj,8,dense,5,0.7999990035076531,0.07376149296760559,1.0
magnitude-u80,magnitude,unstructured,0.7999997987851992,211672.82873212325,o_proj,32,csr,5,0.7999990035076531,0.09832866489887238,0.9444678463317847
magnitude-u80,magnitude,unstructured,0.7999997987851992,211672.82873212325,o_proj,32,csr_random,5,0.7999990035076531,0.09920746088027954,0.9360790761205283
magnitude-u80,magnitude,unstructured,0.7999997987851992,211672.82873212325,o_proj,32,csr_rowmajor,5,0.7999990035076531,0.0542469322681427,1.7119222160283163
magnitude-u80,magnitude,unstructured,0.7999997987851992,211672.82873212325,o_proj,32,dense,5,0.7999990035076531,0.09285882115364075,1.0
magnitude-u80,magnitude,unstructured,0.7999997987851992,211672.82873212325,o_proj,128,csr,5,0.7999990035076531,0.3102615475654602,0.5442978197567484
magnitude-u80,magnitude,unstructured,0.7999997987851992,211672.82873212325,o_proj,128,csr_random,5,0.7999990035076531,0.3109678626060486,0.5431676295477162
magnitude-u80,magnitude,unstructured,0.7999997987851992,211672.82873212325,o_proj,128,csr_rowmajor,5,0.7999990035076531,0.14129877090454102,1.196500589989458
magnitude-u80,magnitude,unstructured,0.7999997987851992,211672.82873212325,o_proj,128,dense,5,0.7999990035076531,0.16883984208106995,1.0
magnitude-u80,magnitude,unstructured,0.7999997987851992,211672.82873212325,o_proj,512,csr,5,0.7999990035076531,1.2451522052288055,0.3533180910457339
magnitude-u80,magnitude,unstructured,0.7999997987851992,211672.82873212325,o_proj,512,csr_random,5,0.7999990035076531,1.2543421238660812,0.3507124571883097
magnitude-u80,magnitude,unstructured,0.7999997987851992,211672.82873212325,o_proj,512,csr_rowmajor,5,0.7999990035076531,0.5514129996299744,0.7984935882491686
magnitude-u80,magnitude,unstructured,0.7999997987851992,211672.82873212325,o_proj,512,dense,5,0.7999990035076531,0.4395570605993271,1.0
magnitude-u80,magnitude,unstructured,0.7999997987851992,211672.82873212325,q_proj,1,csr,5,0.7999990035076531,0.041792914271354675,0.27384246535231127
magnitude-u80,magnitude,unstructured,0.7999997987851992,211672.82873212325,q_proj,1,csr_random,5,0.7999990035076531,0.04163607954978943,0.27487771324192656
magnitude-u80,magnitude,unstructured,0.7999997987851992,211672.82873212325,q_proj,1,csr_rowmajor,5,0.7999990035076531,0.040010735392570496,0.2860611104041975
magnitude-u80,magnitude,unstructured,0.7999997987851992,211672.82873212325,q_proj,1,dense,5,0.7999990035076531,0.011441856622695923,1.0
magnitude-u80,magnitude,unstructured,0.7999997987851992,211672.82873212325,q_proj,8,csr,5,0.7999990035076531,0.05255565047264099,1.403970633994655
magnitude-u80,magnitude,unstructured,0.7999997987851992,211672.82873212325,q_proj,8,csr_random,5,0.7999990035076531,0.052678585052490234,1.4007780726984997
magnitude-u80,magnitude,unstructured,0.7999997987851992,211672.82873212325,q_proj,8,csr_rowmajor,5,0.7999990035076531,0.03333166241645813,2.2136333105476176
magnitude-u80,magnitude,unstructured,0.7999997987851992,211672.82873212325,q_proj,8,dense,5,0.7999990035076531,0.07378309965133667,1.0
magnitude-u80,magnitude,unstructured,0.7999997987851992,211672.82873212325,q_proj,32,csr,5,0.7999990035076531,0.10033175349235535,0.9251009801829257
magnitude-u80,magnitude,unstructured,0.7999997987851992,211672.82873212325,q_proj,32,csr_random,5,0.7999990035076531,0.09928494691848755,0.9349287903335993
magnitude-u80,magnitude,unstructured,0.7999997987851992,211672.82873212325,q_proj,32,csr_rowmajor,5,0.7999990035076531,0.05615726113319397,1.6526513793334254
magnitude-u80,magnitude,unstructured,0.7999997987851992,211672.82873212325,q_proj,32,dense,5,0.7999990035076531,0.0928044319152832,1.0
magnitude-u80,magnitude,unstructured,0.7999997987851992,211672.82873212325,q_proj,128,csr,5,0.7999990035076531,0.31021423637866974,0.544692243657134
magnitude-u80,magnitude,unstructured,0.7999997987851992,211672.82873212325,q_proj,128,csr_random,5,0.7999990035076531,0.3088276833295822,0.5471578636895429
magnitude-u80,magnitude,unstructured,0.7999997987851992,211672.82873212325,q_proj,128,csr_rowmajor,5,0.7999990035076531,0.1432187855243683,1.181340067578746
magnitude-u80,magnitude,unstructured,0.7999997987851992,211672.82873212325,q_proj,128,dense,5,0.7999990035076531,0.16894415020942688,1.0
magnitude-u80,magnitude,unstructured,0.7999997987851992,211672.82873212325,q_proj,512,csr,5,0.7999990035076531,1.2966122478246689,0.3391330495938241
magnitude-u80,magnitude,unstructured,0.7999997987851992,211672.82873212325,q_proj,512,csr_random,5,0.7999990035076531,1.2701567262411118,0.3458768326106333
magnitude-u80,magnitude,unstructured,0.7999997987851992,211672.82873212325,q_proj,512,csr_rowmajor,5,0.7999990035076531,0.6018966436386108,0.7324325399989638
magnitude-u80,magnitude,unstructured,0.7999997987851992,211672.82873212325,q_proj,512,dense,5,0.7999990035076531,0.43919943273067474,1.0
magnitude-u80,magnitude,unstructured,0.7999997987851992,211672.82873212325,up_proj,1,csr,5,0.7999999541089051,0.11099055409431458,0.3278924659223523
magnitude-u80,magnitude,unstructured,0.7999997987851992,211672.82873212325,up_proj,1,csr_random,5,0.7999999541089051,0.11171065270900726,0.3257455671153564
magnitude-u80,magnitude,unstructured,0.7999997987851992,211672.82873212325,up_proj,1,csr_rowmajor,5,0.7999999541089051,0.10838806629180908,0.3357081148143889
magnitude-u80,magnitude,unstructured,0.7999997987851992,211672.82873212325,up_proj,1,dense,5,0.7999999541089051,0.03638714551925659,1.0
magnitude-u80,magnitude,unstructured,0.7999997987851992,211672.82873212325,up_proj,8,csr,5,0.7999999541089051,0.10486021637916565,0.8058371013875856
magnitude-u80,magnitude,unstructured,0.7999997987851992,211672.82873212325,up_proj,8,csr_random,5,0.7999999541089051,0.10464563965797424,0.8074776613851068
magnitude-u80,magnitude,unstructured,0.7999997987851992,211672.82873212325,up_proj,8,csr_rowmajor,5,0.7999999541089051,0.08383207023143768,1.0079420066333011
magnitude-u80,magnitude,unstructured,0.7999997987851992,211672.82873212325,up_proj,8,dense,5,0.7999999541089051,0.08449368178844452,1.0
magnitude-u80,magnitude,unstructured,0.7999997987851992,211672.82873212325,up_proj,32,csr,5,0.7999999541089051,0.21526403725147247,2.105398774548466
magnitude-u80,magnitude,unstructured,0.7999997987851992,211672.82873212325,up_proj,32,csr_random,5,0.7999999541089051,0.21537356078624725,2.104337703884707
magnitude-u80,magnitude,unstructured,0.7999997987851992,211672.82873212325,up_proj,32,csr_rowmajor,5,0.7999999541089051,0.17150603234767914,2.6425714057397727
magnitude-u80,magnitude,unstructured,0.7999997987851992,211672.82873212325,up_proj,32,dense,5,0.7999999541089051,0.45321621000766754,1.0
magnitude-u80,magnitude,unstructured,0.7999997987851992,211672.82873212325,up_proj,128,csr,5,0.7999999541089051,0.9042747318744659,0.8142543393716853
magnitude-u80,magnitude,unstructured,0.7999997987851992,211672.82873212325,up_proj,128,csr_random,5,0.7999999541089051,0.879230722784996,0.8392743667455655
magnitude-u80,magnitude,unstructured,0.7999997987851992,211672.82873212325,up_proj,128,csr_rowmajor,5,0.7999999541089051,0.5641791969537735,1.3043332554071223
magnitude-u80,magnitude,unstructured,0.7999997987851992,211672.82873212325,up_proj,128,dense,5,0.7999999541089051,0.7358767092227936,1.0
magnitude-u80,magnitude,unstructured,0.7999997987851992,211672.82873212325,up_proj,512,csr,5,0.7999999541089051,3.4491460770368576,0.638282879629577
magnitude-u80,magnitude,unstructured,0.7999997987851992,211672.82873212325,up_proj,512,csr_random,5,0.7999999541089051,3.4492608159780502,0.6382972549989393
magnitude-u80,magnitude,unstructured,0.7999997987851992,211672.82873212325,up_proj,512,csr_rowmajor,5,0.7999999541089051,2.836007997393608,0.7777340800996935
magnitude-u80,magnitude,unstructured,0.7999997987851992,211672.82873212325,up_proj,512,dense,5,0.7999999541089051,2.200338989496231,1.0
magnitude-u80,magnitude,unstructured,0.7999997987851992,211672.82873212325,v_proj,1,csr,5,0.7999965122767857,0.02714097499847412,0.2532460651512526
magnitude-u80,magnitude,unstructured,0.7999997987851992,211672.82873212325,v_proj,1,csr_random,5,0.7999965122767857,0.02710670232772827,0.2535588647650172
magnitude-u80,magnitude,unstructured,0.7999997987851992,211672.82873212325,v_proj,1,csr_rowmajor,5,0.7999965122767857,0.02535879611968994,0.2710452924556552
magnitude-u80,magnitude,unstructured,0.7999997987851992,211672.82873212325,v_proj,1,dense,5,0.7999965122767857,0.0068731606006622314,1.0
magnitude-u80,magnitude,unstructured,0.7999997987851992,211672.82873212325,v_proj,8,csr,5,0.7999965122767857,0.04197023808956146,0.41398810966677896
magnitude-u80,magnitude,unstructured,0.7999997987851992,211672.82873212325,v_proj,8,csr_random,5,0.7999965122767857,0.041961669921875,0.41407409856006905
magnitude-u80,magnitude,unstructured,0.7999997987851992,211672.82873212325,v_proj,8,csr_rowmajor,5,0.7999965122767857,0.02364441752433777,0.7348357044692079
magnitude-u80,magnitude,unstructured,0.7999997987851992,211672.82873212325,v_proj,8,dense,5,0.7999965122767857,0.017374753952026367,1.0
magnitude-u80,magnitude,unstructured,0.7999997987851992,211672.82873212325,v_proj,32,csr,5,0.7999965122767857,0.06791837513446808,0.32220764889798675
magnitude-u80,magnitude,unstructured,0.7999997987851992,211672.82873212325,v_proj,32,csr_random,5,0.7999965122767857,0.06793364882469177,0.3221078089321392
magnitude-u80,magnitude,unstructured,0.7999997987851992,211672.82873212325,v_proj,32,csr_rowmajor,5,0.7999965122767857,0.026097893714904785,0.8384183529997586
magnitude-u80,magnitude,unstructured,0.7999997987851992,211672.82873212325,v_proj,32,dense,5,0.7999965122767857,0.021880120038986206,1.0
magnitude-u80,magnitude,unstructured,0.7999997987851992,211672.82873212325,v_proj,128,csr,5,0.7999965122767857,0.20436011254787445,0.21492278312546023
magnitude-u80,magnitude,unstructured,0.7999997987851992,211672.82873212325,v_proj,128,csr_random,5,0.7999965122767857,0.20516924560070038,0.21408106195107113
magnitude-u80,magnitude,unstructured,0.7999997987851992,211672.82873212325,v_proj,128,csr_rowmajor,5,0.7999965122767857,0.04030466079711914,1.0906617482551688
magnitude-u80,magnitude,unstructured,0.7999997987851992,211672.82873212325,v_proj,128,dense,5,0.7999965122767857,0.04391893744468689,1.0
magnitude-u80,magnitude,unstructured,0.7999997987851992,211672.82873212325,v_proj,512,csr,5,0.7999965122767857,0.8321531116962433,0.12532313500042772
magnitude-u80,magnitude,unstructured,0.7999997987851992,211672.82873212325,v_proj,512,csr_random,5,0.7999965122767857,0.8405540138483047,0.12406273851754354
magnitude-u80,magnitude,unstructured,0.7999997987851992,211672.82873212325,v_proj,512,csr_rowmajor,5,0.7999965122767857,0.11876299977302551,0.8806640686486168
magnitude-u80,magnitude,unstructured,0.7999997987851992,211672.82873212325,v_proj,512,dense,5,0.7999965122767857,0.10423995554447174,1.0
magnitude-u90,magnitude,unstructured,0.8999997987851992,53220778.79039385,down_proj,1,csr,5,0.8999998623267152,0.10118335485458374,0.4250454892119062
magnitude-u90,magnitude,unstructured,0.8999997987851992,53220778.79039385,down_proj,1,csr_random,5,0.8999998623267152,0.10284632444381714,0.41895112115415395
magnitude-u90,magnitude,unstructured,0.8999997987851992,53220778.79039385,down_proj,1,csr_rowmajor,5,0.8999998623267152,0.09923577308654785,0.43368146679013303
magnitude-u90,magnitude,unstructured,0.8999997987851992,53220778.79039385,down_proj,1,dense,5,0.8999998623267152,0.04299730062484741,1.0
magnitude-u90,magnitude,unstructured,0.8999997987851992,53220778.79039385,down_proj,8,csr,5,0.8999998623267152,0.1333434134721756,1.023405222212278
magnitude-u90,magnitude,unstructured,0.8999997987851992,53220778.79039385,down_proj,8,csr_random,5,0.8999998623267152,0.1330345869064331,1.0267867575284333
magnitude-u90,magnitude,unstructured,0.8999997987851992,53220778.79039385,down_proj,8,csr_rowmajor,5,0.8999998623267152,0.04901811480522156,2.782764569941229
magnitude-u90,magnitude,unstructured,0.8999997987851992,53220778.79039385,down_proj,8,dense,5,0.8999998623267152,0.13645365834236145,1.0
magnitude-u90,magnitude,unstructured,0.8999997987851992,53220778.79039385,down_proj,32,csr,5,0.8999998623267152,0.3114599734544754,0.7685905263008458
magnitude-u90,magnitude,unstructured,0.8999997987851992,53220778.79039385,down_proj,32,csr_random,5,0.8999998623267152,0.31121037900447845,0.7691997948618885
magnitude-u90,magnitude,unstructured,0.8999997987851992,53220778.79039385,down_proj,32,csr_rowmajor,5,0.8999998623267152,0.10607540607452393,2.2592867998792183
magnitude-u90,magnitude,unstructured,0.8999997987851992,53220778.79039385,down_proj,32,dense,5,0.8999998623267152,0.2393782138824463,1.0
magnitude-u90,magnitude,unstructured,0.8999997987851992,53220778.79039385,down_proj,128,csr,5,0.8999998623267152,1.2570329010486603,0.4838250890020732
magnitude-u90,magnitude,unstructured,0.8999997987851992,53220778.79039385,down_proj,128,csr_random,5,0.8999998623267152,1.2590184807777405,0.4830441444603864
magnitude-u90,magnitude,unstructured,0.8999997987851992,53220778.79039385,down_proj,128,csr_rowmajor,5,0.8999998623267152,0.4643067717552185,1.3111209464681801
magnitude-u90,magnitude,unstructured,0.8999997987851992,53220778.79039385,down_proj,128,dense,5,0.8999998623267152,0.6081387400627136,1.0
magnitude-u90,magnitude,unstructured,0.8999997987851992,53220778.79039385,down_proj,512,csr,5,0.8999998623267152,6.645530462265015,0.4076089183012548
magnitude-u90,magnitude,unstructured,0.8999997987851992,53220778.79039385,down_proj,512,csr_random,5,0.8999998623267152,6.602713465690613,0.41022108883573216
magnitude-u90,magnitude,unstructured,0.8999997987851992,53220778.79039385,down_proj,512,csr_rowmajor,5,0.8999998623267152,2.812136709690094,0.9631467713411109
magnitude-u90,magnitude,unstructured,0.8999997987851992,53220778.79039385,down_proj,512,dense,5,0.8999998623267152,2.7083903551101685,1.0
magnitude-u90,magnitude,unstructured,0.8999997987851992,53220778.79039385,gate_proj,1,csr,5,0.8999998623267152,0.0650651752948761,0.5793451523181155
magnitude-u90,magnitude,unstructured,0.8999997987851992,53220778.79039385,gate_proj,1,csr_random,5,0.8999998623267152,0.0633440911769867,0.5953067996011661
magnitude-u90,magnitude,unstructured,0.8999997987851992,53220778.79039385,gate_proj,1,csr_rowmajor,5,0.8999998623267152,0.06310231983661652,0.5973702356736302
magnitude-u90,magnitude,unstructured,0.8999997987851992,53220778.79039385,gate_proj,1,dense,5,0.8999998623267152,0.03769099712371826,1.0
magnitude-u90,magnitude,unstructured,0.8999997987851992,53220778.79039385,gate_proj,8,csr,5,0.8999998623267152,0.07733181118965149,1.1431799930698086
magnitude-u90,magnitude,unstructured,0.8999997987851992,53220778.79039385,gate_proj,8,csr_random,5,0.8999998623267152,0.07670335471630096,1.152291500905702
magnitude-u90,magnitude,unstructured,0.8999997987851992,53220778.79039385,gate_proj,8,csr_rowmajor,5,0.8999998623267152,0.057331472635269165,1.542165124692569
magnitude-u90,magnitude,unstructured,0.8999997987851992,53220778.79039385,gate_proj,8,dense,5,0.8999998623267152,0.08835569024085999,1.0
magnitude-u90,magnitude,unstructured,0.8999997987851992,53220778.79039385,gate_proj,32,csr,5,0.8999998623267152,0.15309639275074005,1.5217269240456153
magnitude-u90,magnitude,unstructured,0.8999997987851992,53220778.79039385,gate_proj,32,csr_random,5,0.8999998623267152,0.1516886055469513,1.5358239295796998
magnitude-u90,magnitude,unstructured,0.8999997987851992,53220778.79039385,gate_proj,32,csr_rowmajor,5,0.8999998623267152,0.10887309908866882,2.139998954135112
magnitude-u90,magnitude,unstructured,0.8999997987851992,53220778.79039385,gate_proj,32,dense,5,0.8999998623267152,0.23296624422073364,1.0
magnitude-u90,magnitude,unstructured,0.8999997987851992,53220778.79039385,gate_proj,128,csr,5,0.8999998623267152,0.4822656512260437,1.5772837521601517
magnitude-u90,magnitude,unstructured,0.8999997987851992,53220778.79039385,gate_proj,128,csr_random,5,0.8999998623267152,0.47468170523643494,1.6023766185847668
magnitude-u90,magnitude,unstructured,0.8999997987851992,53220778.79039385,gate_proj,128,csr_rowmajor,5,0.8999998623267152,0.3009296953678131,2.5330285643472235
magnitude-u90,magnitude,unstructured,0.8999997987851992,53220778.79039385,gate_proj,128,dense,5,0.8999998623267152,0.7602822035551071,1.0
magnitude-u90,magnitude,unstructured,0.8999997987851992,53220778.79039385,gate_proj,512,csr,5,0.8999998623267152,2.3550324141979218,0.9434289334334002
magnitude-u90,magnitude,unstructured,0.8999997987851992,53220778.79039385,gate_proj,512,csr_random,5,0.8999998623267152,2.406766265630722,0.9230349484304795
magnitude-u90,magnitude,unstructured,0.8999997987851992,53220778.79039385,gate_proj,512,csr_rowmajor,5,0.8999998623267152,1.8716644495725632,1.2068066403676556
magnitude-u90,magnitude,unstructured,0.8999997987851992,53220778.79039385,gate_proj,512,dense,5,0.8999998623267152,2.221284806728363,1.0
magnitude-u90,magnitude,unstructured,0.8999997987851992,53220778.79039385,k_proj,1,csr,5,0.8999982561383929,0.02106577157974243,0.33435667924255325
magnitude-u90,magnitude,unstructured,0.8999997987851992,53220778.79039385,k_proj,1,csr_random,5,0.8999982561383929,0.021070241928100586,0.33428359065026586
magnitude-u90,magnitude,unstructured,0.8999997987851992,53220778.79039385,k_proj,1,csr_rowmajor,5,0.8999982561383929,0.019290298223495483,0.36513102616445076
magnitude-u90,magnitude,unstructured,0.8999997987851992,53220778.79039385,k_proj,1,dense,5,0.8999982561383929,0.007043406367301941,1.0
magnitude-u90,magnitude,unstructured,0.8999997987851992,53220778.79039385,k_proj,8,csr,5,0.8999982561383929,0.036700814962387085,0.3147621215785636
magnitude-u90,magnitude,unstructured,0.8999997987851992,53220778.79039385,k_proj,8,csr_random,5,0.8999982561383929,0.036785006523132324,0.3140401522543773
magnitude-u90,magnitude,unstructured,0.8999997987851992,53220778.79039385,k_proj,8,csr_rowmajor,5,0.8999982561383929,0.017671287059783936,0.6536875139965849
magnitude-u90,magnitude,unstructured,0.8999997987851992,53220778.79039385,k_proj,8,dense,5,0.8999982561383929,0.011551380157470703,1.0
magnitude-u90,magnitude,unstructured,0.8999997987851992,53220778.79039385,k_proj,32,csr,5,0.8999982561383929,0.06282925605773926,0.25687641313023163
magnitude-u90,magnitude,unstructured,0.8999997987851992,53220778.79039385,k_proj,32,csr_random,5,0.8999982561383929,0.06313733756542206,0.25563278421104113
magnitude-u90,magnitude,unstructured,0.8999997987851992,53220778.79039385,k_proj,32,csr_rowmajor,5,0.8999982561383929,0.01944825053215027,0.829903913533112
magnitude-u90,magnitude,unstructured,0.8999997987851992,53220778.79039385,k_proj,32,dense,5,0.8999982561383929,0.016138330101966858,1.0
magnitude-u90,magnitude,unstructured,0.8999997987851992,53220778.79039385,k_proj,128,csr,5,0.8999982561383929,0.1888662576675415,0.17049723421957735
magnitude-u90,magnitude,unstructured,0.8999997987851992,53220778.79039385,k_proj,128,csr_random,5,0.8999982561383929,0.19089579582214355,0.1686876290321868
magnitude-u90,magnitude,unstructured,0.8999997987851992,53220778.79039385,k_proj,128,csr_rowmajor,5,0.8999982561383929,0.029960274696350098,1.0776988763105093
magnitude-u90,magnitude,unstructured,0.8999997987851992,53220778.79039385,k_proj,128,dense,5,0.8999982561383929,0.0321999192237854,1.0
magnitude-u90,magnitude,unstructured,0.8999997987851992,53220778.79039385,k_proj,512,csr,5,0.8999982561383929,0.7673300802707672,0.0991757320374129
magnitude-u90,magnitude,unstructured,0.8999997987851992,53220778.79039385,k_proj,512,csr_random,5,0.8999982561383929,0.7615044713020325,0.09989641579707582
magnitude-u90,magnitude,unstructured,0.8999997987851992,53220778.79039385,k_proj,512,csr_rowmajor,5,0.8999982561383929,0.08106827735900879,0.9590173066899705
magnitude-u90,magnitude,unstructured,0.8999997987851992,53220778.79039385,k_proj,512,dense,5,0.8999982561383929,0.0760689377784729,1.0
magnitude-u90,magnitude,unstructured,0.8999997987851992,53220778.79039385,o_proj,1,csr,5,0.8999995017538265,0.03665760159492493,0.318770961434218
magnitude-u90,magnitude,unstructured,0.8999997987851992,53220778.79039385,o_proj,1,csr_random,5,0.8999995017538265,0.035835057497024536,0.325907678723719
magnitude-u90,magnitude,unstructured,0.8999997987851992,53220778.79039385,o_proj,1,csr_rowmajor,5,0.8999995017538265,0.03470666706562042,0.33665919871499106
magnitude-u90,magnitude,unstructured,0.8999997987851992,53220778.79039385,o_proj,1,dense,5,0.8999995017538265,0.011666864156723022,1.0
magnitude-u90,magnitude,unstructured,0.8999997987851992,53220778.79039385,o_proj,8,csr,5,0.8999995017538265,0.0507161021232605,0.6540866619701555
magnitude-u90,magnitude,unstructured,0.8999997987851992,53220778.79039385,o_proj,8,csr_random,5,0.8999995017538265,0.05088970065116882,0.6518595560237297
magnitude-u90,magnitude,unstructured,0.8999997987851992,53220778.79039385,o_proj,8,csr_rowmajor,5,0.8999995017538265,0.031641870737075806,1.0483905728427954
magnitude-u90,magnitude,unstructured,0.8999997987851992,53220778.79039385,o_proj,8,dense,5,0.8999995017538265,0.03317221999168396,1.0
magnitude-u90,magnitude,unstructured,0.8999997987851992,53220778.79039385,o_proj,32,csr,5,0.8999995017538265,0.08987709879875183,0.5859499562852939
magnitude-u90,magnitude,unstructured,0.8999997987851992,53220778.79039385,o_proj,32,csr_random,5,0.8999995017538265,0.09047873318195343,0.5819291254651648
magnitude-u90,magnitude,unstructured,0.8999997987851992,53220778.79039385,o_proj,32,csr_rowmajor,5,0.8999995017538265,0.045894086360931396,1.1472806631134345
magnitude-u90,magnitude,unstructured,0.8999997987851992,53220778.79039385,o_proj,32,dense,5,0.8999995017538265,0.05264803767204285,1.0
magnitude-u90,magnitude,unstructured,0.8999997987851992,53220778.79039385,o_proj,128,csr,5,0.8999995017538265,0.25936588644981384,0.5032366847629304
magnitude-u90,magnitude,unstructured,0.8999997987851992,53220778.79039385,o_proj,128,csr_random,5,0.8999995017538265,0.2599649131298065,0.5021163067060688
magnitude-u90,magnitude,unstructured,0.8999997987851992,53220778.79039385,o_proj,128,csr_rowmajor,5,0.8999995017538265,0.08985176682472229,1.4549363152921282
magnitude-u90,magnitude,unstructured,0.8999997987851992,53220778.79039385,o_proj,128,dense,5,0.8999995017538265,0.13051219284534454,1.0
magnitude-u90,magnitude,unstructured,0.8999997987851992,53220778.79039385,o_proj,512,csr,5,0.8999995017538265,1.0128132998943329,0.44539039767160093
magnitude-u90,magnitude,unstructured,0.8999997987851992,53220778.79039385,o_proj,512,csr_random,5,0.8999995017538265,1.059114933013916,0.4260745999644059
magnitude-u90,magnitude,unstructured,0.8999997987851992,53220778.79039385,o_proj,512,csr_rowmajor,5,0.8999995017538265,0.3197908401489258,1.4367640158015533
magnitude-u90,magnitude,unstructured,0.8999997987851992,53220778.79039385,o_proj,512,dense,5,0.8999995017538265,0.45066364109516144,1.0
magnitude-u90,magnitude,unstructured,0.8999997987851992,53220778.79039385,q_proj,1,csr,5,0.8999995017538265,0.036372244358062744,0.3199632980234313
magnitude-u90,magnitude,unstructured,0.8999997987851992,53220778.79039385,q_proj,1,csr_random,5,0.8999995017538265,0.03592967987060547,0.323888340207184
magnitude-u90,magnitude,unstructured,0.8999997987851992,53220778.79039385,q_proj,1,csr_rowmajor,5,0.8999995017538265,0.03465525805950165,0.33581725005182816
magnitude-u90,magnitude,unstructured,0.8999997987851992,53220778.79039385,q_proj,1,dense,5,0.8999995017538265,0.011636316776275635,1.0
magnitude-u90,magnitude,unstructured,0.8999997987851992,53220778.79039385,q_proj,8,csr,5,0.8999995017538265,0.05069896578788757,0.6545133169507844
magnitude-u90,magnitude,unstructured,0.8999997987851992,53220778.79039385,q_proj,8,csr_random,5,0.8999995017538265,0.050687044858932495,0.6546849312450561
magnitude-u90,magnitude,unstructured,0.8999997987851992,53220778.79039385,q_proj,8,csr_rowmajor,5,0.8999995017538265,0.031773000955581665,1.0444075920188722
magnitude-u90,magnitude,unstructured,0.8999997987851992,53220778.79039385,q_proj,8,dense,5,0.8999995017538265,0.03318265080451965,1.0
magnitude-u90,magnitude,unstructured,0.8999997987851992,53220778.79039385,q_proj,32,csr,5,0.8999995017538265,0.08931607007980347,0.5903395734545929
magnitude-u90,magnitude,unstructured,0.8999997987851992,53220778.79039385,q_proj,32,csr_random,5,0.8999995017538265,0.08969232439994812,0.5879240341050352
magnitude-u90,magnitude,unstructured,0.8999997987851992,53220778.79039385,q_proj,32,csr_rowmajor,5,0.8999995017538265,0.04660710692405701,1.1313908002540924
magnitude-u90,magnitude,unstructured,0.8999997987851992,53220778.79039385,q_proj,32,dense,5,0.8999995017538265,0.052725523710250854,1.0
magnitude-u90,magnitude,unstructured,0.8999997987851992,53220778.79039385,q_proj,128,csr,5,0.8999995017538265,0.2659820020198822,0.4901411105131713
magnitude-u90,magnitude,unstructured,0.8999997987851992,53220778.79039385,q_proj,128,csr_random,5,0.8999995017538265,0.2642527222633362,0.4933488480156303
magnitude-u90,magnitude,unstructured,0.8999997987851992,53220778.79039385,q_proj,128,csr_rowmajor,5,0.8999995017538265,0.09150095283985138,1.4260600644240138
magnitude-u90,magnitude,unstructured,0.8999997987851992,53220778.79039385,q_proj,128,dense,5,0.8999995017538265,0.13035014271736145,1.0
magnitude-u90,magnitude,unstructured,0.8999997987851992,53220778.79039385,q_proj,512,csr,5,0.8999995017538265,1.0253958404064178,0.4396925710749107
magnitude-u90,magnitude,unstructured,0.8999997987851992,53220778.79039385,q_proj,512,csr_random,5,0.8999995017538265,1.062101125717163,0.42454248701227343
magnitude-u90,magnitude,unstructured,0.8999997987851992,53220778.79039385,q_proj,512,csr_rowmajor,5,0.8999995017538265,0.3502272069454193,1.2943588820650958
magnitude-u90,magnitude,unstructured,0.8999997987851992,53220778.79039385,q_proj,512,dense,5,0.8999995017538265,0.4504326730966568,1.0
magnitude-u90,magnitude,unstructured,0.8999997987851992,53220778.79039385,up_proj,1,csr,5,0.8999998623267152,0.06387978792190552,0.6862616759476957
magnitude-u90,magnitude,unstructured,0.8999997987851992,53220778.79039385,up_proj,1,csr_random,5,0.8999998623267152,0.06311461329460144,0.6947853671622003
magnitude-u90,magnitude,unstructured,0.8999997987851992,53220778.79039385,up_proj,1,csr_rowmajor,5,0.8999998623267152,0.061898306012153625,0.708309419917954
magnitude-u90,magnitude,unstructured,0.8999997987851992,53220778.79039385,up_proj,1,dense,5,0.8999998623267152,0.0437859445810318,1.0
magnitude-u90,magnitude,unstructured,0.8999997987851992,53220778.79039385,up_proj,8,csr,5,0.8999998623267152,0.077095627784729,1.3860558506047909
magnitude-u90,magnitude,unstructured,0.8999997987851992,53220778.79039385,up_proj,8,csr_random,5,0.8999998623267152,0.07708072662353516,1.390799263485254
magnitude-u90,magnitude,unstructured,0.8999997987851992,53220778.79039385,up_proj,8,csr_rowmajor,5,0.8999998623267152,0.05714893341064453,1.8705982849358962
magnitude-u90,magnitude,unstructured,0.8999997987851992,53220778.79039385,up_proj,8,dense,5,0.8999998623267152,0.10721683502197266,1.0
magnitude-u90,magnitude,unstructured,0.8999997987851992,53220778.79039385,up_proj,32,csr,5,0.8999998623267152,0.15212371945381165,1.5669519754363987
magnitude-u90,magnitude,unstructured,0.8999997987851992,53220778.79039385,up_proj,32,csr_random,5,0.8999998623267152,0.15228018164634705,1.565558591904802
magnitude-u90,magnitude,unstructured,0.8999997987851992,53220778.79039385,up_proj,32,csr_rowmajor,5,0.8999998623267152,0.10758563876152039,2.215494339810089
magnitude-u90,magnitude,unstructured,0.8999997987851992,53220778.79039385,up_proj,32,dense,5,0.8999998623267152,0.23839585483074188,1.0
magnitude-u90,magnitude,unstructured,0.8999997987851992,53220778.79039385,up_proj,128,csr,5,0.8999998623267152,0.4665665328502655,1.6853860262308569
magnitude-u90,magnitude,unstructured,0.8999997987851992,53220778.79039385,up_proj,128,csr_random,5,0.8999998623267152,0.4639536142349243,1.694897107551625
magnitude-u90,magnitude,unstructured,0.8999997987851992,53220778.79039385,up_proj,128,csr_rowmajor,5,0.8999998623267152,0.28733164072036743,2.7397659832733416
magnitude-u90,magnitude,unstructured,0.8999997987851992,53220778.79039385,up_proj,128,dense,5,0.8999998623267152,0.784870982170105,1.0
magnitude-u90,magnitude,unstructured,0.8999997987851992,53220778.79039385,up_proj,512,csr,5,0.8999998623267152,2.6136670261621475,0.8684243212121433
magnitude-u90,magnitude,unstructured,0.8999997987851992,53220778.79039385,up_proj,512,csr_random,5,0.8999998623267152,2.67987884581089,0.8459791973515842
magnitude-u90,magnitude,unstructured,0.8999997987851992,53220778.79039385,up_proj,512,csr_rowmajor,5,0.8999998623267152,2.0080406218767166,1.1357360807615866
magnitude-u90,magnitude,unstructured,0.8999997987851992,53220778.79039385,up_proj,512,dense,5,0.8999998623267152,2.226213738322258,1.0
magnitude-u90,magnitude,unstructured,0.8999997987851992,53220778.79039385,v_proj,1,csr,5,0.8999982561383929,0.021104514598846436,0.3341829461003331
magnitude-u90,magnitude,unstructured,0.8999997987851992,53220778.79039385,v_proj,1,csr_random,5,0.8999982561383929,0.021013617515563965,0.33562972337976654
magnitude-u90,magnitude,unstructured,0.8999997987851992,53220778.79039385,v_proj,1,csr_rowmajor,5,0.8999982561383929,0.01931115984916687,0.3652169575004291
magnitude-u90,magnitude,unstructured,0.8999997987851992,53220778.79039385,v_proj,1,dense,5,0.8999982561383929,0.007052719593048096,1.0
magnitude-u90,magnitude,unstructured,0.8999997987851992,53220778.79039385,v_proj,8,csr,5,0.8999982561383929,0.03648251295089722,0.3171406223790213
magnitude-u90,magnitude,unstructured,0.8999997987851992,53220778.79039385,v_proj,8,csr_random,5,0.8999982561383929,0.03640949726104736,0.3177731508808497
magnitude-u90,magnitude,unstructured,0.8999997987851992,53220778.79039385,v_proj,8,csr_rowmajor,5,0.8999982561383929,0.01765713095664978,0.655217047906512
magnitude-u90,magnitude,unstructured,0.8999997987851992,53220778.79039385,v_proj,8,dense,5,0.8999982561383929,0.01156926155090332,1.0
magnitude-u90,magnitude,unstructured,0.8999997987851992,53220778.79039385,v_proj,32,csr,5,0.8999982561383929,0.06326176226139069,0.2560656642645821
magnitude-u90,magnitude,unstructured,0.8999997987851992,53220778.79039385,v_proj,32,csr_random,5,0.8999982561383929,0.06343163549900055,0.2553702635838752
magnitude-u90,magnitude,unstructured,0.8999997987851992,53220778.79039385,v_proj,32,csr_rowmajor,5,0.8999982561383929,0.019346922636032104,0.8371546355839827
magnitude-u90,magnitude,unstructured,0.8999997987851992,53220778.79039385,v_proj,32,dense,5,0.8999982561383929,0.016196072101593018,1.0
magnitude-u90,magnitude,unstructured,0.8999997987851992,53220778.79039385,v_proj,128,csr,5,0.8999982561383929,0.1897953450679779,0.1701181515533331
magnitude-u90,magnitude,unstructured,0.8999997987851992,53220778.79039385,v_proj,128,csr_random,5,0.8999982561383929,0.1927390694618225,0.16750934648958013
magnitude-u90,magnitude,unstructured,0.8999997987851992,53220778.79039385,v_proj,128,csr_rowmajor,5,0.8999982561383929,0.02887621521949768,1.117358490033764
magnitude-u90,magnitude,unstructured,0.8999997987851992,53220778.79039385,v_proj,128,dense,5,0.8999982561383929,0.03226175904273987,1.0
magnitude-u90,magnitude,unstructured,0.8999997987851992,53220778.79039385,v_proj,512,csr,5,0.8999982561383929,0.7553726434707642,0.10411411692091234
magnitude-u90,magnitude,unstructured,0.8999997987851992,53220778.79039385,v_proj,512,csr_random,5,0.8999982561383929,0.7657598704099655,0.10268985531965136
magnitude-u90,magnitude,unstructured,0.8999997987851992,53220778.79039385,v_proj,512,csr_rowmajor,5,0.8999982561383929,0.07011182606220245,1.1225314590037636
magnitude-u90,magnitude,unstructured,0.8999997987851992,53220778.79039385,v_proj,512,dense,5,0.8999982561383929,0.07865875959396362,1.0
sparsegpt-nm1-4,sparsegpt,1:4,0.75,3089.906009546529,down_proj,1,csr,5,0.75,0.17239637672901154,0.21983651428779188
sparsegpt-nm1-4,sparsegpt,1:4,0.75,3089.906009546529,down_proj,1,csr_random,5,0.75,0.1731187105178833,0.21901977349651702
sparsegpt-nm1-4,sparsegpt,1:4,0.75,3089.906009546529,down_proj,1,csr_rowmajor,5,0.75,0.1695491373538971,0.22357068109145917
sparsegpt-nm1-4,sparsegpt,1:4,0.75,3089.906009546529,down_proj,1,dense,5,0.75,0.037901103496551514,1.0
sparsegpt-nm1-4,sparsegpt,1:4,0.75,3089.906009546529,down_proj,8,csr,5,0.75,0.18431954085826874,0.6933300778294075
sparsegpt-nm1-4,sparsegpt,1:4,0.75,3089.906009546529,down_proj,8,csr_random,5,0.75,0.18125846982002258,0.7048674457349818
sparsegpt-nm1-4,sparsegpt,1:4,0.75,3089.906009546529,down_proj,8,csr_rowmajor,5,0.75,0.09919404983520508,1.2889194399887658
sparsegpt-nm1-4,sparsegpt,1:4,0.75,3089.906009546529,down_proj,8,dense,5,0.75,0.12780725955963135,1.0
sparsegpt-nm1-4,sparsegpt,1:4,0.75,3089.906009546529,down_proj,32,csr,5,0.75,0.42368099093437195,0.5635208786031902
sparsegpt-nm1-4,sparsegpt,1:4,0.75,3089.906009546529,down_proj,32,csr_random,5,0.75,0.42036138474941254,0.5679827413228841
sparsegpt-nm1-4,sparsegpt,1:4,0.75,3089.906009546529,down_proj,32,csr_rowmajor,5,0.75,0.23652762174606323,1.0094742654782385
sparsegpt-nm1-4,sparsegpt,1:4,0.75,3089.906009546529,down_proj,32,dense,5,0.75,0.23871324956417084,1.0
sparsegpt-nm1-4,sparsegpt,1:4,0.75,3089.906009546529,down_proj,128,csr,5,0.75,1.8739160150289536,0.32121931473266874
sparsegpt-nm1-4,sparsegpt,1:4,0.75,3089.906009546529,down_proj,128,csr_random,5,0.75,1.9151322543621063,0.31428411852655463
sparsegpt-nm1-4,sparsegpt,1:4,0.75,3089.906009546529,down_proj,128,csr_rowmajor,5,0.75,1.1354219168424606,0.5302321640033754
sparsegpt-nm1-4,sparsegpt,1:4,0.75,3089.906009546529,down_proj,128,dense,5,0.75,0.6018541753292084,1.0
sparsegpt-nm1-4,sparsegpt,1:4,0.75,3089.906009546529,down_proj,512,csr,5,0.75,10.87888702750206,0.25409410319498793
sparsegpt-nm1-4,sparsegpt,1:4,0.75,3089.906009546529,down_proj,512,csr_random,5,0.75,10.836202651262283,0.25509228971149583
sparsegpt-nm1-4,sparsegpt,1:4,0.75,3089.906009546529,down_proj,512,csr_rowmajor,5,0.75,7.016143202781677,0.3940838443072316
sparsegpt-nm1-4,sparsegpt,1:4,0.75,3089.906009546529,down_proj,512,dense,5,0.75,2.7642015367746353,1.0
sparsegpt-nm1-4,sparsegpt,1:4,0.75,3089.906009546529,gate_proj,1,csr,5,0.75,0.13369619846343994,0.2773647046149617
sparsegpt-nm1-4,sparsegpt,1:4,0.75,3089.906009546529,gate_proj,1,csr_random,5,0.75,0.13474375009536743,0.2752689219986061
sparsegpt-nm1-4,sparsegpt,1:4,0.75,3089.906009546529,gate_proj,1,csr_rowmajor,5,0.75,0.13134479522705078,0.28234508028813726
sparsegpt-nm1-4,sparsegpt,1:4,0.75,3089.906009546529,gate_proj,1,dense,5,0.75,0.03708302974700928,1.0
sparsegpt-nm1-4,sparsegpt,1:4,0.75,3089.906009546529,gate_proj,8,csr,5,0.75,0.12021735310554504,0.7132122803707364
sparsegpt-nm1-4,sparsegpt,1:4,0.75,3089.906009546529,gate_proj,8,csr_random,5,0.75,0.12089461088180542,0.7092378918066428
sparsegpt-nm1-4,sparsegpt,1:4,0.75,3089.906009546529,gate_proj,8,csr_rowmajor,5,0.75,0.0985812395811081,0.8696828445765088
sparsegpt-nm1-4,sparsegpt,1:4,0.75,3089.906009546529,gate_proj,8,dense,5,0.75,0.08574463427066803,1.0
sparsegpt-nm1-4,sparsegpt,1:4,0.75,3089.906009546529,gate_proj,32,csr,5,0.75,0.25205276906490326,0.9209456722930275
sparsegpt-nm1-4,sparsegpt,1:4,0.75,3089.906009546529,gate_proj,32,csr_random,5,0.75,0.25013647973537445,0.9279906192081292
sparsegpt-nm1-4,sparsegpt,1:4,0.75,3089.906009546529,gate_proj,32,csr_rowmajor,5,0.75,0.2086874097585678,1.1123085933553072
sparsegpt-nm1-4,sparsegpt,1:4,0.75,3089.906009546529,gate_proj,32,dense,5,0.75,0.2321239560842514,1.0
sparsegpt-nm1-4,sparsegpt,1:4,0.75,3089.906009546529,gate_proj,128,csr,5,0.75,0.9559035301208496,0.7862165451434305
sparsegpt-nm1-4,sparsegpt,1:4,0.75,3089.906009546529,gate_proj,128,csr_random,5,0.75,0.9481541812419891,0.7927231238536484
sparsegpt-nm1-4,sparsegpt,1:4,0.75,3089.906009546529,gate_proj,128,csr_rowmajor,5,0.75,0.8767586201429367,0.857789927849546
sparsegpt-nm1-4,sparsegpt,1:4,0.75,3089.906009546529,gate_proj,128,dense,5,0.75,0.7514417171478271,1.0
sparsegpt-nm1-4,sparsegpt,1:4,0.75,3089.906009546529,gate_proj,512,csr,5,0.75,4.15719673037529,0.5378448707109912
sparsegpt-nm1-4,sparsegpt,1:4,0.75,3089.906009546529,gate_proj,512,csr_random,5,0.75,4.199545830488205,0.5322680521445653
sparsegpt-nm1-4,sparsegpt,1:4,0.75,3089.906009546529,gate_proj,512,csr_rowmajor,5,0.75,3.690660744905472,0.6063626042304859
sparsegpt-nm1-4,sparsegpt,1:4,0.75,3089.906009546529,gate_proj,512,dense,5,0.75,2.2317789494991302,1.0
sparsegpt-nm1-4,sparsegpt,1:4,0.75,3089.906009546529,k_proj,1,csr,5,0.75,0.026943162083625793,0.2557930259781184
sparsegpt-nm1-4,sparsegpt,1:4,0.75,3089.906009546529,k_proj,1,csr_random,5,0.75,0.02705119550228119,0.254767920239866
sparsegpt-nm1-4,sparsegpt,1:4,0.75,3089.906009546529,k_proj,1,csr_rowmajor,5,0.75,0.025056302547454834,0.2750563901312039
sparsegpt-nm1-4,sparsegpt,1:4,0.75,3089.906009546529,k_proj,1,dense,5,0.75,0.006891787052154541,1.0
sparsegpt-nm1-4,sparsegpt,1:4,0.75,3089.906009546529,k_proj,8,csr,5,0.75,0.042051076889038086,0.27820457309258767
sparsegpt-nm1-4,sparsegpt,1:4,0.75,3089.906009546529,k_proj,8,csr_random,5,0.75,0.0421866774559021,0.2773026367202488
sparsegpt-nm1-4,sparsegpt,1:4,0.75,3089.906009546529,k_proj,8,csr_rowmajor,5,0.75,0.023387372493743896,0.5002034940473585
sparsegpt-nm1-4,sparsegpt,1:4,0.75,3089.906009546529,k_proj,8,dense,5,0.75,0.011698156595230103,1.0
sparsegpt-nm1-4,sparsegpt,1:4,0.75,3089.906009546529,k_proj,32,csr,5,0.75,0.06751753389835358,0.239188481659722
sparsegpt-nm1-4,sparsegpt,1:4,0.75,3089.906009546529,k_proj,32,csr_random,5,0.75,0.06789714097976685,0.23785230822702638
sparsegpt-nm1-4,sparsegpt,1:4,0.75,3089.906009546529,k_proj,32,csr_rowmajor,5,0.75,0.025904923677444458,0.6234223821458019
sparsegpt-nm1-4,sparsegpt,1:4,0.75,3089.906009546529,k_proj,32,dense,5,0.75,0.016149133443832397,1.0
sparsegpt-nm1-4,sparsegpt,1:4,0.75,3089.906009546529,k_proj,128,csr,5,0.75,0.20875930786132812,0.15360390115208836
sparsegpt-nm1-4,sparsegpt,1:4,0.75,3089.906009546529,k_proj,128,csr_random,5,0.75,0.21260865032672882,0.15079412244062443
sparsegpt-nm1-4,sparsegpt,1:4,0.75,3089.906009546529,k_proj,128,csr_rowmajor,5,0.75,0.042801350355148315,0.7496213522583127
sparsegpt-nm1-4,sparsegpt,1:4,0.75,3089.906009546529,k_proj,128,dense,5,0.75,0.03205910325050354,1.0
sparsegpt-nm1-4,sparsegpt,1:4,0.75,3089.906009546529,k_proj,512,csr,5,0.75,0.8514899760484695,0.09582871677159223
sparsegpt-nm1-4,sparsegpt,1:4,0.75,3089.906009546529,k_proj,512,csr_random,5,0.75,0.8592803031206131,0.09496577108673424
sparsegpt-nm1-4,sparsegpt,1:4,0.75,3089.906009546529,k_proj,512,csr_rowmajor,5,0.75,0.13702288269996643,0.5960782479338553
sparsegpt-nm1-4,sparsegpt,1:4,0.75,3089.906009546529,k_proj,512,dense,5,0.75,0.08158087730407715,1.0
sparsegpt-nm1-4,sparsegpt,1:4,0.75,3089.906009546529,o_proj,1,csr,5,0.75,0.04476085305213928,0.2539241951522152
sparsegpt-nm1-4,sparsegpt,1:4,0.75,3089.906009546529,o_proj,1,csr_random,5,0.75,0.04406198859214783,0.25797257530801637
sparsegpt-nm1-4,sparsegpt,1:4,0.75,3089.906009546529,o_proj,1,csr_rowmajor,5,0.75,0.04259273409843445,0.2668777296470885
sparsegpt-nm1-4,sparsegpt,1:4,0.75,3089.906009546529,o_proj,1,dense,5,0.75,0.0113658607006073,1.0
sparsegpt-nm1-4,sparsegpt,1:4,0.75,3089.906009546529,o_proj,8,csr,5,0.75,0.052325427532196045,0.6354236737219431
sparsegpt-nm1-4,sparsegpt,1:4,0.75,3089.906009546529,o_proj,8,csr_random,5,0.75,0.05222894251346588,0.6365634785666088
sparsegpt-nm1-4,sparsegpt,1:4,0.75,3089.906009546529,o_proj,8,csr_rowmajor,5,0.75,0.033130496740341187,1.003421516277141
sparsegpt-nm1-4,sparsegpt,1:4,0.75,3089.906009546529,o_proj,8,dense,5,0.75,0.03324374556541443,1.0
sparsegpt-nm1-4,sparsegpt,1:4,0.75,3089.906009546529,o_proj,32,csr,5,0.75,0.10183677077293396,0.5140724675170898
sparsegpt-nm1-4,sparsegpt,1:4,0.75,3089.906009546529,o_proj,32,csr_random,5,0.75,0.10132491588592529,0.5166891740001748
sparsegpt-nm1-4,sparsegpt,1:4,0.75,3089.906009546529,o_proj,32,csr_rowmajor,5,0.75,0.058165937662124634,0.8998894663020929
sparsegpt-nm1-4,sparsegpt,1:4,0.75,3089.906009546529,o_proj,32,dense,5,0.75,0.052341073751449585,1.0
sparsegpt-nm1-4,sparsegpt,1:4,0.75,3089.906009546529,o_proj,128,csr,5,0.75,0.3334876149892807,0.3850965240253911
sparsegpt-nm1-4,sparsegpt,1:4,0.75,3089.906009546529,o_proj,128,csr_random,5,0.75,0.33233538269996643,0.38640948513574785
sparsegpt-nm1-4,sparsegpt,1:4,0.75,3089.906009546529,o_proj,128,csr_rowmajor,5,0.75,0.16389191150665283,0.7851960802648048
sparsegpt-nm1-4,sparsegpt,1:4,0.75,3089.906009546529,o_proj,128,dense,5,0.75,0.12838616967201233,1.0
sparsegpt-nm1-4,sparsegpt,1:4,0.75,3089.906009546529,o_proj,512,csr,5,0.75,1.386282593011856,0.31918672115364327
sparsegpt-nm1-4,sparsegpt,1:4,0.75,3089.906009546529,o_proj,512,csr_random,5,0.75,1.4306850731372833,0.30890430340142955
sparsegpt-nm1-4,sparsegpt,1:4,0.75,3089.906009546529,o_proj,512,csr_rowmajor,5,0.75,0.7857717573642731,0.5698988923610265
sparsegpt-nm1-4,sparsegpt,1:4,0.75,3089.906009546529,o_proj,512,dense,5,0.75,0.4416622221469879,1.0
sparsegpt-nm1-4,sparsegpt,1:4,0.75,3089.906009546529,q_proj,1,csr,5,0.75,0.044488534331321716,0.2549802729689256
sparsegpt-nm1-4,sparsegpt,1:4,0.75,3089.906009546529,q_proj,1,csr_random,5,0.75,0.04418268799781799,0.2567332826199763
sparsegpt-nm1-4,sparsegpt,1:4,0.75,3089.906009546529,q_proj,1,csr_rowmajor,5,0.75,0.042611733078956604,0.26621542394510467
sparsegpt-nm1-4,sparsegpt,1:4,0.75,3089.906009546529,q_proj,1,dense,5,0.75,0.011339783668518066,1.0
sparsegpt-nm1-4,sparsegpt,1:4,0.75,3089.906009546529,q_proj,8,csr,5,0.75,0.05263611674308777,0.631050261321395
sparsegpt-nm1-4,sparsegpt,1:4,0.75,3089.906009546529,q_proj,8,csr_random,5,0.75,0.0525839626789093,0.6316883511202347
sparsegpt-nm1-4,sparsegpt,1:4,0.75,3089.906009546529,q_proj,8,csr_rowmajor,5,0.75,0.033076852560043335,1.0042062621386476
sparsegpt-nm1-4,sparsegpt,1:4,0.75,3089.906009546529,q_proj,8,dense,5,0.75,0.03321543335914612,1.0
sparsegpt-nm1-4,sparsegpt,1:4,0.75,3089.906009546529,q_proj,32,csr,5,0.75,0.10077022016048431,0.5191588379736227
sparsegpt-nm1-4,sparsegpt,1:4,0.75,3089.906009546529,q_proj,32,csr_random,5,0.75,0.10073892772197723,0.5192908665399312
sparsegpt-nm1-4,sparsegpt,1:4,0.75,3089.906009546529,q_proj,32,csr_rowmajor,5,0.75,0.057322531938552856,0.9125509026870543
sparsegpt-nm1-4,sparsegpt,1:4,0.75,3089.906009546529,q_proj,32,dense,5,0.75,0.05230642855167389,1.0
sparsegpt-nm1-4,sparsegpt,1:4,0.75,3089.906009546529,q_proj,128,csr,5,0.75,0.3283955156803131,0.39122926590921636
sparsegpt-nm1-4,sparsegpt,1:4,0.75,3089.906009546529,q_proj,128,csr_random,5,0.75,0.32787956297397614,0.3918532396066856
sparsegpt-nm1-4,sparsegpt,1:4,0.75,3089.906009546529,q_proj,128,csr_rowmajor,5,0.75,0.1638457179069519,0.7859697762370835
sparsegpt-nm1-4,sparsegpt,1:4,0.75,3089.906009546529,q_proj,128,dense,5,0.75,0.12845508754253387,1.0
sparsegpt-nm1-4,sparsegpt,1:4,0.75,3089.906009546529,q_proj,512,csr,5,0.75,1.3524875044822693,0.32721723012447446
sparsegpt-nm1-4,sparsegpt,1:4,0.75,3089.906009546529,q_proj,512,csr_random,5,0.75,1.3835709542036057,0.31929755482663924
sparsegpt-nm1-4,sparsegpt,1:4,0.75,3089.906009546529,q_proj,512,csr_rowmajor,5,0.75,0.753575935959816,0.5950235765307278
sparsegpt-nm1-4,sparsegpt,1:4,0.75,3089.906009546529,q_proj,512,dense,5,0.75,0.4414226859807968,1.0
sparsegpt-nm1-4,sparsegpt,1:4,0.75,3089.906009546529,up_proj,1,csr,5,0.75,0.13468675315380096,0.2691888994066138
sparsegpt-nm1-4,sparsegpt,1:4,0.75,3089.906009546529,up_proj,1,csr_random,5,0.75,0.13471394777297974,0.2691514305381009
sparsegpt-nm1-4,sparsegpt,1:4,0.75,3089.906009546529,up_proj,1,csr_rowmajor,5,0.75,0.1323200762271881,0.27400669991500975
sparsegpt-nm1-4,sparsegpt,1:4,0.75,3089.906009546529,up_proj,1,dense,5,0.75,0.03625825047492981,1.0
sparsegpt-nm1-4,sparsegpt,1:4,0.75,3089.906009546529,up_proj,8,csr,5,0.75,0.1202799379825592,0.6887353118687378
sparsegpt-nm1-4,sparsegpt,1:4,0.75,3089.906009546529,up_proj,8,csr_random,5,0.75,0.12062042951583862,0.6870993464320588
sparsegpt-nm1-4,sparsegpt,1:4,0.75,3089.906009546529,up_proj,8,csr_rowmajor,5,0.75,0.09917430579662323,0.8350363188938077
sparsegpt-nm1-4,sparsegpt,1:4,0.75,3089.906009546529,up_proj,8,dense,5,0.75,0.08288174867630005,1.0
sparsegpt-nm1-4,sparsegpt,1:4,0.75,3089.906009546529,up_proj,32,csr,5,0.75,0.2533812075853348,0.9148329072038357
sparsegpt-nm1-4,sparsegpt,1:4,0.75,3089.906009546529,up_proj,32,csr_random,5,0.75,0.2502214163541794,0.9263996563799302
sparsegpt-nm1-4,sparsegpt,1:4,0.75,3089.906009546529,up_proj,32,csr_rowmajor,5,0.75,0.2094268798828125,1.106881350264784
sparsegpt-nm1-4,sparsegpt,1:4,0.75,3089.906009546529,up_proj,32,dense,5,0.75,0.23179873824119568,1.0
sparsegpt-nm1-4,sparsegpt,1:4,0.75,3089.906009546529,up_proj,128,csr,5,0.75,0.9491357952356339,0.7865270515909982
sparsegpt-nm1-4,sparsegpt,1:4,0.75,3089.906009546529,up_proj,128,csr_random,5,0.75,0.9382933378219604,0.795633927474807
sparsegpt-nm1-4,sparsegpt,1:4,0.75,3089.906009546529,up_proj,128,csr_rowmajor,5,0.75,0.8643124252557755,0.8637203268839571
sparsegpt-nm1-4,sparsegpt,1:4,0.75,3089.906009546529,up_proj,128,dense,5,0.75,0.7465202361345291,1.0
sparsegpt-nm1-4,sparsegpt,1:4,0.75,3089.906009546529,up_proj,512,csr,5,0.75,4.06653918325901,0.5489196685538003
sparsegpt-nm1-4,sparsegpt,1:4,0.75,3089.906009546529,up_proj,512,csr_random,5,0.75,4.093789681792259,0.5452000466009747
sparsegpt-nm1-4,sparsegpt,1:4,0.75,3089.906009546529,up_proj,512,csr_rowmajor,5,0.75,3.4782782196998596,0.6437607750660886
sparsegpt-nm1-4,sparsegpt,1:4,0.75,3089.906009546529,up_proj,512,dense,5,0.75,2.2306811064481735,1.0
sparsegpt-nm1-4,sparsegpt,1:4,0.75,3089.906009546529,v_proj,1,csr,5,0.75,0.027055293321609497,0.2548481030446841
sparsegpt-nm1-4,sparsegpt,1:4,0.75,3089.906009546529,v_proj,1,csr_random,5,0.75,0.026971101760864258,0.25564286462827024
sparsegpt-nm1-4,sparsegpt,1:4,0.75,3089.906009546529,v_proj,1,csr_rowmajor,5,0.75,0.025165081024169922,0.27398512156150234
sparsegpt-nm1-4,sparsegpt,1:4,0.75,3089.906009546529,v_proj,1,dense,5,0.75,0.0068947672843933105,1.0
sparsegpt-nm1-4,sparsegpt,1:4,0.75,3089.906009546529,v_proj,8,csr,5,0.75,0.042584165930747986,0.2739454509297962
sparsegpt-nm1-4,sparsegpt,1:4,0.75,3089.906009546529,v_proj,8,csr_random,5,0.75,0.04244670271873474,0.2748334538639496
sparsegpt-nm1-4,sparsegpt,1:4,0.75,3089.906009546529,v_proj,8,csr_rowmajor,5,0.75,0.02340376377105713,0.4984479404496366
sparsegpt-nm1-4,sparsegpt,1:4,0.75,3089.906009546529,v_proj,8,dense,5,0.75,0.011665374040603638,1.0
sparsegpt-nm1-4,sparsegpt,1:4,0.75,3089.906009546529,v_proj,32,csr,5,0.75,0.06770044565200806,0.2377543917027164
sparsegpt-nm1-4,sparsegpt,1:4,0.75,3089.906009546529,v_proj,32,csr_random,5,0.75,0.06756782531738281,0.23823434229019624
sparsegpt-nm1-4,sparsegpt,1:4,0.75,3089.906009546529,v_proj,32,csr_rowmajor,5,0.75,0.02595260739326477,0.6202616445541286
sparsegpt-nm1-4,sparsegpt,1:4,0.75,3089.906009546529,v_proj,32,dense,5,0.75,0.016095489263534546,1.0
sparsegpt-nm1-4,sparsegpt,1:4,0.75,3089.906009546529,v_proj,128,csr,5,0.75,0.20783282816410065,0.1545367365211539
sparsegpt-nm1-4,sparsegpt,1:4,0.75,3089.906009546529,v_proj,128,csr_random,5,0.75,0.21023787558078766,0.1527687508441931
sparsegpt-nm1-4,sparsegpt,1:4,0.75,3089.906009546529,v_proj,128,csr_rowmajor,5,0.75,0.04363358020782471,0.7366122739775168
sparsegpt-nm1-4,sparsegpt,1:4,0.75,3089.906009546529,v_proj,128,dense,5,0.75,0.032113492488861084,1.0
sparsegpt-nm1-4,sparsegpt,1:4,0.75,3089.906009546529,v_proj,512,csr,5,0.75,0.8462592959403992,0.09697804471568626
sparsegpt-nm1-4,sparsegpt,1:4,0.75,3089.906009546529,v_proj,512,csr_random,5,0.75,0.8596289902925491,0.09545491159430958
sparsegpt-nm1-4,sparsegpt,1:4,0.75,3089.906009546529,v_proj,512,csr_rowmajor,5,0.75,0.13916455209255219,0.5901897363335652
sparsegpt-nm1-4,sparsegpt,1:4,0.75,3089.906009546529,v_proj,512,dense,5,0.75,0.08205287158489227,1.0
sparsegpt-nm2-4,sparsegpt,2:4,0.5,28.21391801113334,down_proj,1,csr,5,0.5,0.3700067871250212,0.10087921411798936
sparsegpt-nm2-4,sparsegpt,2:4,0.5,28.21391801113334,down_proj,1,csr_random,5,0.5,0.3671709098853171,0.10166047290505976
sparsegpt-nm2-4,sparsegpt,2:4,0.5,28.21391801113334,down_proj,1,csr_rowmajor,5,0.5,0.367212004493922,0.10164403649234632
sparsegpt-nm2-4,sparsegpt,2:4,0.5,28.21391801113334,down_proj,1,dense,5,0.5,0.03731840988621116,1.0
sparsegpt-nm2-4,sparsegpt,2:4,0.5,28.21391801113334,down_proj,8,csr,5,0.5,0.345462781842798,0.3749148332522565
sparsegpt-nm2-4,sparsegpt,2:4,0.5,28.21391801113334,down_proj,8,csr_random,5,0.5,0.34175629261881113,0.37881039093781055
sparsegpt-nm2-4,sparsegpt,2:4,0.5,28.21391801113334,down_proj,8,csr_rowmajor,5,0.5,0.26763170026242733,0.4836740625086089
sparsegpt-nm2-4,sparsegpt,2:4,0.5,28.21391801113334,down_proj,8,dense,5,0.5,0.12939320877194405,1.0
sparsegpt-nm2-4,sparsegpt,2:4,0.5,28.21391801113334,down_proj,32,csr,5,0.5,0.7452188059687614,0.6169931726183376
sparsegpt-nm2-4,sparsegpt,2:4,0.5,28.21391801113334,down_proj,32,csr_random,5,0.5,0.7697354652918875,0.5974623983702574
sparsegpt-nm2-4,sparsegpt,2:4,0.5,28.21391801113334,down_proj,32,csr_rowmajor,5,0.5,0.57826719712466,0.8448169650825765
sparsegpt-nm2-4,sparsegpt,2:4,0.5,28.21391801113334,down_proj,32,dense,5,0.5,0.4573269048705697,1.0
sparsegpt-nm2-4,sparsegpt,2:4,0.5,28.21391801113334,down_proj,128,csr,5,0.5,5.3148808889091015,0.11410994035388994
sparsegpt-nm2-4,sparsegpt,2:4,0.5,28.21391801113334,down_proj,128,csr_random,5,0.5,5.214795912615955,0.1162843020958591
sparsegpt-nm2-4,sparsegpt,2:4,0.5,28.21391801113334,down_proj,128,csr_rowmajor,5,0.5,4.365047591272742,0.1388682994721517
sparsegpt-nm2-4,sparsegpt,2:4,0.5,28.21391801113334,down_proj,128,dense,5,0.5,0.6061066989786923,1.0
sparsegpt-nm2-4,sparsegpt,2:4,0.5,28.21391801113334,down_proj,512,csr,5,0.5,20.64740249188617,0.13206888309664558
sparsegpt-nm2-4,sparsegpt,2:4,0.5,28.21391801113334,down_proj,512,csr_random,5,0.5,20.637555804569274,0.132095335218612
sparsegpt-nm2-4,sparsegpt,2:4,0.5,28.21391801113334,down_proj,512,csr_rowmajor,5,0.5,16.886908805463463,0.1614267079907186
sparsegpt-nm2-4,sparsegpt,2:4,0.5,28.21391801113334,down_proj,512,dense,5,0.5,2.725968009326607,1.0
sparsegpt-nm2-4,sparsegpt,2:4,0.5,28.21391801113334,gate_proj,1,csr,5,0.5,0.33200568286702037,0.10877671174214258
sparsegpt-nm2-4,sparsegpt,2:4,0.5,28.21391801113334,gate_proj,1,csr_random,5,0.5,0.3326943959109485,0.10855215206428362
sparsegpt-nm2-4,sparsegpt,2:4,0.5,28.21391801113334,gate_proj,1,csr_rowmajor,5,0.5,0.329213694203645,0.10970014999736412
sparsegpt-nm2-4,sparsegpt,2:4,0.5,28.21391801113334,gate_proj,1,dense,5,0.5,0.036110321525484324,1.0
sparsegpt-nm2-4,sparsegpt,2:4,0.5,28.21391801113334,gate_proj,8,csr,5,0.5,0.27333031175658107,0.2862569548344084
sparsegpt-nm2-4,sparsegpt,2:4,0.5,28.21391801113334,gate_proj,8,csr_random,5,0.5,0.2759169670753181,0.283600441001884
sparsegpt-nm2-4,sparsegpt,2:4,0.5,28.21391801113334,gate_proj,8,csr_rowmajor,5,0.5,0.2526423195376992,0.30970560552839893
sparsegpt-nm2-4,sparsegpt,2:4,0.5,28.21391801113334,gate_proj,8,dense,5,0.5,0.07821038598194718,1.0
sparsegpt-nm2-4,sparsegpt,2:4,0.5,28.21391801113334,gate_proj,32,csr,5,0.5,0.522426632232964,0.868247482278694
sparsegpt-nm2-4,sparsegpt,2:4,0.5,28.21391801113334,gate_proj,32,csr_random,5,0.5,0.5157191772013903,0.879541733945864
sparsegpt-nm2-4,sparsegpt,2:4,0.5,28.21391801113334,gate_proj,32,csr_rowmajor,5,0.5,0.47983701806515455,0.9453540914562442
sparsegpt-nm2-4,sparsegpt,2:4,0.5,28.21391801113334,gate_proj,32,dense,5,0.5,0.4535872023552656,1.0
sparsegpt-nm2-4,sparsegpt,2:4,0.5,28.21391801113334,gate_proj,128,csr,5,0.5,1.739964704029262,0.43880762885690244
sparsegpt-nm2-4,sparsegpt,2:4,0.5,28.21391801113334,gate_proj,128,csr_random,5,0.5,1.7196514876559377,0.444066027468637
sparsegpt-nm2-4,sparsegpt,2:4,0.5,28.21391801113334,gate_proj,128,csr_rowmajor,5,0.5,1.667800487484783,0.458451839960565
sparsegpt-nm2-4,sparsegpt,2:4,0.5,28.21391801113334,gate_proj,128,dense,5,0.5,0.7628433988429606,1.0
sparsegpt-nm2-4,sparsegpt,2:4,0.5,28.21391801113334,gate_proj,512,csr,5,0.5,8.642879920080304,0.25844187543958264
sparsegpt-nm2-4,sparsegpt,2:4,0.5,28.21391801113334,gate_proj,512,csr_random,5,0.5,8.711573120672256,0.2566530100478651
sparsegpt-nm2-4,sparsegpt,2:4,0.5,28.21391801113334,gate_proj,512,csr_rowmajor,5,0.5,7.452395686414093,0.2979346966098972
sparsegpt-nm2-4,sparsegpt,2:4,0.5,28.21391801113334,gate_proj,512,dense,5,0.5,2.218937873840332,1.0
sparsegpt-nm2-4,sparsegpt,2:4,0.5,28.21391801113334,k_proj,1,csr,5,0.5,0.02994607202708721,0.23668249487912243
sparsegpt-nm2-4,sparsegpt,2:4,0.5,28.21391801113334,k_proj,1,csr_random,5,0.5,0.030013080686330795,0.23615929881482733
sparsegpt-nm2-4,sparsegpt,2:4,0.5,28.21391801113334,k_proj,1,csr_rowmajor,5,0.5,0.0280128326267004,0.25300119286401795
sparsegpt-nm2-4,sparsegpt,2:4,0.5,28.21391801113334,k_proj,1,dense,5,0.5,0.007087201811373234,1.0
sparsegpt-nm2-4,sparsegpt,2:4,0.5,28.21391801113334,k_proj,8,csr,5,0.5,0.045297585893422365,0.38643134966347825
sparsegpt-nm2-4,sparsegpt,2:4,0.5,28.21391801113334,k_proj,8,csr_random,5,0.5,0.04545929841697216,0.3850604982431582
sparsegpt-nm2-4,sparsegpt,2:4,0.5,28.21391801113334,k_proj,8,csr_rowmajor,5,0.5,0.02603178145363927,0.6722594533245246
sparsegpt-nm2-4,sparsegpt,2:4,0.5,28.21391801113334,k_proj,8,dense,5,0.5,0.017499399837106466,1.0
sparsegpt-nm2-4,sparsegpt,2:4,0.5,28.21391801113334,k_proj,32,csr,5,0.5,0.0744311953894794,0.29710610905688584
sparsegpt-nm2-4,sparsegpt,2:4,0.5,28.21391801113334,k_proj,32,csr_random,5,0.5,0.07583225378766656,0.2917007930869689
sparsegpt-nm2-4,sparsegpt,2:4,0.5,28.21391801113334,k_proj,32,csr_rowmajor,5,0.5,0.03053460968658328,0.7236150432592248
sparsegpt-nm2-4,sparsegpt,2:4,0.5,28.21391801113334,k_proj,32,dense,5,0.5,0.022094440646469593,1.0
sparsegpt-nm2-4,sparsegpt,2:4,0.5,28.21391801113334,k_proj,128,csr,5,0.5,0.23553589126095176,0.18899577897829653
sparsegpt-nm2-4,sparsegpt,2:4,0.5,28.21391801113334,k_proj,128,csr_random,5,0.5,0.23870719596743584,0.18653118450464498
sparsegpt-nm2-4,sparsegpt,2:4,0.5,28.21391801113334,k_proj,128,csr_rowmajor,5,0.5,0.06331519689410925,0.7035379159531964
sparsegpt-nm2-4,sparsegpt,2:4,0.5,28.21391801113334,k_proj,128,dense,5,0.5,0.044510187581181526,1.0
sparsegpt-nm2-4,sparsegpt,2:4,0.5,28.21391801113334,k_proj,512,csr,5,0.5,0.9976648259907961,0.10504361191294781
sparsegpt-nm2-4,sparsegpt,2:4,0.5,28.21391801113334,k_proj,512,csr_random,5,0.5,1.0059445980004966,0.10421166506235753
sparsegpt-nm2-4,sparsegpt,2:4,0.5,28.21391801113334,k_proj,512,csr_rowmajor,5,0.5,0.266238278709352,0.40072773636939624
sparsegpt-nm2-4,sparsegpt,2:4,0.5,28.21391801113334,k_proj,512,dense,5,0.5,0.10461731581017375,1.0
sparsegpt-nm2-4,sparsegpt,2:4,0.5,28.21391801113334,o_proj,1,csr,5,0.5,0.06664160173386335,0.17352722228495426
sparsegpt-nm2-4,sparsegpt,2:4,0.5,28.21391801113334,o_proj,1,csr_random,5,0.5,0.06594242295250297,0.1753377399132806
sparsegpt-nm2-4,sparsegpt,2:4,0.5,28.21391801113334,o_proj,1,csr_rowmajor,5,0.5,0.06479088915511966,0.17847757434898034
sparsegpt-nm2-4,sparsegpt,2:4,0.5,28.21391801113334,o_proj,1,dense,5,0.5,0.011561601422727108,1.0
sparsegpt-nm2-4,sparsegpt,2:4,0.5,28.21391801113334,o_proj,8,csr,5,0.5,0.06561976624652743,1.127294727796321
sparsegpt-nm2-4,sparsegpt,2:4,0.5,28.21391801113334,o_proj,8,csr_random,5,0.5,0.0655361101962626,1.128441708412985
sparsegpt-nm2-4,sparsegpt,2:4,0.5,28.21391801113334,o_proj,8,csr_rowmajor,5,0.5,0.046411098446697,1.5944230195829254
sparsegpt-nm2-4,sparsegpt,2:4,0.5,28.21391801113334,o_proj,8,dense,5,0.5,0.07395052816718817,1.0
sparsegpt-nm2-4,sparsegpt,2:4,0.5,28.21391801113334,o_proj,32,csr,5,0.5,0.13857027515769005,0.6762851617776297
sparsegpt-nm2-4,sparsegpt,2:4,0.5,28.21391801113334,o_proj,32,csr_random,5,0.5,0.13775478582829237,0.6802123736667095
sparsegpt-nm2-4,sparsegpt,2:4,0.5,28.21391801113334,o_proj,32,csr_rowmajor,5,0.5,0.09571100817993283,0.9798039769773431
sparsegpt-nm2-4,sparsegpt,2:4,0.5,28.21391801113334,o_proj,32,dense,5,0.5,0.09369789622724056,1.0
sparsegpt-nm2-4,sparsegpt,2:4,0.5,28.21391801113334,o_proj,128,csr,5,0.5,0.47103179385885596,0.3669759323190387
sparsegpt-nm2-4,sparsegpt,2:4,0.5,28.21391801113334,o_proj,128,csr_random,5,0.5,0.47282299492508173,0.3656092234499875
sparsegpt-nm2-4,sparsegpt,2:4,0.5,28.21391801113334,o_proj,128,csr_rowmajor,5,0.5,0.29485728591680527,0.5859261480703049
sparsegpt-nm2-4,sparsegpt,2:4,0.5,28.21391801113334,o_proj,128,dense,5,0.5,0.17257439903914928,1.0
sparsegpt-nm2-4,sparsegpt,2:4,0.5,28.21391801113334,o_proj,512,csr,5,0.5,2.047118707560003,0.21952720947194457
sparsegpt-nm2-4,sparsegpt,2:4,0.5,28.21391801113334,o_proj,512,csr_random,5,0.5,2.0530899986624718,0.21889856283807274
sparsegpt-nm2-4,sparsegpt,2:4,0.5,28.21391801113334,o_proj,512,csr_rowmajor,5,0.5,1.3845342909917235,0.3245968333876883
sparsegpt-nm2-4,sparsegpt,2:4,0.5,28.21391801113334,o_proj,512,dense,5,0.5,0.449233315885067,1.0
sparsegpt-nm2-4,sparsegpt,2:4,0.5,28.21391801113334,q_proj,1,csr,5,0.5,0.0671211862936616,0.173163009106438
sparsegpt-nm2-4,sparsegpt,2:4,0.5,28.21391801113334,q_proj,1,csr_random,5,0.5,0.06547222146764398,0.17741443660373135
sparsegpt-nm2-4,sparsegpt,2:4,0.5,28.21391801113334,q_proj,1,csr_rowmajor,5,0.5,0.06450059590861201,0.1800843880112517
sparsegpt-nm2-4,sparsegpt,2:4,0.5,28.21391801113334,q_proj,1,dense,5,0.5,0.01161221880465746,1.0
sparsegpt-nm2-4,sparsegpt,2:4,0.5,28.21391801113334,q_proj,8,csr,5,0.5,0.06500176386907697,1.1373385765703803
sparsegpt-nm2-4,sparsegpt,2:4,0.5,28.21391801113334,q_proj,8,csr_random,5,0.5,0.06540942704305053,1.130381430777642
sparsegpt-nm2-4,sparsegpt,2:4,0.5,28.21391801113334,q_proj,8,csr_rowmajor,5,0.5,0.04572018515318632,1.616917151450663
sparsegpt-nm2-4,sparsegpt,2:4,0.5,28.21391801113334,q_proj,8,dense,5,0.5,0.07392438128590584,1.0
sparsegpt-nm2-4,sparsegpt,2:4,0.5,28.21391801113334,q_proj,32,csr,5,0.5,0.13680141419172287,0.6848087674255067
sparsegpt-nm2-4,sparsegpt,2:4,0.5,28.21391801113334,q_proj,32,csr_random,5,0.5,0.13729637721553445,0.6823281299395718
sparsegpt-nm2-4,sparsegpt,2:4,0.5,28.21391801113334,q_proj,32,csr_rowmajor,5,0.5,0.093324005138129,1.004018797330883
sparsegpt-nm2-4,sparsegpt,2:4,0.5,28.21391801113334,q_proj,32,dense,5,0.5,0.09367518359795213,1.0
sparsegpt-nm2-4,sparsegpt,2:4,0.5,28.21391801113334,q_proj,128,csr,5,0.5,0.46406849287450314,0.37228245719186054
sparsegpt-nm2-4,sparsegpt,2:4,0.5,28.21391801113334,q_proj,128,csr_random,5,0.5,0.46843899181112647,0.36903667281615027
sparsegpt-nm2-4,sparsegpt,2:4,0.5,28.21391801113334,q_proj,128,csr_rowmajor,5,0.5,0.28938541654497385,0.5976161460896887
sparsegpt-nm2-4,sparsegpt,2:4,0.5,28.21391801113334,q_proj,128,dense,5,0.5,0.1726779039017856,1.0
sparsegpt-nm2-4,sparsegpt,2:4,0.5,28.21391801113334,q_proj,512,csr,5,0.5,2.1608632639981806,0.21099032250641025
sparsegpt-nm2-4,sparsegpt,2:4,0.5,28.21391801113334,q_proj,512,csr_random,5,0.5,2.204720687586814,0.20664036524661208
sparsegpt-nm2-4,sparsegpt,2:4,0.5,28.21391801113334,q_proj,512,csr_rowmajor,5,0.5,1.37693309225142,0.3261488453589129
sparsegpt-nm2-4,sparsegpt,2:4,0.5,28.21391801113334,q_proj,512,dense,5,0.5,0.44870154233649373,1.0
sparsegpt-nm2-4,sparsegpt,2:4,0.5,28.21391801113334,up_proj,1,csr,5,0.5,0.33309650607407093,0.10759435995499059
sparsegpt-nm2-4,sparsegpt,2:4,0.5,28.21391801113334,up_proj,1,csr_random,5,0.5,0.3336742985993624,0.10739868625752655
sparsegpt-nm2-4,sparsegpt,2:4,0.5,28.21391801113334,up_proj,1,csr_rowmajor,5,0.5,0.329828099347651,0.10865669851001805
sparsegpt-nm2-4,sparsegpt,2:4,0.5,28.21391801113334,up_proj,1,dense,5,0.5,0.03583020297810435,1.0
sparsegpt-nm2-4,sparsegpt,2:4,0.5,28.21391801113334,up_proj,8,csr,5,0.5,0.2708350191824138,0.2988198686426969
sparsegpt-nm2-4,sparsegpt,2:4,0.5,28.21391801113334,up_proj,8,csr_random,5,0.5,0.27635854203253984,0.29301491329521334
sparsegpt-nm2-4,sparsegpt,2:4,0.5,28.21391801113334,up_proj,8,csr_rowmajor,5,0.5,0.25019049644470215,0.32352197908138736
sparsegpt-nm2-4,sparsegpt,2:4,0.5,28.21391801113334,up_proj,8,dense,5,0.5,0.08087479509413242,1.0
sparsegpt-nm2-4,sparsegpt,2:4,0.5,28.21391801113334,up_proj,32,csr,5,0.5,0.5203656852245331,0.8716309438076743
sparsegpt-nm2-4,sparsegpt,2:4,0.5,28.21391801113334,up_proj,32,csr_random,5,0.5,0.515185680706054,0.8803951488757499
sparsegpt-nm2-4,sparsegpt,2:4,0.5,28.21391801113334,up_proj,32,csr_rowmajor,5,0.5,0.47921539517119527,0.9464762668178808
sparsegpt-nm2-4,sparsegpt,2:4,0.5,28.21391801113334,up_proj,32,dense,5,0.5,0.45356100890785456,1.0
sparsegpt-nm2-4,sparsegpt,2:4,0.5,28.21391801113334,up_proj,128,csr,5,0.5,1.720874011516571,0.4452503537179923
sparsegpt-nm2-4,sparsegpt,2:4,0.5,28.21391801113334,up_proj,128,csr_random,5,0.5,1.7014504875987768,0.4504468049077652
sparsegpt-nm2-4,sparsegpt,2:4,0.5,28.21391801113334,up_proj,128,csr_rowmajor,5,0.5,1.6432728967629373,0.4671350315534022
sparsegpt-nm2-4,sparsegpt,2:4,0.5,28.21391801113334,up_proj,128,dense,5,0.5,0.7653470733202994,1.0
sparsegpt-nm2-4,sparsegpt,2:4,0.5,28.21391801113334,up_proj,512,csr,5,0.5,8.641135587822646,0.2603597652669217
sparsegpt-nm2-4,sparsegpt,2:4,0.5,28.21391801113334,up_proj,512,csr_random,5,0.5,8.736574300564826,0.2574212914474127
sparsegpt-nm2-4,sparsegpt,2:4,0.5,28.21391801113334,up_proj,512,csr_rowmajor,5,0.5,7.453702890779823,0.29851066074698485
sparsegpt-nm2-4,sparsegpt,2:4,0.5,28.21391801113334,up_proj,512,dense,5,0.5,2.223992405924946,1.0
sparsegpt-nm2-4,sparsegpt,2:4,0.5,28.21391801113334,v_proj,1,csr,5,0.5,0.03013676032423973,0.23437122413475456
sparsegpt-nm2-4,sparsegpt,2:4,0.5,28.21391801113334,v_proj,1,csr_random,5,0.5,0.029973802156746387,0.23564433251900505
sparsegpt-nm2-4,sparsegpt,2:4,0.5,28.21391801113334,v_proj,1,csr_rowmajor,5,0.5,0.028081401251256466,0.25152087765719994
sparsegpt-nm2-4,sparsegpt,2:4,0.5,28.21391801113334,v_proj,1,dense,5,0.5,0.007063010707497597,1.0
sparsegpt-nm2-4,sparsegpt,2:4,0.5,28.21391801113334,v_proj,8,csr,5,0.5,0.044891610741615295,0.3892695463603184
sparsegpt-nm2-4,sparsegpt,2:4,0.5,28.21391801113334,v_proj,8,csr_random,5,0.5,0.0445463927462697,0.39227112097485367
sparsegpt-nm2-4,sparsegpt,2:4,0.5,28.21391801113334,v_proj,8,csr_rowmajor,5,0.5,0.025974400341510773,0.6727512544589044
sparsegpt-nm2-4,sparsegpt,2:4,0.5,28.21391801113334,v_proj,8,dense,5,0.5,0.017473776824772358,1.0
sparsegpt-nm2-4,sparsegpt,2:4,0.5,28.21391801113334,v_proj,32,csr,5,0.5,0.07681818678975105,0.2875500952120028
sparsegpt-nm2-4,sparsegpt,2:4,0.5,28.21391801113334,v_proj,32,csr_random,5,0.5,0.07447741227224469,0.29636581648210164
sparsegpt-nm2-4,sparsegpt,2:4,0.5,28.21391801113334,v_proj,32,csr_rowmajor,5,0.5,0.03077038563787937,0.7168770529372598
sparsegpt-nm2-4,sparsegpt,2:4,0.5,28.21391801113334,v_proj,32,dense,5,0.5,0.022057408932596445,1.0
sparsegpt-nm2-4,sparsegpt,2:4,0.5,28.21391801113334,v_proj,128,csr,5,0.5,0.2352852956391871,0.18910741088397565
sparsegpt-nm2-4,sparsegpt,2:4,0.5,28.21391801113334,v_proj,128,csr_random,5,0.5,0.2369046094827354,0.18786229891809728
sparsegpt-nm2-4,sparsegpt,2:4,0.5,28.21391801113334,v_proj,128,csr_rowmajor,5,0.5,0.06826391909271479,0.658951298196265
sparsegpt-nm2-4,sparsegpt,2:4,0.5,28.21391801113334,v_proj,128,dense,5,0.5,0.04448967520147562,1.0
sparsegpt-nm2-4,sparsegpt,2:4,0.5,28.21391801113334,v_proj,512,csr,5,0.5,0.9906691964715719,0.10560080692133483
sparsegpt-nm2-4,sparsegpt,2:4,0.5,28.21391801113334,v_proj,512,csr_random,5,0.5,0.9971347986720502,0.1049346183113467
sparsegpt-nm2-4,sparsegpt,2:4,0.5,28.21391801113334,v_proj,512,csr_rowmajor,5,0.5,0.2658965182490647,0.40109819427691623
sparsegpt-nm2-4,sparsegpt,2:4,0.5,28.21391801113334,v_proj,512,dense,5,0.5,0.10460622143000364,1.0
sparsegpt-nm4-8,sparsegpt,4:8,0.5,21.550875327502652,down_proj,1,csr,5,0.5,0.37726620212197304,0.10503716900154604
sparsegpt-nm4-8,sparsegpt,4:8,0.5,21.550875327502652,down_proj,1,csr_random,5,0.5,0.37636151537299156,0.10527772228253654
sparsegpt-nm4-8,sparsegpt,4:8,0.5,21.550875327502652,down_proj,1,csr_rowmajor,5,0.5,0.37503307685256004,0.10566575679635104
sparsegpt-nm4-8,sparsegpt,4:8,0.5,21.550875327502652,down_proj,1,dense,5,0.5,0.03962311893701553,1.0
sparsegpt-nm4-8,sparsegpt,4:8,0.5,21.550875327502652,down_proj,8,csr,5,0.5,0.352559145539999,0.41296405151764065
sparsegpt-nm4-8,sparsegpt,4:8,0.5,21.550875327502652,down_proj,8,csr_random,5,0.5,0.34945886582136154,0.4165183600545372
sparsegpt-nm4-8,sparsegpt,4:8,0.5,21.550875327502652,down_proj,8,csr_rowmajor,5,0.5,0.27629174292087555,0.5270276668226618
sparsegpt-nm4-8,sparsegpt,4:8,0.5,21.550875327502652,down_proj,8,dense,5,0.5,0.145624577999115,1.0
sparsegpt-nm4-8,sparsegpt,4:8,0.5,21.550875327502652,down_proj,32,csr,5,0.5,0.7960877381265163,0.5766809315844817
sparsegpt-nm4-8,sparsegpt,4:8,0.5,21.550875327502652,down_proj,32,csr_random,5,0.5,0.7481018081307411,0.6145540844238321
sparsegpt-nm4-8,sparsegpt,4:8,0.5,21.550875327502652,down_proj,32,csr_rowmajor,5,0.5,0.49067800864577293,0.9315699069902407
sparsegpt-nm4-8,sparsegpt,4:8,0.5,21.550875327502652,down_proj,32,dense,5,0.5,0.457058846950531,1.0
sparsegpt-nm4-8,sparsegpt,4:8,0.5,21.550875327502652,down_proj,128,csr,5,0.5,5.471725109964609,0.11211266993558855
sparsegpt-nm4-8,sparsegpt,4:8,0.5,21.550875327502652,down_proj,128,csr_random,5,0.5,5.444941017776728,0.11266677549414293
sparsegpt-nm4-8,sparsegpt,4:8,0.5,21.550875327502652,down_proj,128,csr_rowmajor,5,0.5,4.380590096116066,0.14004099226113292
sparsegpt-nm4-8,sparsegpt,4:8,0.5,21.550875327502652,down_proj,128,dense,5,0.5,0.6134524941444397,1.0
sparsegpt-nm4-8,sparsegpt,4:8,0.5,21.550875327502652,down_proj,512,csr,5,0.5,21.710623987019062,0.12523646141819014
sparsegpt-nm4-8,sparsegpt,4:8,0.5,21.550875327502652,down_proj,512,csr_random,5,0.5,21.717183850705624,0.12519908167303237
sparsegpt-nm4-8,sparsegpt,4:8,0.5,21.550875327502652,down_proj,512,csr_rowmajor,5,0.5,16.503258794546127,0.16501371566072137
sparsegpt-nm4-8,sparsegpt,4:8,0.5,21.550875327502652,down_proj,512,dense,5,0.5,2.7187900617718697,1.0
sparsegpt-nm4-8,sparsegpt,4:8,0.5,21.550875327502652,gate_proj,1,csr,5,0.5,0.3444770351052284,0.13067544304828232
sparsegpt-nm4-8,sparsegpt,4:8,0.5,21.550875327502652,gate_proj,1,csr_random,5,0.5,0.3449118696153164,0.13021682175605168
sparsegpt-nm4-8,sparsegpt,4:8,0.5,21.550875327502652,gate_proj,1,csr_rowmajor,5,0.5,0.34200819209218025,0.131664413896623
sparsegpt-nm4-8,sparsegpt,4:8,0.5,21.550875327502652,gate_proj,1,dense,5,0.5,0.04492197185754776,1.0
sparsegpt-nm4-8,sparsegpt,4:8,0.5,21.550875327502652,gate_proj,8,csr,5,0.5,0.28311870992183685,0.40616253128026786
sparsegpt-nm4-8,sparsegpt,4:8,0.5,21.550875327502652,gate_proj,8,csr_random,5,0.5,0.28525227680802345,0.40103708240479624
sparsegpt-nm4-8,sparsegpt,4:8,0.5,21.550875327502652,gate_proj,8,csr_rowmajor,5,0.5,0.26257503777742386,0.4376867028365966
sparsegpt-nm4-8,sparsegpt,4:8,0.5,21.550875327502652,gate_proj,8,dense,5,0.5,0.11466974392533302,1.0
sparsegpt-nm4-8,sparsegpt,4:8,0.5,21.550875327502652,gate_proj,32,csr,5,0.5,0.5264587700366974,0.8622985724864783
sparsegpt-nm4-8,sparsegpt,4:8,0.5,21.550875327502652,gate_proj,32,csr_random,5,0.5,0.5238466896116734,0.8665927499092583
sparsegpt-nm4-8,sparsegpt,4:8,0.5,21.550875327502652,gate_proj,32,csr_rowmajor,5,0.5,0.4861272871494293,0.933853540256828
sparsegpt-nm4-8,sparsegpt,4:8,0.5,21.550875327502652,gate_proj,32,dense,5,0.5,0.4539584740996361,1.0
sparsegpt-nm4-8,sparsegpt,4:8,0.5,21.550875327502652,gate_proj,128,csr,5,0.5,1.6601999290287495,0.4649545662287277
sparsegpt-nm4-8,sparsegpt,4:8,0.5,21.550875327502652,gate_proj,128,csr_random,5,0.5,1.6579966060817242,0.46554565486576405
sparsegpt-nm4-8,sparsegpt,4:8,0.5,21.550875327502652,gate_proj,128,csr_rowmajor,5,0.5,1.5294885262846947,0.5050173736600954
sparsegpt-nm4-8,sparsegpt,4:8,0.5,21.550875327502652,gate_proj,128,dense,5,0.5,0.7715352810919285,1.0
sparsegpt-nm4-8,sparsegpt,4:8,0.5,21.550875327502652,gate_proj,512,csr,5,0.5,8.121602237224579,0.27383425630749847
sparsegpt-nm4-8,sparsegpt,4:8,0.5,21.550875327502652,gate_proj,512,csr_random,5,0.5,8.287561032921076,0.26835000284521715
sparsegpt-nm4-8,sparsegpt,4:8,0.5,21.550875327502652,gate_proj,512,csr_rowmajor,5,0.5,7.665431685745716,0.2901934853863041
sparsegpt-nm4-8,sparsegpt,4:8,0.5,21.550875327502652,gate_proj,512,dense,5,0.5,2.2237999364733696,1.0
sparsegpt-nm4-8,sparsegpt,4:8,0.5,21.550875327502652,k_proj,1,csr,5,0.5,0.030725356191396713,0.22304362938985267
sparsegpt-nm4-8,sparsegpt,4:8,0.5,21.550875327502652,k_proj,1,csr_random,5,0.5,0.029886886477470398,0.22900860640497975
sparsegpt-nm4-8,sparsegpt,4:8,0.5,21.550875327502652,k_proj,1,csr_rowmajor,5,0.5,0.028137490153312683,0.24325629173835778
sparsegpt-nm4-8,sparsegpt,4:8,0.5,21.550875327502652,k_proj,1,dense,5,0.5,0.00684419646859169,1.0
sparsegpt-nm4-8,sparsegpt,4:8,0.5,21.550875327502652,k_proj,8,csr,5,0.5,0.044873543083667755,0.3871957165521253
sparsegpt-nm4-8,sparsegpt,4:8,0.5,21.550875327502652,k_proj,8,csr_random,5,0.5,0.04473663866519928,0.38837279628235
sparsegpt-nm4-8,sparsegpt,4:8,0.5,21.550875327502652,k_proj,8,csr_rowmajor,5,0.5,0.025870930403470993,0.6715653448794714
sparsegpt-nm4-8,sparsegpt,4:8,0.5,21.550875327502652,k_proj,8,dense,5,0.5,0.017373263835906982,1.0
sparsegpt-nm4-8,sparsegpt,4:8,0.5,21.550875327502652,k_proj,32,csr,5,0.5,0.07192632183432579,0.30623027411822795
sparsegpt-nm4-8,sparsegpt,4:8,0.5,21.550875327502652,k_proj,32,csr_random,5,0.5,0.07186057046055794,0.30649683019905477
sparsegpt-nm4-8,sparsegpt,4:8,0.5,21.550875327502652,k_proj,32,csr_rowmajor,5,0.5,0.030506588518619537,0.7219533583599271
sparsegpt-nm4-8,sparsegpt,4:8,0.5,21.550875327502652,k_proj,32,dense,5,0.5,0.02202410250902176,1.0
sparsegpt-nm4-8,sparsegpt,4:8,0.5,21.550875327502652,k_proj,128,csr,5,0.5,0.24876706302165985,0.17782419532999996
sparsegpt-nm4-8,sparsegpt,4:8,0.5,21.550875327502652,k_proj,128,csr_random,5,0.5,0.2520059235394001,0.17554820272877938
sparsegpt-nm4-8,sparsegpt,4:8,0.5,21.550875327502652,k_proj,128,csr_rowmajor,5,0.5,0.06090756505727768,0.7253994671866796
sparsegpt-nm4-8,sparsegpt,4:8,0.5,21.550875327502652,k_proj,128,dense,5,0.5,0.044173188507556915,1.0
sparsegpt-nm4-8,sparsegpt,4:8,0.5,21.550875327502652,k_proj,512,csr,5,0.5,0.9819325990974903,0.10729551780054182
sparsegpt-nm4-8,sparsegpt,4:8,0.5,21.550875327502652,k_proj,512,csr_random,5,0.5,0.9878326207399368,0.10665112736381094
sparsegpt-nm4-8,sparsegpt,4:8,0.5,21.550875327502652,k_proj,512,csr_rowmajor,5,0.5,0.2429630607366562,0.4336869287831726
sparsegpt-nm4-8,sparsegpt,4:8,0.5,21.550875327502652,k_proj,512,dense,5,0.5,0.10535558685660362,1.0
sparsegpt-nm4-8,sparsegpt,4:8,0.5,21.550875327502652,o_proj,1,csr,5,0.5,0.06613088771700859,0.17278610914902856
sparsegpt-nm4-8,sparsegpt,4:8,0.5,21.550875327502652,o_proj,1,csr_random,5,0.5,0.06527956575155258,0.17502108754502782
sparsegpt-nm4-8,sparsegpt,4:8,0.5,21.550875327502652,o_proj,1,csr_rowmajor,5,0.5,0.06382903084158897,0.1790271771309835
sparsegpt-nm4-8,sparsegpt,4:8,0.5,21.550875327502652,o_proj,1,dense,5,0.5,0.011424720287322998,1.0
sparsegpt-nm4-8,sparsegpt,4:8,0.5,21.550875327502652,o_proj,8,csr,5,0.5,0.06401771679520607,1.1527535450960271
sparsegpt-nm4-8,sparsegpt,4:8,0.5,21.550875327502652,o_proj,8,csr_random,5,0.5,0.0644981861114502,1.1441429280156743
sparsegpt-nm4-8,sparsegpt,4:8,0.5,21.550875327502652,o_proj,8,csr_rowmajor,5,0.5,0.044910795986652374,1.643079864899619
sparsegpt-nm4-8,sparsegpt,4:8,0.5,21.550875327502652,o_proj,8,dense,5,0.5,0.07379157468676567,1.0
sparsegpt-nm4-8,sparsegpt,4:8,0.5,21.550875327502652,o_proj,32,csr,5,0.5,0.13538943603634834,0.6892507233157061
sparsegpt-nm4-8,sparsegpt,4:8,0.5,21.550875327502652,o_proj,32,csr_random,5,0.5,0.13564089313149452,0.687973285514548
sparsegpt-nm4-8,sparsegpt,4:8,0.5,21.550875327502652,o_proj,32,csr_rowmajor,5,0.5,0.09146947413682938,1.020203768691738
sparsegpt-nm4-8,sparsegpt,4:8,0.5,21.550875327502652,o_proj,32,dense,5,0.5,0.09331684559583664,1.0
sparsegpt-nm4-8,sparsegpt,4:8,0.5,21.550875327502652,o_proj,128,csr,5,0.5,0.4721994511783123,0.36175850443523455
sparsegpt-nm4-8,sparsegpt,4:8,0.5,21.550875327502652,o_proj,128,csr_random,5,0.5,0.47430722042918205,0.36010103448503755
sparsegpt-nm4-8,sparsegpt,4:8,0.5,21.550875327502652,o_proj,128,csr_rowmajor,5,0.5,0.27614468708634377,0.6176713534975736
sparsegpt-nm4-8,sparsegpt,4:8,0.5,21.550875327502652,o_proj,128,dense,5,0.5,0.17056642100214958,1.0
sparsegpt-nm4-8,sparsegpt,4:8,0.5,21.550875327502652,o_proj,512,csr,5,0.5,2.0754494704306126,0.21715036042650632
sparsegpt-nm4-8,sparsegpt,4:8,0.5,21.550875327502652,o_proj,512,csr_random,5,0.5,2.0935078151524067,0.21519117922311543
sparsegpt-nm4-8,sparsegpt,4:8,0.5,21.550875327502652,o_proj,512,csr_rowmajor,5,0.5,1.4101053588092327,0.3195976945030245
sparsegpt-nm4-8,sparsegpt,4:8,0.5,21.550875327502652,o_proj,512,dense,5,0.5,0.4503692500293255,1.0
sparsegpt-nm4-8,sparsegpt,4:8,0.5,21.550875327502652,q_proj,1,csr,5,0.5,0.06532436236739159,0.17537596279209355
sparsegpt-nm4-8,sparsegpt,4:8,0.5,21.550875327502652,q_proj,1,csr_random,5,0.5,0.06451494991779327,0.17755060660855748
sparsegpt-nm4-8,sparsegpt,4:8,0.5,21.550875327502652,q_proj,1,csr_rowmajor,5,0.5,0.06337445229291916,0.18079700493945958
sparsegpt-nm4-8,sparsegpt,4:8,0.5,21.550875327502652,q_proj,1,dense,5,0.5,0.011451728641986847,1.0
sparsegpt-nm4-8,sparsegpt,4:8,0.5,21.550875327502652,q_proj,8,csr,5,0.5,0.06437376141548157,1.1473916700696614
sparsegpt-nm4-8,sparsegpt,4:8,0.5,21.550875327502652,q_proj,8,csr_random,5,0.5,0.06454521790146828,1.1443511311126218
sparsegpt-nm4-8,sparsegpt,4:8,0.5,21.550875327502652,q_proj,8,csr_rowmajor,5,0.5,0.04495372995734215,1.643009540041407
sparsegpt-nm4-8,sparsegpt,4:8,0.5,21.550875327502652,q_proj,8,dense,5,0.5,0.07385862991213799,1.0
sparsegpt-nm4-8,sparsegpt,4:8,0.5,21.550875327502652,q_proj,32,csr,5,0.5,0.13555698096752167,0.6883382921188378
sparsegpt-nm4-8,sparsegpt,4:8,0.5,21.550875327502652,q_proj,32,csr_random,5,0.5,0.13561109080910683,0.6880686468313624
sparsegpt-nm4-8,sparsegpt,4:8,0.5,21.550875327502652,q_proj,32,csr_rowmajor,5,0.5,0.091544259339571,1.0192867816175522
sparsegpt-nm4-8,sparsegpt,4:8,0.5,21.550875327502652,q_proj,32,dense,5,0.5,0.0933084636926651,1.0
sparsegpt-nm4-8,sparsegpt,4:8,0.5,21.550875327502652,q_proj,128,csr,5,0.5,0.45526204630732536,0.3744346035053725
sparsegpt-nm4-8,sparsegpt,4:8,0.5,21.550875327502652,q_proj,128,csr_random,5,0.5,0.45760562643408775,0.3725234928509712
sparsegpt-nm4-8,sparsegpt,4:8,0.5,21.550875327502652,q_proj,128,csr_rowmajor,5,0.5,0.28061186894774437,0.6080102169716777
sparsegpt-nm4-8,sparsegpt,4:8,0.5,21.550875327502652,q_proj,128,dense,5,0.5,0.17044013366103172,1.0
sparsegpt-nm4-8,sparsegpt,4:8,0.5,21.550875327502652,q_proj,512,csr,5,0.5,2.0162804052233696,0.22261058025337038
sparsegpt-nm4-8,sparsegpt,4:8,0.5,21.550875327502652,q_proj,512,csr_random,5,0.5,2.060083858668804,0.21791851328294773
sparsegpt-nm4-8,sparsegpt,4:8,0.5,21.550875327502652,q_proj,512,csr_rowmajor,5,0.5,1.3862068764865398,0.3237937494624727
sparsegpt-nm4-8,sparsegpt,4:8,0.5,21.550875327502652,q_proj,512,dense,5,0.5,0.44883713126182556,1.0
sparsegpt-nm4-8,sparsegpt,4:8,0.5,21.550875327502652,up_proj,1,csr,5,0.5,0.341731496155262,0.13601235060467337
sparsegpt-nm4-8,sparsegpt,4:8,0.5,21.550875327502652,up_proj,1,csr_random,5,0.5,0.34419698640704155,0.13502398782205924
sparsegpt-nm4-8,sparsegpt,4:8,0.5,21.550875327502652,up_proj,1,csr_rowmajor,5,0.5,0.3396788612008095,0.13690514750526409
sparsegpt-nm4-8,sparsegpt,4:8,0.5,21.550875327502652,up_proj,1,dense,5,0.5,0.04647113382816315,1.0
sparsegpt-nm4-8,sparsegpt,4:8,0.5,21.550875327502652,up_proj,8,csr,5,0.5,0.28244564309716225,0.42838827277189023
sparsegpt-nm4-8,sparsegpt,4:8,0.5,21.550875327502652,up_proj,8,csr_random,5,0.5,0.2873878926038742,0.4212992807247791
sparsegpt-nm4-8,sparsegpt,4:8,0.5,21.550875327502652,up_proj,8,csr_rowmajor,5,0.5,0.26134373620152473,0.46334845180955725
sparsegpt-nm4-8,sparsegpt,4:8,0.5,21.550875327502652,up_proj,8,dense,5,0.5,0.12097908183932304,1.0
sparsegpt-nm4-8,sparsegpt,4:8,0.5,21.550875327502652,up_proj,32,csr,5,0.5,0.5248920060694218,0.8655920275090894
sparsegpt-nm4-8,sparsegpt,4:8,0.5,21.550875327502652,up_proj,32,csr_random,5,0.5,0.5247337743639946,0.8658618322942014
sparsegpt-nm4-8,sparsegpt,4:8,0.5,21.550875327502652,up_proj,32,csr_rowmajor,5,0.5,0.48449113965034485,0.9377758883134842
sparsegpt-nm4-8,sparsegpt,4:8,0.5,21.550875327502652,up_proj,32,dense,5,0.5,0.45434171333909035,1.0
sparsegpt-nm4-8,sparsegpt,4:8,0.5,21.550875327502652,up_proj,128,csr,5,0.5,1.638201717287302,0.47387613312390386
sparsegpt-nm4-8,sparsegpt,4:8,0.5,21.550875327502652,up_proj,128,csr_random,5,0.5,1.6311917454004288,0.47592168182439315
sparsegpt-nm4-8,sparsegpt,4:8,0.5,21.550875327502652,up_proj,128,csr_rowmajor,5,0.5,1.5243002213537693,0.5092830929600114
sparsegpt-nm4-8,sparsegpt,4:8,0.5,21.550875327502652,up_proj,128,dense,5,0.5,0.7763609290122986,1.0
sparsegpt-nm4-8,sparsegpt,4:8,0.5,21.550875327502652,up_proj,512,csr,5,0.5,8.110761363059282,0.27497291071627583
sparsegpt-nm4-8,sparsegpt,4:8,0.5,21.550875327502652,up_proj,512,csr_random,5,0.5,8.237755578011274,0.27072574046237696
sparsegpt-nm4-8,sparsegpt,4:8,0.5,21.550875327502652,up_proj,512,csr_rowmajor,5,0.5,7.438843604177237,0.30011981216220657
sparsegpt-nm4-8,sparsegpt,4:8,0.5,21.550875327502652,up_proj,512,dense,5,0.5,2.2301513701677322,1.0
sparsegpt-nm4-8,sparsegpt,4:8,0.5,21.550875327502652,v_proj,1,csr,5,0.5,0.030218251049518585,0.22548600129300622
sparsegpt-nm4-8,sparsegpt,4:8,0.5,21.550875327502652,v_proj,1,csr_random,5,0.5,0.029987748712301254,0.22718744974137742
sparsegpt-nm4-8,sparsegpt,4:8,0.5,21.550875327502652,v_proj,1,csr_rowmajor,5,0.5,0.027957558631896973,0.24369762422774355
sparsegpt-nm4-8,sparsegpt,4:8,0.5,21.550875327502652,v_proj,1,dense,5,0.5,0.0068128108978271484,1.0
sparsegpt-nm4-8,sparsegpt,4:8,0.5,21.550875327502652,v_proj,8,csr,5,0.5,0.04521617665886879,0.3844663574469742
sparsegpt-nm4-8,sparsegpt,4:8,0.5,21.550875327502652,v_proj,8,csr_random,5,0.5,0.04525333642959595,0.38414811149037015
sparsegpt-nm4-8,sparsegpt,4:8,0.5,21.550875327502652,v_proj,8,csr_rowmajor,5,0.5,0.025732070207595825,0.6753408917855929
sparsegpt-nm4-8,sparsegpt,4:8,0.5,21.550875327502652,v_proj,8,dense,5,0.5,0.017377734184265137,1.0
sparsegpt-nm4-8,sparsegpt,4:8,0.5,21.550875327502652,v_proj,32,csr,5,0.5,0.07183309644460678,0.3062516594238136
sparsegpt-nm4-8,sparsegpt,4:8,0.5,21.550875327502652,v_proj,32,csr_random,5,0.5,0.07207896560430527,0.3051969240132294
sparsegpt-nm4-8,sparsegpt,4:8,0.5,21.550875327502652,v_proj,32,csr_rowmajor,5,0.5,0.03047063946723938,0.7219577317174666
sparsegpt-nm4-8,sparsegpt,4:8,0.5,21.550875327502652,v_proj,32,dense,5,0.5,0.021997466683387756,1.0
sparsegpt-nm4-8,sparsegpt,4:8,0.5,21.550875327502652,v_proj,128,csr,5,0.5,0.24867001920938492,0.1778181679774823
sparsegpt-nm4-8,sparsegpt,4:8,0.5,21.550875327502652,v_proj,128,csr_random,5,0.5,0.2528405748307705,0.17501484541269174
sparsegpt-nm4-8,sparsegpt,4:8,0.5,21.550875327502652,v_proj,128,csr_rowmajor,5,0.5,0.06171315908432007,0.715895805523639
sparsegpt-nm4-8,sparsegpt,4:8,0.5,21.550875327502652,v_proj,128,dense,5,0.5,0.044154003262519836,1.0
sparsegpt-nm4-8,sparsegpt,4:8,0.5,21.550875327502652,v_proj,512,csr,5,0.5,0.9734041057527065,0.10367670484427689
sparsegpt-nm4-8,sparsegpt,4:8,0.5,21.550875327502652,v_proj,512,csr_random,5,0.5,0.9786481037735939,0.10312914319580763
sparsegpt-nm4-8,sparsegpt,4:8,0.5,21.550875327502652,v_proj,512,csr_rowmajor,5,0.5,0.24538300931453705,0.4115861905277227
sparsegpt-nm4-8,sparsegpt,4:8,0.5,21.550875327502652,v_proj,512,dense,5,0.5,0.10092062875628471,1.0
sparsegpt-u30,sparsegpt,unstructured,0.3000038314651657,13.747339680872255,down_proj,1,csr,5,0.30000536925810617,0.5843006074428558,0.1266471767747247
sparsegpt-u30,sparsegpt,unstructured,0.3000038314651657,13.747339680872255,down_proj,1,csr_random,5,0.30000536925810617,0.5747921764850616,0.1288840907196884
sparsegpt-u30,sparsegpt,unstructured,0.3000038314651657,13.747339680872255,down_proj,1,csr_rowmajor,5,0.30000536925810617,0.5792256444692612,0.12798560272322515
sparsegpt-u30,sparsegpt,unstructured,0.3000038314651657,13.747339680872255,down_proj,1,dense,5,0.30000536925810617,0.07398352026939392,1.0
sparsegpt-u30,sparsegpt,unstructured,0.3000038314651657,13.747339680872255,down_proj,8,csr,5,0.30000536925810617,0.5581587553024292,0.35989934196564705
sparsegpt-u30,sparsegpt,unstructured,0.3000038314651657,13.747339680872255,down_proj,8,csr_random,5,0.30000536925810617,0.5465880036354065,0.3659794343294428
sparsegpt-u30,sparsegpt,unstructured,0.3000038314651657,13.747339680872255,down_proj,8,csr_rowmajor,5,0.30000536925810617,0.47493651509284973,0.42460264262503894
sparsegpt-u30,sparsegpt,unstructured,0.3000038314651657,13.747339680872255,down_proj,8,dense,5,0.30000536925810617,0.19966959953308105,1.0
sparsegpt-u30,sparsegpt,unstructured,0.3000038314651657,13.747339680872255,down_proj,32,csr,5,0.30000536925810617,0.993289053440094,0.2620031057990804
sparsegpt-u30,sparsegpt,unstructured,0.3000038314651657,13.747339680872255,down_proj,32,csr_random,5,0.30000536925810617,0.9784318506717682,0.2661557435997806
sparsegpt-u30,sparsegpt,unstructured,0.3000038314651657,13.747339680872255,down_proj,32,csr_rowmajor,5,0.30000536925810617,0.7880769670009613,0.3312660422512412
sparsegpt-u30,sparsegpt,unstructured,0.3000038314651657,13.747339680872255,down_proj,32,dense,5,0.30000536925810617,0.26038698852062225,1.0
sparsegpt-u30,sparsegpt,unstructured,0.3000038314651657,13.747339680872255,down_proj,128,csr,5,0.30000536925810617,7.20260888338089,0.0889112529793346
sparsegpt-u30,sparsegpt,unstructured,0.3000038314651657,13.747339680872255,down_proj,128,csr_random,5,0.30000536925810617,7.218502834439278,0.08872895672574374
sparsegpt-u30,sparsegpt,unstructured,0.3000038314651657,13.747339680872255,down_proj,128,csr_rowmajor,5,0.30000536925810617,6.332637369632721,0.10113619996848887
sparsegpt-u30,sparsegpt,unstructured,0.3000038314651657,13.747339680872255,down_proj,128,dense,5,0.30000536925810617,0.6404563784599304,1.0
sparsegpt-u30,sparsegpt,unstructured,0.3000038314651657,13.747339680872255,down_proj,512,csr,5,0.30000536925810617,25.55338591337204,0.10704792603874407
sparsegpt-u30,sparsegpt,unstructured,0.3000038314651657,13.747339680872255,down_proj,512,csr_random,5,0.30000536925810617,25.700532644987106,0.10643749462412834
sparsegpt-u30,sparsegpt,unstructured,0.3000038314651657,13.747339680872255,down_proj,512,csr_rowmajor,5,0.30000536925810617,21.396512538194656,0.1278939573048427
sparsegpt-u30,sparsegpt,unstructured,0.3000038314651657,13.747339680872255,down_proj,512,dense,5,0.30000536925810617,2.735508978366852,1.0
sparsegpt-u30,sparsegpt,unstructured,0.3000038314651657,13.747339680872255,gate_proj,1,csr,5,0.30000119316846807,0.5447197705507278,0.10012886137921105
sparsegpt-u30,sparsegpt,unstructured,0.3000038314651657,13.747339680872255,gate_proj,1,csr_random,5,0.30000119316846807,0.5498617887496948,0.09962760558524102
sparsegpt-u30,sparsegpt,unstructured,0.3000038314651657,13.747339680872255,gate_proj,1,csr_rowmajor,5,0.30000119316846807,0.5396049469709396,0.10105470571806002
sparsegpt-u30,sparsegpt,unstructured,0.3000038314651657,13.747339680872255,gate_proj,1,dense,5,0.30000119316846807,0.05439743399620056,1.0
sparsegpt-u30,sparsegpt,unstructured,0.3000038314651657,13.747339680872255,gate_proj,8,csr,5,0.30000119316846807,0.4885829985141754,0.27556613812196734
sparsegpt-u30,sparsegpt,unstructured,0.3000038314651657,13.747339680872255,gate_proj,8,csr_random,5,0.30000119316846807,0.4989158362150192,0.2725124004937649
sparsegpt-u30,sparsegpt,unstructured,0.3000038314651657,13.747339680872255,gate_proj,8,csr_rowmajor,5,0.30000119316846807,0.46325288712978363,0.29111333700284003
sparsegpt-u30,sparsegpt,unstructured,0.3000038314651657,13.747339680872255,gate_proj,8,dense,5,0.30000119316846807,0.13396553695201874,1.0
sparsegpt-u30,sparsegpt,unstructured,0.3000038314651657,13.747339680872255,gate_proj,32,csr,5,0.30000119316846807,0.8035164326429367,0.3018026536650037
sparsegpt-u30,sparsegpt,unstructured,0.3000038314651657,13.747339680872255,gate_proj,32,csr_random,5,0.30000119316846807,0.7767185568809509,0.31132157985691944
sparsegpt-u30,sparsegpt,unstructured,0.3000038314651657,13.747339680872255,gate_proj,32,csr_rowmajor,5,0.30000119316846807,0.8101880550384521,0.2991054499477609
sparsegpt-u30,sparsegpt,unstructured,0.3000038314651657,13.747339680872255,gate_proj,32,dense,5,0.30000119316846807,0.24171844124794006,1.0
sparsegpt-u30,sparsegpt,unstructured,0.3000038314651657,13.747339680872255,gate_proj,128,csr,5,0.30000119316846807,2.301301062107086,0.36428736235849546
sparsegpt-u30,sparsegpt,unstructured,0.3000038314651657,13.747339680872255,gate_proj,128,csr_random,5,0.30000119316846807,2.3020319640636444,0.36402718318641025
sparsegpt-u30,sparsegpt,unstructured,0.3000038314651657,13.747339680872255,gate_proj,128,csr_rowmajor,5,0.30000119316846807,2.2571615874767303,0.37168742076499967
sparsegpt-u30,sparsegpt,unstructured,0.3000038314651657,13.747339680872255,gate_proj,128,dense,5,0.30000119316846807,0.8382104337215424,1.0
sparsegpt-u30,sparsegpt,unstructured,0.3000038314651657,13.747339680872255,gate_proj,512,csr,5,0.30000119316846807,12.750309705734253,0.1791978398459955
sparsegpt-u30,sparsegpt,unstructured,0.3000038314651657,13.747339680872255,gate_proj,512,csr_random,5,0.30000119316846807,12.737982720136642,0.17938458249066955
sparsegpt-u30,sparsegpt,unstructured,0.3000038314651657,13.747339680872255,gate_proj,512,csr_rowmajor,5,0.30000119316846807,12.143261358141899,0.188141283702362
sparsegpt-u30,sparsegpt,unstructured,0.3000038314651657,13.747339680872255,gate_proj,512,dense,5,0.30000119316846807,2.2845234721899033,1.0
sparsegpt-u30,sparsegpt,unstructured,0.3000038314651657,13.747339680872255,k_proj,1,csr,5,0.300048828125,0.03393515944480896,0.20870437700447378
sparsegpt-u30,sparsegpt,unstructured,0.3000038314651657,13.747339680872255,k_proj,1,csr_random,5,0.300048828125,0.03383159637451172,0.209287147009797
sparsegpt-u30,sparsegpt,unstructured,0.3000038314651657,13.747339680872255,k_proj,1,csr_rowmajor,5,0.300048828125,0.032144784927368164,0.22032057457330426
sparsegpt-u30,sparsegpt,unstructured,0.3000038314651657,13.747339680872255,k_proj,1,dense,5,0.300048828125,0.007080286741256714,1.0
sparsegpt-u30,sparsegpt,unstructured,0.3000038314651657,13.747339680872255,k_proj,8,csr,5,0.300048828125,0.046303123235702515,0.25448313186871224
sparsegpt-u30,sparsegpt,unstructured,0.3000038314651657,13.747339680872255,k_proj,8,csr_random,5,0.300048828125,0.04642084240913391,0.2538422107923137
sparsegpt-u30,sparsegpt,unstructured,0.3000038314651657,13.747339680872255,k_proj,8,csr_rowmajor,5,0.300048828125,0.027792900800704956,0.42396281848912565
sparsegpt-u30,sparsegpt,unstructured,0.3000038314651657,13.747339680872255,k_proj,8,dense,5,0.300048828125,0.011783093214035034,1.0
sparsegpt-u30,sparsegpt,unstructured,0.3000038314651657,13.747339680872255,k_proj,32,csr,5,0.300048828125,0.07742457091808319,0.21004235048767717
sparsegpt-u30,sparsegpt,unstructured,0.3000038314651657,13.747339680872255,k_proj,32,csr_random,5,0.300048828125,0.07803253829479218,0.20839739692223094
sparsegpt-u30,sparsegpt,unstructured,0.3000038314651657,13.747339680872255,k_proj,32,csr_rowmajor,5,0.300048828125,0.03684088587760925,0.44140062787109774
sparsegpt-u30,sparsegpt,unstructured,0.3000038314651657,13.747339680872255,k_proj,32,dense,5,0.300048828125,0.016260892152786255,1.0
sparsegpt-u30,sparsegpt,unstructured,0.3000038314651657,13.747339680872255,k_proj,128,csr,5,0.300048828125,0.24651587009429932,0.13052688036482246
sparsegpt-u30,sparsegpt,unstructured,0.3000038314651657,13.747339680872255,k_proj,128,csr_random,5,0.300048828125,0.2474021166563034,0.13004796868539445
sparsegpt-u30,sparsegpt,unstructured,0.3000038314651657,13.747339680872255,k_proj,128,csr_rowmajor,5,0.300048828125,0.08133724331855774,0.39573121670215866
sparsegpt-u30,sparsegpt,unstructured,0.3000038314651657,13.747339680872255,k_proj,128,dense,5,0.300048828125,0.03217384219169617,1.0
sparsegpt-u30,sparsegpt,unstructured,0.3000038314651657,13.747339680872255,k_proj,512,csr,5,0.300048828125,1.0577641427516937,0.07417409934186697
sparsegpt-u30,sparsegpt,unstructured,0.3000038314651657,13.747339680872255,k_proj,512,csr_random,5,0.300048828125,1.0644834488630295,0.07369601325753317
sparsegpt-u30,sparsegpt,unstructured,0.3000038314651657,13.747339680872255,k_proj,512,csr_rowmajor,5,0.300048828125,0.3699790686368942,0.2122147374759875
sparsegpt-u30,sparsegpt,unstructured,0.3000038314651657,13.747339680872255,k_proj,512,dense,5,0.300048828125,0.07840357720851898,1.0
sparsegpt-u30,sparsegpt,unstructured,0.3000038314651657,13.747339680872255,o_proj,1,csr,5,0.3000064772002551,0.08239075541496277,0.1411277193693463
sparsegpt-u30,sparsegpt,unstructured,0.3000038314651657,13.747339680872255,o_proj,1,csr_random,5,0.3000064772002551,0.08263140916824341,0.14068795854202704
sparsegpt-u30,sparsegpt,unstructured,0.3000038314651657,13.747339680872255,o_proj,1,csr_rowmajor,5,0.3000064772002551,0.08093267679214478,0.14367542693806265
sparsegpt-u30,sparsegpt,unstructured,0.3000038314651657,13.747339680872255,o_proj,1,dense,5,0.3000064772002551,0.011623650789260864,1.0
sparsegpt-u30,sparsegpt,unstructured,0.3000038314651657,13.747339680872255,o_proj,8,csr,5,0.3000064772002551,0.07194094359874725,0.4626975705285127
sparsegpt-u30,sparsegpt,unstructured,0.3000038314651657,13.747339680872255,o_proj,8,csr_random,5,0.3000064772002551,0.07204562425613403,0.46202341464997665
sparsegpt-u30,sparsegpt,unstructured,0.3000038314651657,13.747339680872255,o_proj,8,csr_rowmajor,5,0.3000064772002551,0.052969157695770264,0.6284093732484434
sparsegpt-u30,sparsegpt,unstructured,0.3000038314651657,13.747339680872255,o_proj,8,dense,5,0.3000064772002551,0.033286213874816895,1.0
sparsegpt-u30,sparsegpt,unstructured,0.3000038314651657,13.747339680872255,o_proj,32,csr,5,0.3000064772002551,0.15759021043777466,0.33258415896629534
sparsegpt-u30,sparsegpt,unstructured,0.3000038314651657,13.747339680872255,o_proj,32,csr_random,5,0.3000064772002551,0.1581929624080658,0.3313191119816803
sparsegpt-u30,sparsegpt,unstructured,0.3000038314651657,13.747339680872255,o_proj,32,csr_rowmajor,5,0.3000064772002551,0.11490471661090851,0.4561343138829831
sparsegpt-u30,sparsegpt,unstructured,0.3000038314651657,13.747339680872255,o_proj,32,dense,5,0.3000064772002551,0.05241185426712036,1.0
sparsegpt-u30,sparsegpt,unstructured,0.3000038314651657,13.747339680872255,o_proj,128,csr,5,0.3000064772002551,0.5516201257705688,0.23343765251663276
sparsegpt-u30,sparsegpt,unstructured,0.3000038314651657,13.747339680872255,o_proj,128,csr_random,5,0.3000064772002551,0.6264399737119675,0.20999716575649463
sparsegpt-u30,sparsegpt,unstructured,0.3000038314651657,13.747339680872255,o_proj,128,csr_rowmajor,5,0.3000064772002551,0.38138143718242645,0.3376747013640394
sparsegpt-u30,sparsegpt,unstructured,0.3000038314651657,13.747339680872255,o_proj,128,dense,5,0.3000064772002551,0.12869909405708313,1.0
sparsegpt-u30,sparsegpt,unstructured,0.3000038314651657,13.747339680872255,o_proj,512,csr,5,0.3000064772002551,2.8094884008169174,0.1584497057137811
sparsegpt-u30,sparsegpt,unstructured,0.3000038314651657,13.747339680872255,o_proj,512,csr_random,5,0.3000064772002551,2.810097485780716,0.1583502132175834
sparsegpt-u30,sparsegpt,unstructured,0.3000038314651657,13.747339680872255,o_proj,512,csr_rowmajor,5,0.3000064772002551,2.1846458315849304,0.20377655966594987
sparsegpt-u30,sparsegpt,unstructured,0.3000038314651657,13.747339680872255,o_proj,512,dense,5,0.3000064772002551,0.44493116438388824,1.0
sparsegpt-u30,sparsegpt,unstructured,0.3000038314651657,13.747339680872255,q_proj,1,csr,5,0.3000052315848214,0.08071288466453552,0.14435404567399565
sparsegpt-u30,sparsegpt,unstructured,0.3000038314651657,13.747339680872255,q_proj,1,csr_random,5,0.3000052315848214,0.0814586877822876,0.1430345139106924
sparsegpt-u30,sparsegpt,unstructured,0.3000038314651657,13.747339680872255,q_proj,1,csr_rowmajor,5,0.3000052315848214,0.0787883996963501,0.14787992277238982
sparsegpt-u30,sparsegpt,unstructured,0.3000038314651657,13.747339680872255,q_proj,1,dense,5,0.3000052315848214,0.011649727821350098,1.0
sparsegpt-u30,sparsegpt,unstructured,0.3000038314651657,13.747339680872255,q_proj,8,csr,5,0.3000052315848214,0.07186532020568848,0.46322750368130416
sparsegpt-u30,sparsegpt,unstructured,0.3000038314651657,13.747339680872255,q_proj,8,csr_random,5,0.3000052315848214,0.07222145795822144,0.4609638121125034
sparsegpt-u30,sparsegpt,unstructured,0.3000038314651657,13.747339680872255,q_proj,8,csr_rowmajor,5,0.3000052315848214,0.05290135741233826,0.6292856709022479
sparsegpt-u30,sparsegpt,unstructured,0.3000038314651657,13.747339680872255,q_proj,8,dense,5,0.3000052315848214,0.033289939165115356,1.0
sparsegpt-u30,sparsegpt,unstructured,0.3000038314651657,13.747339680872255,q_proj,32,csr,5,0.3000052315848214,0.1566719263792038,0.33463331662429374
sparsegpt-u30,sparsegpt,unstructured,0.3000038314651657,13.747339680872255,q_proj,32,csr_random,5,0.3000052315848214,0.15780702233314514,0.33222531191509796
sparsegpt-u30,sparsegpt,unstructured,0.3000038314651657,13.747339680872255,q_proj,32,csr_rowmajor,5,0.3000052315848214,0.1150619238615036,0.4556419415108305
sparsegpt-u30,sparsegpt,unstructured,0.3000038314651657,13.747339680872255,q_proj,32,dense,5,0.3000052315848214,0.05242675542831421,1.0
sparsegpt-u30,sparsegpt,unstructured,0.3000038314651657,13.747339680872255,q_proj,128,csr,5,0.3000052315848214,0.5903631448745728,0.22108356472187168
sparsegpt-u30,sparsegpt,unstructured,0.3000038314651657,13.747339680872255,q_proj,128,csr_random,5,0.3000052315848214,0.5533739924430847,0.23271995343245247
sparsegpt-u30,sparsegpt,unstructured,0.3000038314651657,13.747339680872255,q_proj,128,csr_rowmajor,5,0.3000052315848214,0.3764864057302475,0.3419127542039451
sparsegpt-u30,sparsegpt,unstructured,0.3000038314651657,13.747339680872255,q_proj,128,dense,5,0.3000052315848214,0.12872517108917236,1.0
sparsegpt-u30,sparsegpt,unstructured,0.3000038314651657,13.747339680872255,q_proj,512,csr,5,0.3000052315848214,2.878076210618019,0.1540396420218288
sparsegpt-u30,sparsegpt,unstructured,0.3000038314651657,13.747339680872255,q_proj,512,csr_random,5,0.3000052315848214,2.8389587998390198,0.15622578314803603
sparsegpt-u30,sparsegpt,unstructured,0.3000038314651657,13.747339680872255,q_proj,512,csr_rowmajor,5,0.3000052315848214,2.2535182535648346,0.19676887324642284
sparsegpt-u30,sparsegpt,unstructured,0.3000038314651657,13.747339680872255,q_proj,512,dense,5,0.3000052315848214,0.44319964945316315,1.0
sparsegpt-u30,sparsegpt,unstructured,0.3000038314651657,13.747339680872255,up_proj,1,csr,5,0.30000137673284777,0.5453795194625854,0.1070781113831192
sparsegpt-u30,sparsegpt,unstructured,0.3000038314651657,13.747339680872255,up_proj,1,csr_random,5,0.30000137673284777,0.5475644022226334,0.10655493199910973
sparsegpt-u30,sparsegpt,unstructured,0.3000038314651657,13.747339680872255,up_proj,1,csr_rowmajor,5,0.30000137673284777,0.5403093993663788,0.10807487087879934
sparsegpt-u30,sparsegpt,unstructured,0.3000038314651657,13.747339680872255,up_proj,1,dense,5,0.30000137673284777,0.05793944001197815,1.0
sparsegpt-u30,sparsegpt,unstructured,0.3000038314651657,13.747339680872255,up_proj,8,csr,5,0.30000137673284777,0.49105510115623474,0.30356166934531204
sparsegpt-u30,sparsegpt,unstructured,0.3000038314651657,13.747339680872255,up_proj,8,csr_random,5,0.30000137673284777,0.4873346537351608,0.30604153871169315
sparsegpt-u30,sparsegpt,unstructured,0.3000038314651657,13.747339680872255,up_proj,8,csr_rowmajor,5,0.30000137673284777,0.4672989249229431,0.3198845648253201
sparsegpt-u30,sparsegpt,unstructured,0.3000038314651657,13.747339680872255,up_proj,8,dense,5,0.30000137673284777,0.14794319868087769,1.0
sparsegpt-u30,sparsegpt,unstructured,0.3000038314651657,13.747339680872255,up_proj,32,csr,5,0.30000137673284777,0.794798880815506,0.3072377630253529
sparsegpt-u30,sparsegpt,unstructured,0.3000038314651657,13.747339680872255,up_proj,32,csr_random,5,0.30000137673284777,0.7744945585727692,0.3139841162528124
sparsegpt-u30,sparsegpt,unstructured,0.3000038314651657,13.747339680872255,up_proj,32,csr_rowmajor,5,0.30000137673284777,0.774223729968071,0.3143975290345778
sparsegpt-u30,sparsegpt,unstructured,0.3000038314651657,13.747339680872255,up_proj,32,dense,5,0.30000137673284777,0.2430841326713562,1.0
sparsegpt-u30,sparsegpt,unstructured,0.3000038314651657,13.747339680872255,up_proj,128,csr,5,0.30000137673284777,2.323058247566223,0.3637701046617044
sparsegpt-u30,sparsegpt,unstructured,0.3000038314651657,13.747339680872255,up_proj,128,csr_random,5,0.30000137673284777,2.3252222687005997,0.36315150112060995
sparsegpt-u30,sparsegpt,unstructured,0.3000038314651657,13.747339680872255,up_proj,128,csr_rowmajor,5,0.30000137673284777,2.2738706320524216,0.37039662612421886
sparsegpt-u30,sparsegpt,unstructured,0.3000038314651657,13.747339680872255,up_proj,128,dense,5,0.30000137673284777,0.8434835821390152,1.0
sparsegpt-u30,sparsegpt,unstructured,0.3000038314651657,13.747339680872255,up_proj,512,csr,5,0.30000137673284777,12.802392616868019,0.17899392828327076
sparsegpt-u30,sparsegpt,unstructured,0.3000038314651657,13.747339680872255,up_proj,512,csr_random,5,0.30000137673284777,12.797387689352036,0.17906863567431627
sparsegpt-u30,sparsegpt,unstructured,0.3000038314651657,13.747339680872255,up_proj,512,csr_rowmajor,5,0.30000137673284777,12.118711695075035,0.18908713818333456
sparsegpt-u30,sparsegpt,unstructured,0.3000038314651657,13.747339680872255,up_proj,512,dense,5,0.30000137673284777,2.291567623615265,1.0
sparsegpt-u30,sparsegpt,unstructured,0.3000038314651657,13.747339680872255,v_proj,1,csr,5,0.3000505719866071,0.034529343247413635,0.20385683044053257
sparsegpt-u30,sparsegpt,unstructured,0.3000038314651657,13.747339680872255,v_proj,1,csr_random,5,0.3000505719866071,0.03383904695510864,0.2079612235081378
sparsegpt-u30,sparsegpt,unstructured,0.3000038314651657,13.747339680872255,v_proj,1,csr_rowmajor,5,0.3000505719866071,0.03218725323677063,0.2186329601923554
sparsegpt-u30,sparsegpt,unstructured,0.3000038314651657,13.747339680872255,v_proj,1,dense,5,0.3000505719866071,0.007037073373794556,1.0
sparsegpt-u30,sparsegpt,unstructured,0.3000038314651657,13.747339680872255,v_proj,8,csr,5,0.3000505719866071,0.0471699982881546,0.2498220418731483
sparsegpt-u30,sparsegpt,unstructured,0.3000038314651657,13.747339680872255,v_proj,8,csr_random,5,0.3000505719866071,0.047114863991737366,0.25013693519865104
sparsegpt-u30,sparsegpt,unstructured,0.3000038314651657,13.747339680872255,v_proj,8,csr_rowmajor,5,0.3000505719866071,0.027871504426002502,0.4227504639589165
sparsegpt-u30,sparsegpt,unstructured,0.3000038314651657,13.747339680872255,v_proj,8,dense,5,0.3000505719866071,0.011782348155975342,1.0
sparsegpt-u30,sparsegpt,unstructured,0.3000038314651657,13.747339680872255,v_proj,32,csr,5,0.3000505719866071,0.0777754932641983,0.20886363552783027
sparsegpt-u30,sparsegpt,unstructured,0.3000038314651657,13.747339680872255,v_proj,32,csr_random,5,0.3000505719866071,0.07809996604919434,0.20799945607558828
sparsegpt-u30,sparsegpt,unstructured,0.3000038314651657,13.747339680872255,v_proj,32,csr_rowmajor,5,0.3000505719866071,0.03685206174850464,0.44079125647814615
sparsegpt-u30,sparsegpt,unstructured,0.3000038314651657,13.747339680872255,v_proj,32,dense,5,0.3000505719866071,0.01624375581741333,1.0
sparsegpt-u30,sparsegpt,unstructured,0.3000038314651657,13.747339680872255,v_proj,128,csr,5,0.3000505719866071,0.2460487186908722,0.13068139818400046
sparsegpt-u30,sparsegpt,unstructured,0.3000038314651657,13.747339680872255,v_proj,128,csr_random,5,0.3000505719866071,0.2479352056980133,0.12968512751052683
sparsegpt-u30,sparsegpt,unstructured,0.3000038314651657,13.747339680872255,v_proj,128,csr_rowmajor,5,0.3000505719866071,0.0810474157333374,0.39693820774499905
sparsegpt-u30,sparsegpt,unstructured,0.3000038314651657,13.747339680872255,v_proj,128,dense,5,0.3000505719866071,0.03215298056602478,1.0
sparsegpt-u30,sparsegpt,unstructured,0.3000038314651657,13.747339680872255,v_proj,512,csr,5,0.3000505719866071,1.0696139186620712,0.07486732599490155
sparsegpt-u30,sparsegpt,unstructured,0.3000038314651657,13.747339680872255,v_proj,512,csr_random,5,0.3000505719866071,1.0761696845293045,0.07441229417783841
sparsegpt-u30,sparsegpt,unstructured,0.3000038314651657,13.747339680872255,v_proj,512,csr_rowmajor,5,0.3000505719866071,0.36153644323349,0.22157242734060972
sparsegpt-u30,sparsegpt,unstructured,0.3000038314651657,13.747339680872255,v_proj,512,dense,5,0.3000505719866071,0.08006878197193146,1.0
sparsegpt-u50,sparsegpt,unstructured,0.500006338266226,17.669637508737015,down_proj,1,csr,5,0.5000088110902255,0.3500893712043762,0.10982301503856151
sparsegpt-u50,sparsegpt,unstructured,0.500006338266226,17.669637508737015,down_proj,1,csr_random,5,0.5000088110902255,0.355326384305954,0.10822097406925882
sparsegpt-u50,sparsegpt,unstructured,0.500006338266226,17.669637508737015,down_proj,1,csr_rowmajor,5,0.5000088110902255,0.3472905606031418,0.11071116332008721
sparsegpt-u50,sparsegpt,unstructured,0.500006338266226,17.669637508737015,down_proj,1,dense,5,0.5000088110902255,0.038439035415649414,1.0
sparsegpt-u50,sparsegpt,unstructured,0.500006338266226,17.669637508737015,down_proj,8,csr,5,0.5000088110902255,0.3260791301727295,0.40863558856205223
sparsegpt-u50,sparsegpt,unstructured,0.500006338266226,17.669637508737015,down_proj,8,csr_random,5,0.5000088110902255,0.33241547644138336,0.4023470402696954
sparsegpt-u50,sparsegpt,unstructured,0.500006338266226,17.669637508737015,down_proj,8,csr_rowmajor,5,0.5000088110902255,0.24702996015548706,0.539436948278068
sparsegpt-u50,sparsegpt,unstructured,0.500006338266226,17.669637508737015,down_proj,8,dense,5,0.5000088110902255,0.13328902423381805,1.0
sparsegpt-u50,sparsegpt,unstructured,0.500006338266226,17.669637508737015,down_proj,32,csr,5,0.5000088110902255,0.7669240236282349,0.5993222364702381
sparsegpt-u50,sparsegpt,unstructured,0.500006338266226,17.669637508737015,down_proj,32,csr_random,5,0.5000088110902255,0.7712081074714661,0.5953214678695904
sparsegpt-u50,sparsegpt,unstructured,0.500006338266226,17.669637508737015,down_proj,32,csr_rowmajor,5,0.5000088110902255,0.4862811416387558,0.938939402641351
sparsegpt-u50,sparsegpt,unstructured,0.500006338266226,17.669637508737015,down_proj,32,dense,5,0.5000088110902255,0.45652203261852264,1.0
sparsegpt-u50,sparsegpt,unstructured,0.500006338266226,17.669637508737015,down_proj,128,csr,5,0.5000088110902255,4.653233662247658,0.12952939797980678
sparsegpt-u50,sparsegpt,unstructured,0.500006338266226,17.669637508737015,down_proj,128,csr_random,5,0.5000088110902255,4.618952050805092,0.13047343728870284
sparsegpt-u50,sparsegpt,unstructured,0.500006338266226,17.669637508737015,down_proj,128,csr_rowmajor,5,0.5000088110902255,3.843529149889946,0.15683219662509618
sparsegpt-u50,sparsegpt,unstructured,0.500006338266226,17.669637508737015,down_proj,128,dense,5,0.5000088110902255,0.6026457995176315,1.0
sparsegpt-u50,sparsegpt,unstructured,0.500006338266226,17.669637508737015,down_proj,512,csr,5,0.5000088110902255,18.325739726424217,0.14870878736645812
sparsegpt-u50,sparsegpt,unstructured,0.500006338266226,17.669637508737015,down_proj,512,csr_random,5,0.5000088110902255,18.31343024969101,0.1488103429819136
sparsegpt-u50,sparsegpt,unstructured,0.500006338266226,17.669637508737015,down_proj,512,csr_rowmajor,5,0.5000088110902255,13.954699784517288,0.19530650407516495
sparsegpt-u50,sparsegpt,unstructured,0.500006338266226,17.669637508737015,down_proj,512,dense,5,0.5000088110902255,2.7250785380601883,1.0
sparsegpt-u50,sparsegpt,unstructured,0.500006338266226,17.669637508737015,gate_proj,1,csr,5,0.5000023404458411,0.3157399594783783,0.1144892651522285
sparsegpt-u50,sparsegpt,unstructured,0.500006338266226,17.669637508737015,gate_proj,1,csr_random,5,0.5000023404458411,0.31628310680389404,0.11425890155166367
sparsegpt-u50,sparsegpt,unstructured,0.500006338266226,17.669637508737015,gate_proj,1,csr_rowmajor,5,0.5000023404458411,0.3130245953798294,0.1154796175476224
sparsegpt-u50,sparsegpt,unstructured,0.500006338266226,17.669637508737015,gate_proj,1,dense,5,0.5000023404458411,0.03613680601119995,1.0
sparsegpt-u50,sparsegpt,unstructured,0.500006338266226,17.669637508737015,gate_proj,8,csr,5,0.5000023404458411,0.2556458115577698,0.32426627288064713
sparsegpt-u50,sparsegpt,unstructured,0.500006338266226,17.669637508737015,gate_proj,8,csr_random,5,0.5000023404458411,0.25781020522117615,0.3212534954568539
sparsegpt-u50,sparsegpt,unstructured,0.500006338266226,17.669637508737015,gate_proj,8,csr_rowmajor,5,0.5000023404458411,0.2365604043006897,0.3504791761313845
sparsegpt-u50,sparsegpt,unstructured,0.500006338266226,17.669637508737015,gate_proj,8,dense,5,0.5000023404458411,0.08283555507659912,1.0
sparsegpt-u50,sparsegpt,unstructured,0.500006338266226,17.669637508737015,gate_proj,32,csr,5,0.5000023404458411,0.4923582077026367,0.92047430221706
sparsegpt-u50,sparsegpt,unstructured,0.500006338266226,17.669637508737015,gate_proj,32,csr_random,5,0.5000023404458411,0.4946652799844742,0.916196663700831
sparsegpt-u50,sparsegpt,unstructured,0.500006338266226,17.669637508737015,gate_proj,32,csr_rowmajor,5,0.5000023404458411,0.4539176821708679,0.9984168574610183
sparsegpt-u50,sparsegpt,unstructured,0.500006338266226,17.669637508737015,gate_proj,32,dense,5,0.5000023404458411,0.453181192278862,1.0
sparsegpt-u50,sparsegpt,unstructured,0.500006338266226,17.669637508737015,gate_proj,128,csr,5,0.5000023404458411,1.7400257289409637,0.42915859087154984
sparsegpt-u50,sparsegpt,unstructured,0.500006338266226,17.669637508737015,gate_proj,128,csr_random,5,0.5000023404458411,1.736876741051674,0.4299087001534983
sparsegpt-u50,sparsegpt,unstructured,0.500006338266226,17.669637508737015,gate_proj,128,csr_rowmajor,5,0.5000023404458411,1.637963205575943,0.455957953438308
sparsegpt-u50,sparsegpt,unstructured,0.500006338266226,17.669637508737015,gate_proj,128,dense,5,0.5000023404458411,0.7467068731784821,1.0
sparsegpt-u50,sparsegpt,unstructured,0.500006338266226,17.669637508737015,gate_proj,512,csr,5,0.5000023404458411,8.407687023282051,0.2651979413657763
sparsegpt-u50,sparsegpt,unstructured,0.500006338266226,17.669637508737015,gate_proj,512,csr_random,5,0.5000023404458411,8.417752757668495,0.264871451509243
sparsegpt-u50,sparsegpt,unstructured,0.500006338266226,17.669637508737015,gate_proj,512,csr_rowmajor,5,0.5000023404458411,7.4509259313344955,0.299266301737873
sparsegpt-u50,sparsegpt,unstructured,0.500006338266226,17.669637508737015,gate_proj,512,dense,5,0.5000023404458411,2.2295765578746796,1.0
sparsegpt-u50,sparsegpt,unstructured,0.500006338266226,17.669637508737015,k_proj,1,csr,5,0.50006103515625,0.03222525119781494,0.2119978108007454
sparsegpt-u50,sparsegpt,unstructured,0.500006338266226,17.669637508737015,k_proj,1,csr_random,5,0.50006103515625,0.03229603171348572,0.2115267652648507
sparsegpt-u50,sparsegpt,unstructured,0.500006338266226,17.669637508737015,k_proj,1,csr_rowmajor,5,0.50006103515625,0.03048516809940338,0.2240969629998501
sparsegpt-u50,sparsegpt,unstructured,0.500006338266226,17.669637508737015,k_proj,1,dense,5,0.50006103515625,0.006831437349319458,1.0
sparsegpt-u50,sparsegpt,unstructured,0.500006338266226,17.669637508737015,k_proj,8,csr,5,0.50006103515625,0.046437233686447144,0.3717817341491453
sparsegpt-u50,sparsegpt,unstructured,0.500006338266226,17.669637508737015,k_proj,8,csr_random,5,0.50006103515625,0.04658252000808716,0.37062423055413074
sparsegpt-u50,sparsegpt,unstructured,0.500006338266226,17.669637508737015,k_proj,8,csr_rowmajor,5,0.50006103515625,0.028343498706817627,0.6090942769968841
sparsegpt-u50,sparsegpt,unstructured,0.500006338266226,17.669637508737015,k_proj,8,dense,5,0.50006103515625,0.017263740301132202,1.0
sparsegpt-u50,sparsegpt,unstructured,0.500006338266226,17.669637508737015,k_proj,32,csr,5,0.50006103515625,0.07424987852573395,0.29406124718970517
sparsegpt-u50,sparsegpt,unstructured,0.500006338266226,17.669637508737015,k_proj,32,csr_random,5,0.50006103515625,0.07420703768730164,0.2942168845912098
sparsegpt-u50,sparsegpt,unstructured,0.500006338266226,17.669637508737015,k_proj,32,csr_rowmajor,5,0.50006103515625,0.03302767872810364,0.6610726521717089
sparsegpt-u50,sparsegpt,unstructured,0.500006338266226,17.669637508737015,k_proj,32,dense,5,0.50006103515625,0.021832436323165894,1.0
sparsegpt-u50,sparsegpt,unstructured,0.500006338266226,17.669637508737015,k_proj,128,csr,5,0.50006103515625,0.23408904671669006,0.1878121400056433
sparsegpt-u50,sparsegpt,unstructured,0.500006338266226,17.669637508737015,k_proj,128,csr_random,5,0.50006103515625,0.23579522967338562,0.1864878900825907
sparsegpt-u50,sparsegpt,unstructured,0.500006338266226,17.669637508737015,k_proj,128,csr_rowmajor,5,0.50006103515625,0.07080994546413422,0.6210484172337422
sparsegpt-u50,sparsegpt,unstructured,0.500006338266226,17.669637508737015,k_proj,128,dense,5,0.50006103515625,0.04396066069602966,1.0
sparsegpt-u50,sparsegpt,unstructured,0.500006338266226,17.669637508737015,k_proj,512,csr,5,0.50006103515625,0.9653985500335693,0.10574663325216983
sparsegpt-u50,sparsegpt,unstructured,0.500006338266226,17.669637508737015,k_proj,512,csr_random,5,0.50006103515625,0.9729497134685516,0.10492781829738425
sparsegpt-u50,sparsegpt,unstructured,0.500006338266226,17.669637508737015,k_proj,512,csr_rowmajor,5,0.50006103515625,0.2583347260951996,0.3974019419562658
sparsegpt-u50,sparsegpt,unstructured,0.500006338266226,17.669637508737015,k_proj,512,dense,5,0.50006103515625,0.1020975410938263,1.0
sparsegpt-u50,sparsegpt,unstructured,0.500006338266226,17.669637508737015,o_proj,1,csr,5,0.5000099649234694,0.06461590528488159,0.1777295337948706
sparsegpt-u50,sparsegpt,unstructured,0.500006338266226,17.669637508737015,o_proj,1,csr_random,5,0.5000099649234694,0.06475187838077545,0.1773511727687168
sparsegpt-u50,sparsegpt,unstructured,0.500006338266226,17.669637508737015,o_proj,1,csr_rowmajor,5,0.5000099649234694,0.06280094385147095,0.18286334873674212
sparsegpt-u50,sparsegpt,unstructured,0.500006338266226,17.669637508737015,o_proj,1,dense,5,0.5000099649234694,0.011483579874038696,1.0
sparsegpt-u50,sparsegpt,unstructured,0.500006338266226,17.669637508737015,o_proj,8,csr,5,0.5000099649234694,0.06352178752422333,1.1589721916237163
sparsegpt-u50,sparsegpt,unstructured,0.500006338266226,17.669637508737015,o_proj,8,csr_random,5,0.5000099649234694,0.06373487412929535,1.1550761010334762
sparsegpt-u50,sparsegpt,unstructured,0.500006338266226,17.669637508737015,o_proj,8,csr_rowmajor,5,0.5000099649234694,0.044849514961242676,1.6414661336217689
sparsegpt-u50,sparsegpt,unstructured,0.500006338266226,17.669637508737015,o_proj,8,dense,5,0.5000099649234694,0.07361695170402527,1.0
sparsegpt-u50,sparsegpt,unstructured,0.500006338266226,17.669637508737015,o_proj,32,csr,5,0.5000099649234694,0.1339901238679886,0.6924282363965183
sparsegpt-u50,sparsegpt,unstructured,0.500006338266226,17.669637508737015,o_proj,32,csr_random,5,0.5000099649234694,0.13457685708999634,0.6893894921840132
sparsegpt-u50,sparsegpt,unstructured,0.500006338266226,17.669637508737015,o_proj,32,csr_rowmajor,5,0.5000099649234694,0.09103268384933472,1.019155738816615
sparsegpt-u50,sparsegpt,unstructured,0.500006338266226,17.669637508737015,o_proj,32,dense,5,0.5000099649234694,0.09277425706386566,1.0
sparsegpt-u50,sparsegpt,unstructured,0.500006338266226,17.669637508737015,o_proj,128,csr,5,0.5000099649234694,0.4632573574781418,0.36575257421672236
sparsegpt-u50,sparsegpt,unstructured,0.500006338266226,17.669637508737015,o_proj,128,csr_random,5,0.5000099649234694,0.4652310162782669,0.3641945730478702
sparsegpt-u50,sparsegpt,unstructured,0.500006338266226,17.669637508737015,o_proj,128,csr_rowmajor,5,0.5000099649234694,0.29932186007499695,0.5660566612740874
sparsegpt-u50,sparsegpt,unstructured,0.500006338266226,17.669637508737015,o_proj,128,dense,5,0.5000099649234694,0.1694314181804657,1.0
sparsegpt-u50,sparsegpt,unstructured,0.500006338266226,17.669637508737015,o_proj,512,csr,5,0.5000099649234694,2.147805690765381,0.20726684177768345
sparsegpt-u50,sparsegpt,unstructured,0.500006338266226,17.669637508737015,o_proj,512,csr_random,5,0.5000099649234694,2.1553315222263336,0.20615458321696928
sparsegpt-u50,sparsegpt,unstructured,0.500006338266226,17.669637508737015,o_proj,512,csr_rowmajor,5,0.5000099649234694,1.433657854795456,0.30812926186427636
sparsegpt-u50,sparsegpt,unstructured,0.500006338266226,17.669637508737015,o_proj,512,dense,5,0.5000099649234694,0.44046491384506226,1.0
sparsegpt-u50,sparsegpt,unstructured,0.500006338266226,17.669637508737015,q_proj,1,csr,5,0.5000092175542091,0.06433278322219849,0.1779510733030166
sparsegpt-u50,sparsegpt,unstructured,0.500006338266226,17.669637508737015,q_proj,1,csr_random,5,0.5000092175542091,0.06437785923480988,0.1778298478851926
sparsegpt-u50,sparsegpt,unstructured,0.500006338266226,17.669637508737015,q_proj,1,csr_rowmajor,5,0.5000092175542091,0.0625409185886383,0.1830505852714411
sparsegpt-u50,sparsegpt,unstructured,0.500006338266226,17.669637508737015,q_proj,1,dense,5,0.5000092175542091,0.011447817087173462,1.0
sparsegpt-u50,sparsegpt,unstructured,0.500006338266226,17.669637508737015,q_proj,8,csr,5,0.5000092175542091,0.06359927356243134,1.1583000673432569
sparsegpt-u50,sparsegpt,unstructured,0.500006338266226,17.669637508737015,q_proj,8,csr_random,5,0.5000092175542091,0.06400495767593384,1.1509614590762305
sparsegpt-u50,sparsegpt,unstructured,0.500006338266226,17.669637508737015,q_proj,8,csr_rowmajor,5,0.5000092175542091,0.04489719867706299,1.6407359541680946
sparsegpt-u50,sparsegpt,unstructured,0.500006338266226,17.669637508737015,q_proj,8,dense,5,0.5000092175542091,0.07366389036178589,1.0
sparsegpt-u50,sparsegpt,unstructured,0.500006338266226,17.669637508737015,q_proj,32,csr,5,0.5000092175542091,0.13399720191955566,0.6927007076217593
sparsegpt-u50,sparsegpt,unstructured,0.500006338266226,17.669637508737015,q_proj,32,csr_random,5,0.5000092175542091,0.13454295694828033,0.6898889862776869
sparsegpt-u50,sparsegpt,unstructured,0.500006338266226,17.669637508737015,q_proj,32,csr_rowmajor,5,0.5000092175542091,0.09125471115112305,1.0171709997576084
sparsegpt-u50,sparsegpt,unstructured,0.500006338266226,17.669637508737015,q_proj,32,dense,5,0.5000092175542091,0.09281933307647705,1.0
sparsegpt-u50,sparsegpt,unstructured,0.500006338266226,17.669637508737015,q_proj,128,csr,5,0.5000092175542091,0.4594877362251282,0.36862852890966097
sparsegpt-u50,sparsegpt,unstructured,0.500006338266226,17.669637508737015,q_proj,128,csr_random,5,0.5000092175542091,0.46041645109653473,0.36788347364605206
sparsegpt-u50,sparsegpt,unstructured,0.500006338266226,17.669637508737015,q_proj,128,csr_rowmajor,5,0.5000092175542091,0.29174908995628357,0.581259025401098
sparsegpt-u50,sparsegpt,unstructured,0.500006338266226,17.669637508737015,q_proj,128,dense,5,0.5000092175542091,0.16933530569076538,1.0
sparsegpt-u50,sparsegpt,unstructured,0.500006338266226,17.669637508737015,q_proj,512,csr,5,0.5000092175542091,2.228451147675514,0.1994162511465244
sparsegpt-u50,sparsegpt,unstructured,0.500006338266226,17.669637508737015,q_proj,512,csr_random,5,0.5000092175542091,2.221294119954109,0.20063942769148305
sparsegpt-u50,sparsegpt,unstructured,0.500006338266226,17.669637508737015,q_proj,512,csr_rowmajor,5,0.5000092175542091,1.5658944845199585,0.28118876263695397
sparsegpt-u50,sparsegpt,unstructured,0.500006338266226,17.669637508737015,q_proj,512,dense,5,0.5000092175542091,0.4400581121444702,1.0
sparsegpt-u50,sparsegpt,unstructured,0.500006338266226,17.669637508737015,up_proj,1,csr,5,0.5000031205944548,0.3220345824956894,0.11115353486700096
sparsegpt-u50,sparsegpt,unstructured,0.500006338266226,17.669637508737015,up_proj,1,csr_random,5,0.5000031205944548,0.31564123928546906,0.11331245030371855
sparsegpt-u50,sparsegpt,unstructured,0.500006338266226,17.669637508737015,up_proj,1,csr_rowmajor,5,0.5000031205944548,0.31893663108348846,0.11222841995053252
sparsegpt-u50,sparsegpt,unstructured,0.500006338266226,17.669637508737015,up_proj,1,dense,5,0.5000031205944548,0.03575906157493591,1.0
sparsegpt-u50,sparsegpt,unstructured,0.500006338266226,17.669637508737015,up_proj,8,csr,5,0.5000031205944548,0.26879794895648956,0.30549093074360995
sparsegpt-u50,sparsegpt,unstructured,0.500006338266226,17.669637508737015,up_proj,8,csr_random,5,0.5000031205944548,0.2598535269498825,0.31474260861342734
sparsegpt-u50,sparsegpt,unstructured,0.500006338266226,17.669637508737015,up_proj,8,csr_rowmajor,5,0.5000031205944548,0.24813152849674225,0.33090016430359664
sparsegpt-u50,sparsegpt,unstructured,0.500006338266226,17.669637508737015,up_proj,8,dense,5,0.5000031205944548,0.08166879415512085,1.0
sparsegpt-u50,sparsegpt,unstructured,0.500006338266226,17.669637508737015,up_proj,32,csr,5,0.5000031205944548,0.500098243355751,0.9062692941694135
sparsegpt-u50,sparsegpt,unstructured,0.500006338266226,17.669637508737015,up_proj,32,csr_random,5,0.5000031205944548,0.49703381955623627,0.9117179162361392
sparsegpt-u50,sparsegpt,unstructured,0.500006338266226,17.669637508737015,up_proj,32,csr_rowmajor,5,0.5000031205944548,0.4589248448610306,0.9875257080525451
sparsegpt-u50,sparsegpt,unstructured,0.500006338266226,17.669637508737015,up_proj,32,dense,5,0.5000031205944548,0.45314542949199677,1.0
sparsegpt-u50,sparsegpt,unstructured,0.500006338266226,17.669637508737015,up_proj,128,csr,5,0.5000031205944548,1.7315004020929337,0.42825703514233654
sparsegpt-u50,sparsegpt,unstructured,0.500006338266226,17.669637508737015,up_proj,128,csr_random,5,0.5000031205944548,1.7326869070529938,0.427962952753742
sparsegpt-u50,sparsegpt,unstructured,0.500006338266226,17.669637508737015,up_proj,128,csr_rowmajor,5,0.5000031205944548,1.6428414732217789,0.45137120803276387
sparsegpt-u50,sparsegpt,unstructured,0.500006338266226,17.669637508737015,up_proj,128,dense,5,0.5000031205944548,0.7415194064378738,1.0
sparsegpt-u50,sparsegpt,unstructured,0.500006338266226,17.669637508737015,up_proj,512,csr,5,0.5000031205944548,8.308733627200127,0.2681853333940203
sparsegpt-u50,sparsegpt,unstructured,0.500006338266226,17.669637508737015,up_proj,512,csr_random,5,0.5000031205944548,8.311137557029724,0.2680826331849287
sparsegpt-u50,sparsegpt,unstructured,0.500006338266226,17.669637508737015,up_proj,512,csr_rowmajor,5,0.5000031205944548,7.623212039470673,0.29277224669073215
sparsegpt-u50,sparsegpt,unstructured,0.500006338266226,17.669637508737015,up_proj,512,dense,5,0.5000031205944548,2.227228507399559,1.0
sparsegpt-u50,sparsegpt,unstructured,0.500006338266226,17.669637508737015,v_proj,1,csr,5,0.50006103515625,0.03230273723602295,0.21187447230015394
sparsegpt-u50,sparsegpt,unstructured,0.500006338266226,17.669637508737015,v_proj,1,csr_random,5,0.50006103515625,0.03238841891288757,0.21131461379312996
sparsegpt-u50,sparsegpt,unstructured,0.500006338266226,17.669637508737015,v_proj,1,csr_rowmajor,5,0.50006103515625,0.030604004859924316,0.2236369808869194
sparsegpt-u50,sparsegpt,unstructured,0.500006338266226,17.669637508737015,v_proj,1,dense,5,0.50006103515625,0.0068441033363342285,1.0
sparsegpt-u50,sparsegpt,unstructured,0.500006338266226,17.669637508737015,v_proj,8,csr,5,0.50006103515625,0.04718676209449768,0.36562743390929375
sparsegpt-u50,sparsegpt,unstructured,0.500006338266226,17.669637508737015,v_proj,8,csr_random,5,0.50006103515625,0.047279149293899536,0.3648964873246891
sparsegpt-u50,sparsegpt,unstructured,0.500006338266226,17.669637508737015,v_proj,8,csr_rowmajor,5,0.50006103515625,0.02826303243637085,0.6103111417056336
sparsegpt-u50,sparsegpt,unstructured,0.500006338266226,17.669637508737015,v_proj,8,dense,5,0.50006103515625,0.017248839139938354,1.0
sparsegpt-u50,sparsegpt,unstructured,0.500006338266226,17.669637508737015,v_proj,32,csr,5,0.50006103515625,0.07393024861812592,0.29527330951610814
sparsegpt-u50,sparsegpt,unstructured,0.500006338266226,17.669637508737015,v_proj,32,csr_random,5,0.50006103515625,0.0742495059967041,0.29400391988326485
sparsegpt-u50,sparsegpt,unstructured,0.500006338266226,17.669637508737015,v_proj,32,csr_rowmajor,5,0.50006103515625,0.03303885459899902,0.6607373299157026
sparsegpt-u50,sparsegpt,unstructured,0.500006338266226,17.669637508737015,v_proj,32,dense,5,0.50006103515625,0.021829456090927124,1.0
sparsegpt-u50,sparsegpt,unstructured,0.500006338266226,17.669637508737015,v_proj,128,csr,5,0.50006103515625,0.23225508630275726,0.18862214526841187
sparsegpt-u50,sparsegpt,unstructured,0.500006338266226,17.669637508737015,v_proj,128,csr_random,5,0.50006103515625,0.23322179913520813,0.1878179947041961
sparsegpt-u50,sparsegpt,unstructured,0.500006338266226,17.669637508737015,v_proj,128,csr_rowmajor,5,0.50006103515625,0.06846785545349121,0.6403052294291047
sparsegpt-u50,sparsegpt,unstructured,0.500006338266226,17.669637508737015,v_proj,128,dense,5,0.50006103515625,0.04379972815513611,1.0
sparsegpt-u50,sparsegpt,unstructured,0.500006338266226,17.669637508737015,v_proj,512,csr,5,0.50006103515625,0.9613752365112305,0.10602982430655543
sparsegpt-u50,sparsegpt,unstructured,0.500006338266226,17.669637508737015,v_proj,512,csr_random,5,0.50006103515625,0.9700678288936615,0.10507164879890266
sparsegpt-u50,sparsegpt,unstructured,0.500006338266226,17.669637508737015,v_proj,512,csr_rowmajor,5,0.50006103515625,0.2501972019672394,0.4093077414435508
sparsegpt-u50,sparsegpt,unstructured,0.500006338266226,17.669637508737015,v_proj,512,dense,5,0.50006103515625,0.10192506015300751,1.0
sparsegpt-u60,sparsegpt,unstructured,0.600003188695663,34.05566221009324,down_proj,1,csr,5,0.6000020192081768,0.278493738733232,0.13810375331779995
sparsegpt-u60,sparsegpt,unstructured,0.600003188695663,34.05566221009324,down_proj,1,csr_random,5,0.6000020192081768,0.2790999598801136,0.13779444675714436
sparsegpt-u60,sparsegpt,unstructured,0.600003188695663,34.05566221009324,down_proj,1,csr_rowmajor,5,0.6000020192081768,0.27530735824257135,0.1396933039961982
sparsegpt-u60,sparsegpt,unstructured,0.600003188695663,34.05566221009324,down_proj,1,dense,5,0.6000020192081768,0.03845319151878357,1.0
sparsegpt-u60,sparsegpt,unstructured,0.600003188695663,34.05566221009324,down_proj,8,csr,5,0.6000020192081768,0.259641045704484,0.5005501669901595
sparsegpt-u60,sparsegpt,unstructured,0.600003188695663,34.05566221009324,down_proj,8,csr_random,5,0.6000020192081768,0.26026784908026457,0.4993255965936816
sparsegpt-u60,sparsegpt,unstructured,0.600003188695663,34.05566221009324,down_proj,8,csr_rowmajor,5,0.6000020192081768,0.1836344599723816,0.7078595816058889
sparsegpt-u60,sparsegpt,unstructured,0.600003188695663,34.05566221009324,down_proj,8,dense,5,0.6000020192081768,0.12994245626032352,1.0
sparsegpt-u60,sparsegpt,unstructured,0.600003188695663,34.05566221009324,down_proj,32,csr,5,0.6000020192081768,0.5478071281686425,0.833638287586929
sparsegpt-u60,sparsegpt,unstructured,0.600003188695663,34.05566221009324,down_proj,32,csr_random,5,0.6000020192081768,0.551139866001904,0.8285954451940316
sparsegpt-u60,sparsegpt,unstructured,0.600003188695663,34.05566221009324,down_proj,32,csr_rowmajor,5,0.6000020192081768,0.365044130012393,1.2510184888680003
sparsegpt-u60,sparsegpt,unstructured,0.600003188695663,34.05566221009324,down_proj,32,dense,5,0.6000020192081768,0.45666913501918316,1.0
sparsegpt-u60,sparsegpt,unstructured,0.600003188695663,34.05566221009324,down_proj,128,csr,5,0.6000020192081768,3.1059596687555313,0.19281902579556598
sparsegpt-u60,sparsegpt,unstructured,0.600003188695663,34.05566221009324,down_proj,128,csr_random,5,0.6000020192081768,3.008157294243574,0.19905122145465864
sparsegpt-u60,sparsegpt,unstructured,0.600003188695663,34.05566221009324,down_proj,128,csr_rowmajor,5,0.6000020192081768,2.2785440320149064,0.26359023271451487
sparsegpt-u60,sparsegpt,unstructured,0.600003188695663,34.05566221009324,down_proj,128,dense,5,0.6000020192081768,0.5985021125525236,1.0
sparsegpt-u60,sparsegpt,unstructured,0.600003188695663,34.05566221009324,down_proj,512,csr,5,0.6000020192081768,14.04254122171551,0.19188490383233137
sparsegpt-u60,sparsegpt,unstructured,0.600003188695663,34.05566221009324,down_proj,512,csr_random,5,0.6000020192081768,13.970613712444901,0.19287392720214425
sparsegpt-u60,sparsegpt,unstructured,0.600003188695663,34.05566221009324,down_proj,512,csr_rowmajor,5,0.6000020192081768,9.896340523846447,0.2722454050253103
sparsegpt-u60,sparsegpt,unstructured,0.600003188695663,34.05566221009324,down_proj,512,dense,5,0.6000020192081768,2.694053575396538,1.0
sparsegpt-u60,sparsegpt,unstructured,0.600003188695663,34.05566221009324,gate_proj,1,csr,5,0.6000027534656955,0.2436434617266059,0.15419773318173277
sparsegpt-u60,sparsegpt,unstructured,0.600003188695663,34.05566221009324,gate_proj,1,csr_random,5,0.6000027534656955,0.2428950509056449,0.15467697091077157
sparsegpt-u60,sparsegpt,unstructured,0.600003188695663,34.05566221009324,gate_proj,1,csr_rowmajor,5,0.6000027534656955,0.2413360634818673,0.15567436095860712
sparsegpt-u60,sparsegpt,unstructured,0.600003188695663,34.05566221009324,gate_proj,1,dense,5,0.6000027534656955,0.03756564110517502,1.0
sparsegpt-u60,sparsegpt,unstructured,0.600003188695663,34.05566221009324,gate_proj,8,csr,5,0.6000027534656955,0.19606398418545723,0.467056164197247
sparsegpt-u60,sparsegpt,unstructured,0.600003188695663,34.05566221009324,gate_proj,8,csr_random,5,0.6000027534656955,0.19508539699018002,0.4693780763354716
sparsegpt-u60,sparsegpt,unstructured,0.600003188695663,34.05566221009324,gate_proj,8,csr_rowmajor,5,0.6000027534656955,0.1775584416463971,0.5157352873423934
sparsegpt-u60,sparsegpt,unstructured,0.600003188695663,34.05566221009324,gate_proj,8,dense,5,0.6000027534656955,0.09156148880720139,1.0
sparsegpt-u60,sparsegpt,unstructured,0.600003188695663,34.05566221009324,gate_proj,32,csr,5,0.6000027534656955,0.388417299836874,1.1668507501959522
sparsegpt-u60,sparsegpt,unstructured,0.600003188695663,34.05566221009324,gate_proj,32,csr_random,5,0.6000027534656955,0.3896463895216584,1.16316751192589
sparsegpt-u60,sparsegpt,unstructured,0.600003188695663,34.05566221009324,gate_proj,32,csr_rowmajor,5,0.6000027534656955,0.3512315917760134,1.290376202668288
sparsegpt-u60,sparsegpt,unstructured,0.600003188695663,34.05566221009324,gate_proj,32,dense,5,0.6000027534656955,0.4532204708084464,1.0
sparsegpt-u60,sparsegpt,unstructured,0.600003188695663,34.05566221009324,gate_proj,128,csr,5,0.6000027534656955,1.3222184497863054,0.5534159627099496
sparsegpt-u60,sparsegpt,unstructured,0.600003188695663,34.05566221009324,gate_proj,128,csr_random,5,0.6000027534656955,1.3213651021942496,0.5537710378750959
sparsegpt-u60,sparsegpt,unstructured,0.600003188695663,34.05566221009324,gate_proj,128,csr_rowmajor,5,0.6000027534656955,1.2345718685537577,0.5926184553589804
sparsegpt-u60,sparsegpt,unstructured,0.600003188695663,34.05566221009324,gate_proj,128,dense,5,0.6000027534656955,0.7308974862098694,1.0
sparsegpt-u60,sparsegpt,unstructured,0.600003188695663,34.05566221009324,gate_proj,512,csr,5,0.6000027534656955,6.542985467240214,0.33864019969911585
sparsegpt-u60,sparsegpt,unstructured,0.600003188695663,34.05566221009324,gate_proj,512,csr_random,5,0.6000027534656955,6.556668691337109,0.3380394497727105
sparsegpt-u60,sparsegpt,unstructured,0.600003188695663,34.05566221009324,gate_proj,512,csr_rowmajor,5,0.6000027534656955,5.730482749640942,0.3864921562579664
sparsegpt-u60,sparsegpt,unstructured,0.600003188695663,34.05566221009324,gate_proj,512,dense,5,0.6000027534656955,2.2135336184874177,1.0
sparsegpt-u60,sparsegpt,unstructured,0.600003188695663,34.05566221009324,k_proj,1,csr,5,0.6000383649553571,0.0282566761597991,0.2431147633617964
sparsegpt-u60,sparsegpt,unstructured,0.600003188695663,34.05566221009324,k_proj,1,csr_random,5,0.6000383649553571,0.028150039725005627,0.24403856571019225
sparsegpt-u60,sparsegpt,unstructured,0.600003188695663,34.05566221009324,k_proj,1,csr_rowmajor,5,0.6000383649553571,0.02651240210980177,0.2591105811051979
sparsegpt-u60,sparsegpt,unstructured,0.600003188695663,34.05566221009324,k_proj,1,dense,5,0.6000383649553571,0.006869575008749962,1.0
sparsegpt-u60,sparsegpt,unstructured,0.600003188695663,34.05566221009324,k_proj,8,csr,5,0.6000383649553571,0.04263739101588726,0.4023243049596808
sparsegpt-u60,sparsegpt,unstructured,0.600003188695663,34.05566221009324,k_proj,8,csr_random,5,0.6000383649553571,0.04279946442693472,0.400791546427226
sparsegpt-u60,sparsegpt,unstructured,0.600003188695663,34.05566221009324,k_proj,8,csr_rowmajor,5,0.6000383649553571,0.024164258502423763,0.7098684691234707
sparsegpt-u60,sparsegpt,unstructured,0.600003188695663,34.05566221009324,k_proj,8,dense,5,0.6000383649553571,0.017153099179267883,1.0
sparsegpt-u60,sparsegpt,unstructured,0.600003188695663,34.05566221009324,k_proj,32,csr,5,0.6000383649553571,0.07029338739812374,0.3072031154108459
sparsegpt-u60,sparsegpt,unstructured,0.600003188695663,34.05566221009324,k_proj,32,csr_random,5,0.6000383649553571,0.07027431856840849,0.3072727350947839
sparsegpt-u60,sparsegpt,unstructured,0.600003188695663,34.05566221009324,k_proj,32,csr_rowmajor,5,0.6000383649553571,0.028452742844820023,0.7590040193078763
sparsegpt-u60,sparsegpt,unstructured,0.600003188695663,34.05566221009324,k_proj,32,dense,5,0.6000383649553571,0.021592620760202408,1.0
sparsegpt-u60,sparsegpt,unstructured,0.600003188695663,34.05566221009324,k_proj,128,csr,5,0.6000383649553571,0.22408515214920044,0.1959938366237072
sparsegpt-u60,sparsegpt,unstructured,0.600003188695663,34.05566221009324,k_proj,128,csr_random,5,0.6000383649553571,0.22469281684607267,0.19545727646729566
sparsegpt-u60,sparsegpt,unstructured,0.600003188695663,34.05566221009324,k_proj,128,csr_rowmajor,5,0.6000383649553571,0.05642739124596119,0.7787084949347436
sparsegpt-u60,sparsegpt,unstructured,0.600003188695663,34.05566221009324,k_proj,128,dense,5,0.6000383649553571,0.04391702823340893,1.0
sparsegpt-u60,sparsegpt,unstructured,0.600003188695663,34.05566221009324,k_proj,512,csr,5,0.6000383649553571,0.9271385846659541,0.11431489330039012
sparsegpt-u60,sparsegpt,unstructured,0.600003188695663,34.05566221009324,k_proj,512,csr_random,5,0.6000383649553571,0.9058912051841617,0.11716330436923013
sparsegpt-u60,sparsegpt,unstructured,0.600003188695663,34.05566221009324,k_proj,512,csr_rowmajor,5,0.6000383649553571,0.21337366197258234,0.4990188513572828
sparsegpt-u60,sparsegpt,unstructured,0.600003188695663,34.05566221009324,k_proj,512,dense,5,0.6000383649553571,0.10594858322292566,1.0
sparsegpt-u60,sparsegpt,unstructured,0.600003188695663,34.05566221009324,o_proj,1,csr,5,0.6000029894770409,0.05844079423695803,0.19422962927263468
sparsegpt-u60,sparsegpt,unstructured,0.600003188695663,34.05566221009324,o_proj,1,csr_random,5,0.6000029894770409,0.058048637583851814,0.19554076849719637
sparsegpt-u60,sparsegpt,unstructured,0.600003188695663,34.05566221009324,o_proj,1,csr_rowmajor,5,0.6000029894770409,0.05661800969392061,0.20050875450337766
sparsegpt-u60,sparsegpt,unstructured,0.600003188695663,34.05566221009324,o_proj,1,dense,5,0.6000029894770409,0.011348025873303413,1.0
sparsegpt-u60,sparsegpt,unstructured,0.600003188695663,34.05566221009324,o_proj,8,csr,5,0.6000029894770409,0.06063571199774742,1.2127698146504293
sparsegpt-u60,sparsegpt,unstructured,0.600003188695663,34.05566221009324,o_proj,8,csr_random,5,0.6000029894770409,0.0608926871791482,1.2076879411698793
sparsegpt-u60,sparsegpt,unstructured,0.600003188695663,34.05566221009324,o_proj,8,csr_rowmajor,5,0.6000029894770409,0.041980016976594925,1.7516104295120285
sparsegpt-u60,sparsegpt,unstructured,0.600003188695663,34.05566221009324,o_proj,8,dense,5,0.6000029894770409,0.07353073451668024,1.0
sparsegpt-u60,sparsegpt,unstructured,0.600003188695663,34.05566221009324,o_proj,32,csr,5,0.6000029894770409,0.12397374957799911,0.7485014209705072
sparsegpt-u60,sparsegpt,unstructured,0.600003188695663,34.05566221009324,o_proj,32,csr_random,5,0.6000029894770409,0.12406501919031143,0.7478990741820459
sparsegpt-u60,sparsegpt,unstructured,0.600003188695663,34.05566221009324,o_proj,32,csr_rowmajor,5,0.6000029894770409,0.07972582243382931,1.1639272306395427
sparsegpt-u60,sparsegpt,unstructured,0.600003188695663,34.05566221009324,o_proj,32,dense,5,0.6000029894770409,0.09278629440814257,1.0
sparsegpt-u60,sparsegpt,unstructured,0.600003188695663,34.05566221009324,o_proj,128,csr,5,0.6000029894770409,0.4104980733245611,0.4149399419390782
sparsegpt-u60,sparsegpt,unstructured,0.600003188695663,34.05566221009324,o_proj,128,csr_random,5,0.6000029894770409,0.4121823934838176,0.4132378118695125
sparsegpt-u60,sparsegpt,unstructured,0.600003188695663,34.05566221009324,o_proj,128,csr_rowmajor,5,0.6000029894770409,0.2354105468839407,0.7240455708302624
sparsegpt-u60,sparsegpt,unstructured,0.600003188695663,34.05566221009324,o_proj,128,dense,5,0.6000029894770409,0.170249049551785,1.0
sparsegpt-u60,sparsegpt,unstructured,0.600003188695663,34.05566221009324,o_proj,512,csr,5,0.6000029894770409,1.6691553639248013,0.26193795782170765
sparsegpt-u60,sparsegpt,unstructured,0.600003188695663,34.05566221009324,o_proj,512,csr_random,5,0.6000029894770409,1.6951682744547725,0.25797299027544635
sparsegpt-u60,sparsegpt,unstructured,0.600003188695663,34.05566221009324,o_proj,512,csr_rowmajor,5,0.6000029894770409,1.1628213105723262,0.3780506193545775
sparsegpt-u60,sparsegpt,unstructured,0.600003188695663,34.05566221009324,o_proj,512,dense,5,0.6000029894770409,0.43716379441320896,1.0
sparsegpt-u60,sparsegpt,unstructured,0.600003188695663,34.05566221009324,q_proj,1,csr,5,0.6000027403539542,0.05772877484560013,0.19676177613009388
sparsegpt-u60,sparsegpt,unstructured,0.600003188695663,34.05566221009324,q_proj,1,csr_random,5,0.6000027403539542,0.05771750584244728,0.19679856800260376
sparsegpt-u60,sparsegpt,unstructured,0.600003188695663,34.05566221009324,q_proj,1,csr_rowmajor,5,0.6000027403539542,0.055672787129879,0.20402803497101082
sparsegpt-u60,sparsegpt,unstructured,0.600003188695663,34.05566221009324,q_proj,1,dense,5,0.6000027403539542,0.011357013136148453,1.0
sparsegpt-u60,sparsegpt,unstructured,0.600003188695663,34.05566221009324,q_proj,8,csr,5,0.6000027403539542,0.060964981094002724,1.2070451023076862
sparsegpt-u60,sparsegpt,unstructured,0.600003188695663,34.05566221009324,q_proj,8,csr_random,5,0.6000027403539542,0.06092048715800047,1.207899632428342
sparsegpt-u60,sparsegpt,unstructured,0.600003188695663,34.05566221009324,q_proj,8,csr_rowmajor,5,0.6000027403539542,0.04188846796751022,1.7566594376979665
sparsegpt-u60,sparsegpt,unstructured,0.600003188695663,34.05566221009324,q_proj,8,dense,5,0.6000027403539542,0.07358349394053221,1.0
sparsegpt-u60,sparsegpt,unstructured,0.600003188695663,34.05566221009324,q_proj,32,csr,5,0.6000027403539542,0.1241516089066863,0.7486885375269864
sparsegpt-u60,sparsegpt,unstructured,0.600003188695663,34.05566221009324,q_proj,32,csr_random,5,0.6000027403539542,0.1235483679920435,0.7523400246082809
sparsegpt-u60,sparsegpt,unstructured,0.600003188695663,34.05566221009324,q_proj,32,csr_rowmajor,5,0.6000027403539542,0.08016950450837612,1.1594744487912236
sparsegpt-u60,sparsegpt,unstructured,0.600003188695663,34.05566221009324,q_proj,32,dense,5,0.6000027403539542,0.09294957853853703,1.0
sparsegpt-u60,sparsegpt,unstructured,0.600003188695663,34.05566221009324,q_proj,128,csr,5,0.6000027403539542,0.40646158158779144,0.41903630618048393
sparsegpt-u60,sparsegpt,unstructured,0.600003188695663,34.05566221009324,q_proj,128,csr_random,5,0.6000027403539542,0.40811812505126,0.4173612116262706
sparsegpt-u60,sparsegpt,unstructured,0.600003188695663,34.05566221009324,q_proj,128,csr_rowmajor,5,0.6000027403539542,0.2308964030817151,0.7372851055413197
sparsegpt-u60,sparsegpt,unstructured,0.600003188695663,34.05566221009324,q_proj,128,dense,5,0.6000027403539542,0.1702313544228673,1.0
sparsegpt-u60,sparsegpt,unstructured,0.600003188695663,34.05566221009324,q_proj,512,csr,5,0.6000027403539542,1.7823196481913328,0.24519088330889166
sparsegpt-u60,sparsegpt,unstructured,0.600003188695663,34.05566221009324,q_proj,512,csr_random,5,0.6000027403539542,1.7606795998290181,0.2480750823921969
sparsegpt-u60,sparsegpt,unstructured,0.600003188695663,34.05566221009324,q_proj,512,csr_rowmajor,5,0.6000027403539542,1.1887234868481755,0.36773147395427713
sparsegpt-u60,sparsegpt,unstructured,0.600003188695663,34.05566221009324,q_proj,512,dense,5,0.6000027403539542,0.43677210342139006,1.0
sparsegpt-u60,sparsegpt,unstructured,0.600003188695663,34.05566221009324,up_proj,1,csr,5,0.6000032582677397,0.2421997720375657,0.1530684482751023
sparsegpt-u60,sparsegpt,unstructured,0.600003188695663,34.05566221009324,up_proj,1,csr_random,5,0.6000032582677397,0.24285288527607918,0.15267085297571392
sparsegpt-u60,sparsegpt,unstructured,0.600003188695663,34.05566221009324,up_proj,1,csr_rowmajor,5,0.6000032582677397,0.23964312858879566,0.15470377963408602
sparsegpt-u60,sparsegpt,unstructured,0.600003188695663,34.05566221009324,up_proj,1,dense,5,0.6000032582677397,0.037075020372867584,1.0
sparsegpt-u60,sparsegpt,unstructured,0.600003188695663,34.05566221009324,up_proj,8,csr,5,0.6000032582677397,0.19470085389912128,0.46119004709803035
sparsegpt-u60,sparsegpt,unstructured,0.600003188695663,34.05566221009324,up_proj,8,csr_random,5,0.6000032582677397,0.19499885383993387,0.4605999781922804
sparsegpt-u60,sparsegpt,unstructured,0.600003188695663,34.05566221009324,up_proj,8,csr_rowmajor,5,0.6000032582677397,0.17663780599832535,0.5083663274385491
sparsegpt-u60,sparsegpt,unstructured,0.600003188695663,34.05566221009324,up_proj,8,dense,5,0.6000032582677397,0.08980380371212959,1.0
sparsegpt-u60,sparsegpt,unstructured,0.600003188695663,34.05566221009324,up_proj,32,csr,5,0.6000032582677397,0.38890824653208256,1.164973835968003
sparsegpt-u60,sparsegpt,unstructured,0.600003188695663,34.05566221009324,up_proj,32,csr_random,5,0.6000032582677397,0.3894147928804159,1.1634581459431335
sparsegpt-u60,sparsegpt,unstructured,0.600003188695663,34.05566221009324,up_proj,32,csr_rowmajor,5,0.6000032582677397,0.35231311339884996,1.2860006881401942
sparsegpt-u60,sparsegpt,unstructured,0.600003188695663,34.05566221009324,up_proj,32,dense,5,0.6000032582677397,0.45306701213121414,1.0
sparsegpt-u60,sparsegpt,unstructured,0.600003188695663,34.05566221009324,up_proj,128,csr,5,0.6000032582677397,1.3441731221973896,0.5487185191613162
sparsegpt-u60,sparsegpt,unstructured,0.600003188695663,34.05566221009324,up_proj,128,csr_random,5,0.6000032582677397,1.3444729382172227,0.5486166629373043
sparsegpt-u60,sparsegpt,unstructured,0.600003188695663,34.05566221009324,up_proj,128,csr_rowmajor,5,0.6000032582677397,1.2139237485826015,0.6067469760458719
sparsegpt-u60,sparsegpt,unstructured,0.600003188695663,34.05566221009324,up_proj,128,dense,5,0.6000032582677397,0.7364945951849222,1.0
sparsegpt-u60,sparsegpt,unstructured,0.600003188695663,34.05566221009324,up_proj,512,csr,5,0.6000032582677397,6.432779645547271,0.3442802089954547
sparsegpt-u60,sparsegpt,unstructured,0.600003188695663,34.05566221009324,up_proj,512,csr_random,5,0.6000032582677397,6.462949304841459,0.34270143214227994
sparsegpt-u60,sparsegpt,unstructured,0.600003188695663,34.05566221009324,up_proj,512,csr_rowmajor,5,0.6000032582677397,5.971920304000378,0.3704579257283155
sparsegpt-u60,sparsegpt,unstructured,0.600003188695663,34.05566221009324,up_proj,512,dense,5,0.6000032582677397,2.2122907917946577,1.0
sparsegpt-u60,sparsegpt,unstructured,0.600003188695663,34.05566221009324,v_proj,1,csr,5,0.60003662109375,0.028320145793259144,0.24277003146203513
sparsegpt-u60,sparsegpt,unstructured,0.600003188695663,34.05566221009324,v_proj,1,csr_random,5,0.60003662109375,0.028271740302443504,0.2431966608418535
sparsegpt-u60,sparsegpt,unstructured,0.600003188695663,34.05566221009324,v_proj,1,csr_rowmajor,5,0.60003662109375,0.026502879336476326,0.25941629307731984
sparsegpt-u60,sparsegpt,unstructured,0.600003188695663,34.05566221009324,v_proj,1,dense,5,0.60003662109375,0.0068752095103263855,1.0
sparsegpt-u60,sparsegpt,unstructured,0.600003188695663,34.05566221009324,v_proj,8,csr,5,0.60003662109375,0.042996485717594624,0.40004561754146567
sparsegpt-u60,sparsegpt,unstructured,0.600003188695663,34.05566221009324,v_proj,8,csr_random,5,0.60003662109375,0.04297585692256689,0.4002395749568946
sparsegpt-u60,sparsegpt,unstructured,0.600003188695663,34.05566221009324,v_proj,8,csr_rowmajor,5,0.60003662109375,0.024217087775468826,0.7101578560838486
sparsegpt-u60,sparsegpt,unstructured,0.600003188695663,34.05566221009324,v_proj,8,dense,5,0.60003662109375,0.017197802662849426,1.0
sparsegpt-u60,sparsegpt,unstructured,0.600003188695663,34.05566221009324,v_proj,32,csr,5,0.60003662109375,0.06990386173129082,0.3091031374920208
sparsegpt-u60,sparsegpt,unstructured,0.600003188695663,34.05566221009324,v_proj,32,csr_random,5,0.60003662109375,0.0699934083968401,0.3087143152011286
sparsegpt-u60,sparsegpt,unstructured,0.600003188695663,34.05566221009324,v_proj,32,csr_rowmajor,5,0.60003662109375,0.0283057801425457,0.7633475207908108
sparsegpt-u60,sparsegpt,unstructured,0.600003188695663,34.05566221009324,v_proj,32,dense,5,0.60003662109375,0.021605822257697582,1.0
sparsegpt-u60,sparsegpt,unstructured,0.600003188695663,34.05566221009324,v_proj,128,csr,5,0.60003662109375,0.22237221710383892,0.19710345503324198
sparsegpt-u60,sparsegpt,unstructured,0.600003188695663,34.05566221009324,v_proj,128,csr_random,5,0.60003662109375,0.2237236825749278,0.19591354816020035
sparsegpt-u60,sparsegpt,unstructured,0.600003188695663,34.05566221009324,v_proj,128,csr_rowmajor,5,0.60003662109375,0.05578894633799791,0.7858188301279687
sparsegpt-u60,sparsegpt,unstructured,0.600003188695663,34.05566221009324,v_proj,128,dense,5,0.60003662109375,0.04382752813398838,1.0
sparsegpt-u60,sparsegpt,unstructured,0.600003188695663,34.05566221009324,v_proj,512,csr,5,0.60003662109375,0.9271314134821296,0.10928231515368966
sparsegpt-u60,sparsegpt,unstructured,0.600003188695663,34.05566221009324,v_proj,512,csr_random,5,0.60003662109375,0.9249420603737235,0.10947389975794265
sparsegpt-u60,sparsegpt,unstructured,0.600003188695663,34.05566221009324,v_proj,512,csr_rowmajor,5,0.60003662109375,0.20263891201466322,0.4993786277759152
sparsegpt-u60,sparsegpt,unstructured,0.600003188695663,34.05566221009324,v_proj,512,dense,5,0.60003662109375,0.1010688254609704,1.0
sparsegpt-u70,sparsegpt,unstructured,0.7000033004816635,218.8068487157057,down_proj,1,csr,5,0.7000039466341635,0.20360518246889114,0.1905314877538264
sparsegpt-u70,sparsegpt,unstructured,0.7000033004816635,218.8068487157057,down_proj,1,csr_random,5,0.7000039466341635,0.20848847925662994,0.18625731623184577
sparsegpt-u70,sparsegpt,unstructured,0.7000033004816635,218.8068487157057,down_proj,1,csr_rowmajor,5,0.7000039466341635,0.20082592964172363,0.19315789832449584
sparsegpt-u70,sparsegpt,unstructured,0.7000033004816635,218.8068487157057,down_proj,1,dense,5,0.7000039466341635,0.03877393901348114,1.0
sparsegpt-u70,sparsegpt,unstructured,0.7000033004816635,218.8068487157057,down_proj,8,csr,5,0.7000039466341635,0.20363740622997284,0.6095934465405317
sparsegpt-u70,sparsegpt,unstructured,0.7000033004816635,218.8068487157057,down_proj,8,csr_random,5,0.7000039466341635,0.20403461530804634,0.6083270395010495
sparsegpt-u70,sparsegpt,unstructured,0.7000033004816635,218.8068487157057,down_proj,8,csr_rowmajor,5,0.7000039466341635,0.12557478621602058,0.9888609577345118
sparsegpt-u70,sparsegpt,unstructured,0.7000033004816635,218.8068487157057,down_proj,8,dense,5,0.7000039466341635,0.12410301715135574,1.0
sparsegpt-u70,sparsegpt,unstructured,0.7000033004816635,218.8068487157057,down_proj,32,csr,5,0.7000039466341635,0.4565835930407047,0.5212354849217221
sparsegpt-u70,sparsegpt,unstructured,0.7000033004816635,218.8068487157057,down_proj,32,csr_random,5,0.7000039466341635,0.45776525512337685,0.5198874301644861
sparsegpt-u70,sparsegpt,unstructured,0.7000033004816635,218.8068487157057,down_proj,32,csr_rowmajor,5,0.7000039466341635,0.27429675683379173,0.8678816316838914
sparsegpt-u70,sparsegpt,unstructured,0.7000033004816635,218.8068487157057,down_proj,32,dense,5,0.7000039466341635,0.23796893656253815,1.0
sparsegpt-u70,sparsegpt,unstructured,0.7000033004816635,218.8068487157057,down_proj,128,csr,5,0.7000039466341635,2.1814719773828983,0.27686000005621675
sparsegpt-u70,sparsegpt,unstructured,0.7000033004816635,218.8068487157057,down_proj,128,csr_random,5,0.7000039466341635,2.1774327382445335,0.27726470849641577
sparsegpt-u70,sparsegpt,unstructured,0.7000033004816635,218.8068487157057,down_proj,128,csr_rowmajor,5,0.7000039466341635,1.3729114085435867,0.43998548839890156
sparsegpt-u70,sparsegpt,unstructured,0.7000033004816635,218.8068487157057,down_proj,128,dense,5,0.7000039466341635,0.6037048064172268,1.0
sparsegpt-u70,sparsegpt,unstructured,0.7000033004816635,218.8068487157057,down_proj,512,csr,5,0.7000039466341635,11.72292297706008,0.23372880921561554
sparsegpt-u70,sparsegpt,unstructured,0.7000033004816635,218.8068487157057,down_proj,512,csr_random,5,0.7000039466341635,11.696422938257456,0.23424854458682431
sparsegpt-u70,sparsegpt,unstructured,0.7000033004816635,218.8068487157057,down_proj,512,csr_rowmajor,5,0.7000039466341635,7.7110471203923225,0.35531667958710084
sparsegpt-u70,sparsegpt,unstructured,0.7000033004816635,218.8068487157057,down_proj,512,dense,5,0.7000039466341635,2.7393783442676067,1.0
sparsegpt-u70,sparsegpt,unstructured,0.7000033004816635,218.8068487157057,gate_proj,1,csr,5,0.7000037630697838,0.16479603946208954,0.22588813904531863
sparsegpt-u70,sparsegpt,unstructured,0.7000033004816635,218.8068487157057,gate_proj,1,csr_random,5,0.7000037630697838,0.16574300825595856,0.224578225897229
sparsegpt-u70,sparsegpt,unstructured,0.7000033004816635,218.8068487157057,gate_proj,1,csr_rowmajor,5,0.7000037630697838,0.16227969899773598,0.2293862841457361
sparsegpt-u70,sparsegpt,unstructured,0.7000033004816635,218.8068487157057,gate_proj,1,dense,5,0.7000037630697838,0.03723651170730591,1.0
sparsegpt-u70,sparsegpt,unstructured,0.7000033004816635,218.8068487157057,gate_proj,8,csr,5,0.7000037630697838,0.13861050829291344,0.62387589432462
sparsegpt-u70,sparsegpt,unstructured,0.7000033004816635,218.8068487157057,gate_proj,8,csr_random,5,0.7000037630697838,0.1390206627547741,0.6217580847898825
sparsegpt-u70,sparsegpt,unstructured,0.7000033004816635,218.8068487157057,gate_proj,8,csr_rowmajor,5,0.7000037630697838,0.11859005317091942,0.7289325639943193
sparsegpt-u70,sparsegpt,unstructured,0.7000033004816635,218.8068487157057,gate_proj,8,dense,5,0.7000037630697838,0.08649472147226334,1.0
sparsegpt-u70,sparsegpt,unstructured,0.7000033004816635,218.8068487157057,gate_proj,32,csr,5,0.7000037630697838,0.2917485311627388,0.796086223169445
sparsegpt-u70,sparsegpt,unstructured,0.7000033004816635,218.8068487157057,gate_proj,32,csr_random,5,0.7000037630697838,0.29114875942468643,0.7977288262870974
sparsegpt-u70,sparsegpt,unstructured,0.7000033004816635,218.8068487157057,gate_proj,32,csr_rowmajor,5,0.7000037630697838,0.2524447627365589,0.920050835323896
sparsegpt-u70,sparsegpt,unstructured,0.7000033004816635,218.8068487157057,gate_proj,32,dense,5,0.7000037630697838,0.23225657641887665,1.0
sparsegpt-u70,sparsegpt,unstructured,0.7000033004816635,218.8068487157057,gate_proj,128,csr,5,0.7000037630697838,1.0856659151613712,0.6871919394858064
sparsegpt-u70,sparsegpt,unstructured,0.7000033004816635,218.8068487157057,gate_proj,128,csr_random,5,0.7000037630697838,1.0908120311796665,0.6839448939880928
sparsegpt-u70,sparsegpt,unstructured,0.7000033004816635,218.8068487157057,gate_proj,128,csr_rowmajor,5,0.7000037630697838,0.9767955169081688,0.764152614880848
sparsegpt-u70,sparsegpt,unstructured,0.7000033004816635,218.8068487157057,gate_proj,128,dense,5,0.7000037630697838,0.7460734806954861,1.0
sparsegpt-u70,sparsegpt,unstructured,0.7000033004816635,218.8068487157057,gate_proj,512,csr,5,0.7000037630697838,5.197745747864246,0.42929142487725475
sparsegpt-u70,sparsegpt,unstructured,0.7000033004816635,218.8068487157057,gate_proj,512,csr_random,5,0.7000037630697838,5.124695599079132,0.4345958250367584
sparsegpt-u70,sparsegpt,unstructured,0.7000033004816635,218.8068487157057,gate_proj,512,csr_rowmajor,5,0.7000037630697838,4.2159139178693295,0.530719349363662
sparsegpt-u70,sparsegpt,unstructured,0.7000033004816635,218.8068487157057,gate_proj,512,dense,5,0.7000037630697838,2.2239585407078266,1.0
sparsegpt-u70,sparsegpt,unstructured,0.7000033004816635,218.8068487157057,k_proj,1,csr,5,0.7000139508928571,0.025985948741436005,0.2690300174192199
sparsegpt-u70,sparsegpt,unstructured,0.7000033004816635,218.8068487157057,k_proj,1,csr_random,5,0.7000139508928571,0.025983434170484543,0.26905331996023063
sparsegpt-u70,sparsegpt,unstructured,0.7000033004816635,218.8068487157057,k_proj,1,csr_rowmajor,5,0.7000139508928571,0.02414938062429428,0.2894863993715652
sparsegpt-u70,sparsegpt,unstructured,0.7000033004816635,218.8068487157057,k_proj,1,dense,5,0.7000139508928571,0.006990879774093628,1.0
sparsegpt-u70,sparsegpt,unstructured,0.7000033004816635,218.8068487157057,k_proj,8,csr,5,0.7000139508928571,0.0405188649892807,0.28521830253601016
sparsegpt-u70,sparsegpt,unstructured,0.7000033004816635,218.8068487157057,k_proj,8,csr_random,5,0.7000139508928571,0.04053432494401932,0.2851065194467155
sparsegpt-u70,sparsegpt,unstructured,0.7000033004816635,218.8068487157057,k_proj,8,csr_rowmajor,5,0.7000139508928571,0.022004730999469757,0.5251943812764663
sparsegpt-u70,sparsegpt,unstructured,0.7000033004816635,218.8068487157057,k_proj,8,dense,5,0.7000139508928571,0.011556409299373627,1.0
sparsegpt-u70,sparsegpt,unstructured,0.7000033004816635,218.8068487157057,k_proj,32,csr,5,0.7000139508928571,0.06690453737974167,0.24010950940149198
sparsegpt-u70,sparsegpt,unstructured,0.7000033004816635,218.8068487157057,k_proj,32,csr_random,5,0.7000139508928571,0.06702924147248268,0.23964349828089987
sparsegpt-u70,sparsegpt,unstructured,0.7000033004816635,218.8068487157057,k_proj,32,csr_rowmajor,5,0.7000139508928571,0.02502892166376114,0.6417401443341438
sparsegpt-u70,sparsegpt,unstructured,0.7000033004816635,218.8068487157057,k_proj,32,dense,5,0.7000139508928571,0.016060471534729004,1.0
sparsegpt-u70,sparsegpt,unstructured,0.7000033004816635,218.8068487157057,k_proj,128,csr,5,0.7000139508928571,0.2074875868856907,0.1544968806641701
sparsegpt-u70,sparsegpt,unstructured,0.7000033004816635,218.8068487157057,k_proj,128,csr_random,5,0.7000139508928571,0.20953454077243805,0.15297633141915024
sparsegpt-u70,sparsegpt,unstructured,0.7000033004816635,218.8068487157057,k_proj,128,csr_rowmajor,5,0.7000139508928571,0.049753300845623016,0.6444470450718935
sparsegpt-u70,sparsegpt,unstructured,0.7000033004816635,218.8068487157057,k_proj,128,dense,5,0.7000139508928571,0.03205062821507454,1.0
sparsegpt-u70,sparsegpt,unstructured,0.7000033004816635,218.8068487157057,k_proj,512,csr,5,0.7000139508928571,0.8745245635509491,0.0915359194479212
sparsegpt-u70,sparsegpt,unstructured,0.7000033004816635,218.8068487157057,k_proj,512,csr_random,5,0.7000139508928571,0.8725053630769253,0.09172973298013848
sparsegpt-u70,sparsegpt,unstructured,0.7000033004816635,218.8068487157057,k_proj,512,csr_rowmajor,5,0.7000139508928571,0.16007330268621445,0.5051143789393566
sparsegpt-u70,sparsegpt,unstructured,0.7000033004816635,218.8068487157057,k_proj,512,dense,5,0.7000139508928571,0.07997257634997368,1.0
sparsegpt-u70,sparsegpt,unstructured,0.7000033004816635,218.8068487157057,o_proj,1,csr,5,0.7000054807079081,0.05053561180830002,0.2280769579800078
sparsegpt-u70,sparsegpt,unstructured,0.7000033004816635,218.8068487157057,o_proj,1,csr_random,5,0.7000054807079081,0.05016215145587921,0.22977460082711576
sparsegpt-u70,sparsegpt,unstructured,0.7000033004816635,218.8068487157057,o_proj,1,csr_rowmajor,5,0.7000054807079081,0.04850821569561958,0.23762581887613132
sparsegpt-u70,sparsegpt,unstructured,0.7000033004816635,218.8068487157057,o_proj,1,dense,5,0.7000054807079081,0.011525675654411316,1.0
sparsegpt-u70,sparsegpt,unstructured,0.7000033004816635,218.8068487157057,o_proj,8,csr,5,0.7000054807079081,0.056807324290275574,0.5820243094803776
sparsegpt-u70,sparsegpt,unstructured,0.7000033004816635,218.8068487157057,o_proj,8,csr_random,5,0.7000054807079081,0.05691414698958397,0.5809673256561328
sparsegpt-u70,sparsegpt,unstructured,0.7000033004816635,218.8068487157057,o_proj,8,csr_rowmajor,5,0.7000054807079081,0.0374404713511467,0.8830791239076915
sparsegpt-u70,sparsegpt,unstructured,0.7000033004816635,218.8068487157057,o_proj,8,dense,5,0.7000054807079081,0.033062323927879333,1.0
sparsegpt-u70,sparsegpt,unstructured,0.7000033004816635,218.8068487157057,o_proj,32,csr,5,0.7000054807079081,0.11033853515982628,0.4727308156309277
sparsegpt-u70,sparsegpt,unstructured,0.7000033004816635,218.8068487157057,o_proj,32,csr_random,5,0.7000054807079081,0.11077141389250755,0.4708181111764329
sparsegpt-u70,sparsegpt,unstructured,0.7000033004816635,218.8068487157057,o_proj,32,csr_rowmajor,5,0.7000054807079081,0.06626220420002937,0.7871990964335335
sparsegpt-u70,sparsegpt,unstructured,0.7000033004816635,218.8068487157057,o_proj,32,dense,5,0.7000054807079081,0.05215136334300041,1.0
sparsegpt-u70,sparsegpt,unstructured,0.7000033004816635,218.8068487157057,o_proj,128,csr,5,0.7000054807079081,0.3543175756931305,0.3629673471580327
sparsegpt-u70,sparsegpt,unstructured,0.7000033004816635,218.8068487157057,o_proj,128,csr_random,5,0.7000054807079081,0.35494565963745117,0.36235628644765416
sparsegpt-u70,sparsegpt,unstructured,0.7000033004816635,218.8068487157057,o_proj,128,csr_rowmajor,5,0.7000054807079081,0.18899179995059967,0.6811217796985408
sparsegpt-u70,sparsegpt,unstructured,0.7000033004816635,218.8068487157057,o_proj,128,dense,5,0.7000054807079081,0.12856563553214073,1.0
sparsegpt-u70,sparsegpt,unstructured,0.7000033004816635,218.8068487157057,o_proj,512,csr,5,0.7000054807079081,1.4119765721261501,0.31281988280115214
sparsegpt-u70,sparsegpt,unstructured,0.7000033004816635,218.8068487157057,o_proj,512,csr_random,5,0.7000054807079081,1.427012588828802,0.3095022714432459
sparsegpt-u70,sparsegpt,unstructured,0.7000033004816635,218.8068487157057,o_proj,512,csr_rowmajor,5,0.7000054807079081,0.8866749703884125,0.49832326123408743
sparsegpt-u70,sparsegpt,unstructured,0.7000033004816635,218.8068487157057,o_proj,512,dense,5,0.7000054807079081,0.4415031522512436,1.0
sparsegpt-u70,sparsegpt,unstructured,0.7000033004816635,218.8068487157057,q_proj,1,csr,5,0.7000052315848214,0.0497208908200264,0.23155729635813924
sparsegpt-u70,sparsegpt,unstructured,0.7000033004816635,218.8068487157057,q_proj,1,csr_random,5,0.7000052315848214,0.049651600420475006,0.23189488196114827
sparsegpt-u70,sparsegpt,unstructured,0.7000033004816635,218.8068487157057,q_proj,1,csr_rowmajor,5,0.7000052315848214,0.04784185439348221,0.24066025839394997
sparsegpt-u70,sparsegpt,unstructured,0.7000033004816635,218.8068487157057,q_proj,1,dense,5,0.7000052315848214,0.01150965690612793,1.0
sparsegpt-u70,sparsegpt,unstructured,0.7000033004816635,218.8068487157057,q_proj,8,csr,5,0.7000052315848214,0.05683423951268196,0.5819354836199466
sparsegpt-u70,sparsegpt,unstructured,0.7000033004816635,218.8068487157057,q_proj,8,csr_random,5,0.7000052315848214,0.05698353052139282,0.5804451759266193
sparsegpt-u70,sparsegpt,unstructured,0.7000033004816635,218.8068487157057,q_proj,8,csr_rowmajor,5,0.7000052315848214,0.03749709576368332,0.8820129890610963
sparsegpt-u70,sparsegpt,unstructured,0.7000033004816635,218.8068487157057,q_proj,8,dense,5,0.7000052315848214,0.03307238221168518,1.0
sparsegpt-u70,sparsegpt,unstructured,0.7000033004816635,218.8068487157057,q_proj,32,csr,5,0.7000052315848214,0.11099297553300858,0.4697653342084253
sparsegpt-u70,sparsegpt,unstructured,0.7000033004816635,218.8068487157057,q_proj,32,csr_random,5,0.7000052315848214,0.11016959324479103,0.4732729402591043
sparsegpt-u70,sparsegpt,unstructured,0.7000033004816635,218.8068487157057,q_proj,32,csr_rowmajor,5,0.7000052315848214,0.06770724430680275,0.770103020674765
sparsegpt-u70,sparsegpt,unstructured,0.7000033004816635,218.8068487157057,q_proj,32,dense,5,0.7000052315848214,0.052139535546302795,1.0
sparsegpt-u70,sparsegpt,unstructured,0.7000033004816635,218.8068487157057,q_proj,128,csr,5,0.7000052315848214,0.3514767624437809,0.3654851726267367
sparsegpt-u70,sparsegpt,unstructured,0.7000033004816635,218.8068487157057,q_proj,128,csr_random,5,0.7000052315848214,0.3525733947753906,0.36440654282010054
sparsegpt-u70,sparsegpt,unstructured,0.7000033004816635,218.8068487157057,q_proj,128,csr_rowmajor,5,0.7000052315848214,0.19864104688167572,0.6466063658390455
sparsegpt-u70,sparsegpt,unstructured,0.7000033004816635,218.8068487157057,q_proj,128,dense,5,0.7000052315848214,0.12843776494264603,1.0
sparsegpt-u70,sparsegpt,unstructured,0.7000033004816635,218.8068487157057,q_proj,512,csr,5,0.7000052315848214,1.4574389904737473,0.3021428307941986
sparsegpt-u70,sparsegpt,unstructured,0.7000033004816635,218.8068487157057,q_proj,512,csr_random,5,0.7000052315848214,1.4316895976662636,0.3074538540945706
sparsegpt-u70,sparsegpt,unstructured,0.7000033004816635,218.8068487157057,q_proj,512,csr_rowmajor,5,0.7000052315848214,0.9190315380692482,0.4803660323767947
sparsegpt-u70,sparsegpt,unstructured,0.7000033004816635,218.8068487157057,q_proj,512,dense,5,0.7000052315848214,0.43982071802020073,1.0
sparsegpt-u70,sparsegpt,unstructured,0.7000033004816635,218.8068487157057,up_proj,1,csr,5,0.700002386336936,0.16579991206526756,0.22537224489196453
sparsegpt-u70,sparsegpt,unstructured,0.7000033004816635,218.8068487157057,up_proj,1,csr_random,5,0.700002386336936,0.16611414030194283,0.2249281648624824
sparsegpt-u70,sparsegpt,unstructured,0.7000033004816635,218.8068487157057,up_proj,1,csr_rowmajor,5,0.700002386336936,0.16344143077731133,0.22858065335936292
sparsegpt-u70,sparsegpt,unstructured,0.7000033004816635,218.8068487157057,up_proj,1,dense,5,0.700002386336936,0.037358514964580536,1.0
sparsegpt-u70,sparsegpt,unstructured,0.7000033004816635,218.8068487157057,up_proj,8,csr,5,0.700002386336936,0.13936320319771767,0.6187663640288743
sparsegpt-u70,sparsegpt,unstructured,0.7000033004816635,218.8068487157057,up_proj,8,csr_random,5,0.700002386336936,0.13928832486271858,0.6194322506155124
sparsegpt-u70,sparsegpt,unstructured,0.7000033004816635,218.8068487157057,up_proj,8,csr_rowmajor,5,0.700002386336936,0.11913850903511047,0.7238859045625365
sparsegpt-u70,sparsegpt,unstructured,0.7000033004816635,218.8068487157057,up_proj,8,dense,5,0.700002386336936,0.08620992302894592,1.0
sparsegpt-u70,sparsegpt,unstructured,0.7000033004816635,218.8068487157057,up_proj,32,csr,5,0.700002386336936,0.29088063165545464,0.7985679329668137
sparsegpt-u70,sparsegpt,unstructured,0.7000033004816635,218.8068487157057,up_proj,32,csr_random,5,0.700002386336936,0.29052020981907845,0.7995595380359803
sparsegpt-u70,sparsegpt,unstructured,0.7000033004816635,218.8068487157057,up_proj,32,csr_rowmajor,5,0.700002386336936,0.25110598653554916,0.9250652478211713
sparsegpt-u70,sparsegpt,unstructured,0.7000033004816635,218.8068487157057,up_proj,32,dense,5,0.700002386336936,0.23228563368320465,1.0
sparsegpt-u70,sparsegpt,unstructured,0.7000033004816635,218.8068487157057,up_proj,128,csr,5,0.700002386336936,1.0664965957403183,0.7040558088440074
sparsegpt-u70,sparsegpt,unstructured,0.7000033004816635,218.8068487157057,up_proj,128,csr_random,5,0.700002386336936,1.0682061314582825,0.7029855313251304
sparsegpt-u70,sparsegpt,unstructured,0.7000033004816635,218.8068487157057,up_proj,128,csr_rowmajor,5,0.700002386336936,0.9864423424005508,0.7603533101292793
sparsegpt-u70,sparsegpt,unstructured,0.7000033004816635,218.8068487157057,up_proj,128,dense,5,0.700002386336936,0.7499264553189278,1.0
sparsegpt-u70,sparsegpt,unstructured,0.7000033004816635,218.8068487157057,up_proj,512,csr,5,0.700002386336936,5.012357234954834,0.4448340393039318
sparsegpt-u70,sparsegpt,unstructured,0.7000033004816635,218.8068487157057,up_proj,512,csr_random,5,0.700002386336936,5.063202418386936,0.44031654519771407
sparsegpt-u70,sparsegpt,unstructured,0.7000033004816635,218.8068487157057,up_proj,512,csr_rowmajor,5,0.700002386336936,4.107272904366255,0.5421153895963148
sparsegpt-u70,sparsegpt,unstructured,0.7000033004816635,218.8068487157057,up_proj,512,dense,5,0.700002386336936,2.2244240157306194,1.0
sparsegpt-u70,sparsegpt,unstructured,0.7000033004816635,218.8068487157057,v_proj,1,csr,5,0.70001220703125,0.025910325348377228,0.27181103501927045
sparsegpt-u70,sparsegpt,unstructured,0.7000033004816635,218.8068487157057,v_proj,1,csr_random,5,0.70001220703125,0.02582194283604622,0.27273468336595474
sparsegpt-u70,sparsegpt,unstructured,0.7000033004816635,218.8068487157057,v_proj,1,csr_rowmajor,5,0.70001220703125,0.024085957556962967,0.29240430061953987
sparsegpt-u70,sparsegpt,unstructured,0.7000033004816635,218.8068487157057,v_proj,1,dense,5,0.70001220703125,0.0070424750447273254,1.0
sparsegpt-u70,sparsegpt,unstructured,0.7000033004816635,218.8068487157057,v_proj,8,csr,5,0.70001220703125,0.04053246229887009,0.2846265025301439
sparsegpt-u70,sparsegpt,unstructured,0.7000033004816635,218.8068487157057,v_proj,8,csr_random,5,0.70001220703125,0.04070904105901718,0.28337947780549844
sparsegpt-u70,sparsegpt,unstructured,0.7000033004816635,218.8068487157057,v_proj,8,csr_rowmajor,5,0.70001220703125,0.021970830857753754,0.5250693885910436
sparsegpt-u70,sparsegpt,unstructured,0.7000033004816635,218.8068487157057,v_proj,8,dense,5,0.70001220703125,0.01153610646724701,1.0
sparsegpt-u70,sparsegpt,unstructured,0.7000033004816635,218.8068487157057,v_proj,32,csr,5,0.70001220703125,0.06715841591358185,0.23938892086406818
sparsegpt-u70,sparsegpt,unstructured,0.7000033004816635,218.8068487157057,v_proj,32,csr_random,5,0.70001220703125,0.06743185222148895,0.23841422887494046
sparsegpt-u70,sparsegpt,unstructured,0.7000033004816635,218.8068487157057,v_proj,32,csr_rowmajor,5,0.70001220703125,0.02446044236421585,0.65725984896018
sparsegpt-u70,sparsegpt,unstructured,0.7000033004816635,218.8068487157057,v_proj,32,dense,5,0.70001220703125,0.01607649028301239,1.0
sparsegpt-u70,sparsegpt,unstructured,0.7000033004816635,218.8068487157057,v_proj,128,csr,5,0.70001220703125,0.2083687111735344,0.15352366540786766
sparsegpt-u70,sparsegpt,unstructured,0.7000033004816635,218.8068487157057,v_proj,128,csr_random,5,0.70001220703125,0.2109326422214508,0.15166384195232305
sparsegpt-u70,sparsegpt,unstructured,0.7000033004816635,218.8068487157057,v_proj,128,csr_rowmajor,5,0.70001220703125,0.04765167832374573,0.6716709782870711
sparsegpt-u70,sparsegpt,unstructured,0.7000033004816635,218.8068487157057,v_proj,128,dense,5,0.70001220703125,0.031988974660634995,1.0
sparsegpt-u70,sparsegpt,unstructured,0.7000033004816635,218.8068487157057,v_proj,512,csr,5,0.70001220703125,0.8745579980313778,0.08999973972490258
sparsegpt-u70,sparsegpt,unstructured,0.7000033004816635,218.8068487157057,v_proj,512,csr_random,5,0.70001220703125,0.8810115046799183,0.08938562772574926
sparsegpt-u70,sparsegpt,unstructured,0.7000033004816635,218.8068487157057,v_proj,512,csr_rowmajor,5,0.70001220703125,0.1474251039326191,0.5345293743467031
sparsegpt-u70,sparsegpt,unstructured,0.7000033004816635,218.8068487157057,v_proj,512,dense,5,0.70001220703125,0.07869256660342216,1.0
sparsegpt-u80,sparsegpt,unstructured,0.8000042674305675,1803.067426501268,down_proj,1,csr,5,0.800005461040296,0.14803297817707062,0.25886533677255297
sparsegpt-u80,sparsegpt,unstructured,0.8000042674305675,1803.067426501268,down_proj,1,csr_random,5,0.800005461040296,0.14894232153892517,0.2573274122102677
sparsegpt-u80,sparsegpt,unstructured,0.8000042674305675,1803.067426501268,down_proj,1,csr_rowmajor,5,0.800005461040296,0.14535300433635712,0.26367159346140834
sparsegpt-u80,sparsegpt,unstructured,0.8000042674305675,1803.067426501268,down_proj,1,dense,5,0.800005461040296,0.03831721842288971,1.0
sparsegpt-u80,sparsegpt,unstructured,0.8000042674305675,1803.067426501268,down_proj,8,csr,5,0.800005461040296,0.16490519046783447,0.9209116641395543
sparsegpt-u80,sparsegpt,unstructured,0.8000042674305675,1803.067426501268,down_proj,8,csr_random,5,0.800005461040296,0.16500167548656464,0.92027501517397
sparsegpt-u80,sparsegpt,unstructured,0.8000042674305675,1803.067426501268,down_proj,8,csr_rowmajor,5,0.800005461040296,0.0807642936706543,1.8800511172558263
sparsegpt-u80,sparsegpt,unstructured,0.8000042674305675,1803.067426501268,down_proj,8,dense,5,0.800005461040296,0.15180818736553192,1.0
sparsegpt-u80,sparsegpt,unstructured,0.8000042674305675,1803.067426501268,down_proj,32,csr,5,0.800005461040296,0.37911608815193176,0.6310612264257189
sparsegpt-u80,sparsegpt,unstructured,0.8000042674305675,1803.067426501268,down_proj,32,csr_random,5,0.800005461040296,0.38085058331489563,0.628178830498759
sparsegpt-u80,sparsegpt,unstructured,0.8000042674305675,1803.067426501268,down_proj,32,csr_rowmajor,5,0.800005461040296,0.18839724361896515,1.269899526226972
sparsegpt-u80,sparsegpt,unstructured,0.8000042674305675,1803.067426501268,down_proj,32,dense,5,0.800005461040296,0.23923739790916443,1.0
sparsegpt-u80,sparsegpt,unstructured,0.8000042674305675,1803.067426501268,down_proj,128,csr,5,0.800005461040296,1.6250614076852798,0.37352041347603876
sparsegpt-u80,sparsegpt,unstructured,0.8000042674305675,1803.067426501268,down_proj,128,csr_random,5,0.800005461040296,1.7229441553354263,0.35209070697644207
sparsegpt-u80,sparsegpt,unstructured,0.8000042674305675,1803.067426501268,down_proj,128,csr_rowmajor,5,0.800005461040296,0.9027209132909775,0.6723674488725511
sparsegpt-u80,sparsegpt,unstructured,0.8000042674305675,1803.067426501268,down_proj,128,dense,5,0.800005461040296,0.6066132336854935,1.0
sparsegpt-u80,sparsegpt,unstructured,0.8000042674305675,1803.067426501268,down_proj,512,csr,5,0.800005461040296,9.931596368551254,0.27574730239721046
sparsegpt-u80,sparsegpt,unstructured,0.8000042674305675,1803.067426501268,down_proj,512,csr_random,5,0.800005461040296,9.921247139573097,0.27605264068127183
sparsegpt-u80,sparsegpt,unstructured,0.8000042674305675,1803.067426501268,down_proj,512,csr_rowmajor,5,0.800005461040296,6.066949665546417,0.4516136748283825
sparsegpt-u80,sparsegpt,unstructured,0.8000042674305675,1803.067426501268,down_proj,512,dense,5,0.800005461040296,2.7383051812648773,1.0
sparsegpt-u80,sparsegpt,unstructured,0.8000042674305675,1803.067426501268,gate_proj,1,csr,5,0.8000017897527021,0.11012628674507141,0.3523333100164959
sparsegpt-u80,sparsegpt,unstructured,0.8000042674305675,1803.067426501268,gate_proj,1,csr_random,5,0.8000017897527021,0.11066123843193054,0.3510030718350838
sparsegpt-u80,sparsegpt,unstructured,0.8000042674305675,1803.067426501268,gate_proj,1,csr_rowmajor,5,0.8000017897527021,0.10788515210151672,0.35973684265170885
sparsegpt-u80,sparsegpt,unstructured,0.8000042674305675,1803.067426501268,gate_proj,1,dense,5,0.8000017897527021,0.03875568509101868,1.0
sparsegpt-u80,sparsegpt,unstructured,0.8000042674305675,1803.067426501268,gate_proj,8,csr,5,0.8000017897527021,0.10465271770954132,0.9062142216426418
sparsegpt-u80,sparsegpt,unstructured,0.8000042674305675,1803.067426501268,gate_proj,8,csr_random,5,0.8000017897527021,0.104474276304245,0.9079194524890056
sparsegpt-u80,sparsegpt,unstructured,0.8000042674305675,1803.067426501268,gate_proj,8,csr_rowmajor,5,0.8000017897527021,0.08354112505912781,1.1368636600376012
sparsegpt-u80,sparsegpt,unstructured,0.8000042674305675,1803.067426501268,gate_proj,8,dense,5,0.8000017897527021,0.09466707706451416,1.0
sparsegpt-u80,sparsegpt,unstructured,0.8000042674305675,1803.067426501268,gate_proj,32,csr,5,0.8000017897527021,0.21593719720840454,1.0796308037201807
sparsegpt-u80,sparsegpt,unstructured,0.8000042674305675,1803.067426501268,gate_proj,32,csr_random,5,0.8000017897527021,0.21610446274280548,1.0787954627613965
sparsegpt-u80,sparsegpt,unstructured,0.8000042674305675,1803.067426501268,gate_proj,32,csr_rowmajor,5,0.8000017897527021,0.1714654266834259,1.3599684242126258
sparsegpt-u80,sparsegpt,unstructured,0.8000042674305675,1803.067426501268,gate_proj,32,dense,5,0.8000017897527021,0.23310966789722443,1.0
sparsegpt-u80,sparsegpt,unstructured,0.8000042674305675,1803.067426501268,gate_proj,128,csr,5,0.8000017897527021,0.8945289999246597,0.8458414616334615
sparsegpt-u80,sparsegpt,unstructured,0.8000042674305675,1803.067426501268,gate_proj,128,csr_random,5,0.8000017897527021,0.83346888422966,0.9138875726001627
sparsegpt-u80,sparsegpt,unstructured,0.8000042674305675,1803.067426501268,gate_proj,128,csr_rowmajor,5,0.8000017897527021,0.6160233169794083,1.247630297214365
sparsegpt-u80,sparsegpt,unstructured,0.8000042674305675,1803.067426501268,gate_proj,128,dense,5,0.8000017897527021,0.7561780512332916,1.0
sparsegpt-u80,sparsegpt,unstructured,0.8000042674305675,1803.067426501268,gate_proj,512,csr,5,0.8000017897527021,3.476617857813835,0.6375031810755237
sparsegpt-u80,sparsegpt,unstructured,0.8000042674305675,1803.067426501268,gate_proj,512,csr_random,5,0.8000017897527021,3.465874493122101,0.6393412970151103
sparsegpt-u80,sparsegpt,unstructured,0.8000042674305675,1803.067426501268,gate_proj,512,csr_rowmajor,5,0.8000017897527021,2.8567612171173096,0.7765375006944225
sparsegpt-u80,sparsegpt,unstructured,0.8000042674305675,1803.067426501268,gate_proj,512,dense,5,0.8000017897527021,2.215734124183655,1.0
sparsegpt-u80,sparsegpt,unstructured,0.8000042674305675,1803.067426501268,k_proj,1,csr,5,0.800048828125,0.02512037754058838,0.276436333862502
sparsegpt-u80,sparsegpt,unstructured,0.8000042674305675,1803.067426501268,k_proj,1,csr_random,5,0.800048828125,0.02489537000656128,0.27892569101105513
sparsegpt-u80,sparsegpt,unstructured,0.8000042674305675,1803.067426501268,k_proj,1,csr_rowmajor,5,0.800048828125,0.023262202739715576,0.29852110273709354
sparsegpt-u80,sparsegpt,unstructured,0.8000042674305675,1803.067426501268,k_proj,1,dense,5,0.800048828125,0.006943941116333008,1.0
sparsegpt-u80,sparsegpt,unstructured,0.8000042674305675,1803.067426501268,k_proj,8,csr,5,0.800048828125,0.040129199624061584,0.2859014920844947
sparsegpt-u80,sparsegpt,unstructured,0.8000042674305675,1803.067426501268,k_proj,8,csr_random,5,0.800048828125,0.04014149308204651,0.28581184178124397
sparsegpt-u80,sparsegpt,unstructured,0.8000042674305675,1803.067426501268,k_proj,8,csr_rowmajor,5,0.800048828125,0.021405518054962158,0.5359562651692035
sparsegpt-u80,sparsegpt,unstructured,0.8000042674305675,1803.067426501268,k_proj,8,dense,5,0.800048828125,0.01147240400314331,1.0
sparsegpt-u80,sparsegpt,unstructured,0.8000042674305675,1803.067426501268,k_proj,32,csr,5,0.800048828125,0.06596297025680542,0.24582158916882405
sparsegpt-u80,sparsegpt,unstructured,0.8000042674305675,1803.067426501268,k_proj,32,csr_random,5,0.800048828125,0.06628409028053284,0.24460868198239616
sparsegpt-u80,sparsegpt,unstructured,0.8000042674305675,1803.067426501268,k_proj,32,csr_rowmajor,5,0.800048828125,0.02405419945716858,0.6741918774544038
sparsegpt-u80,sparsegpt,unstructured,0.8000042674305675,1803.067426501268,k_proj,32,dense,5,0.800048828125,0.01621246337890625,1.0
sparsegpt-u80,sparsegpt,unstructured,0.8000042674305675,1803.067426501268,k_proj,128,csr,5,0.800048828125,0.20506717264652252,0.15669366967563889
sparsegpt-u80,sparsegpt,unstructured,0.8000042674305675,1803.067426501268,k_proj,128,csr_random,5,0.800048828125,0.20780116319656372,0.15462384001758073
sparsegpt-u80,sparsegpt,unstructured,0.8000042674305675,1803.067426501268,k_proj,128,csr_rowmajor,5,0.800048828125,0.03915056586265564,0.8227905055159814
sparsegpt-u80,sparsegpt,unstructured,0.8000042674305675,1803.067426501268,k_proj,128,dense,5,0.800048828125,0.03213062882423401,1.0
sparsegpt-u80,sparsegpt,unstructured,0.8000042674305675,1803.067426501268,k_proj,512,csr,5,0.800048828125,0.8382953703403473,0.09418024164541487
sparsegpt-u80,sparsegpt,unstructured,0.8000042674305675,1803.067426501268,k_proj,512,csr_random,5,0.800048828125,0.839615985751152,0.09399677248456155
sparsegpt-u80,sparsegpt,unstructured,0.8000042674305675,1803.067426501268,k_proj,512,csr_rowmajor,5,0.800048828125,0.11797808110713959,0.6741347411177635
sparsegpt-u80,sparsegpt,unstructured,0.8000042674305675,1803.067426501268,k_proj,512,dense,5,0.800048828125,0.07892698049545288,1.0
sparsegpt-u80,sparsegpt,unstructured,0.8000042674305675,1803.067426501268,o_proj,1,csr,5,0.8000067263233418,0.04233159124851227,0.27133469077356853
sparsegpt-u80,sparsegpt,unstructured,0.8000042674305675,1803.067426501268,o_proj,1,csr_random,5,0.8000067263233418,0.04189908504486084,0.274141801282364
sparsegpt-u80,sparsegpt,unstructured,0.8000042674305675,1803.067426501268,o_proj,1,csr_rowmajor,5,0.8000067263233418,0.04066452383995056,0.2824676516361347
sparsegpt-u80,sparsegpt,unstructured,0.8000042674305675,1803.067426501268,o_proj,1,dense,5,0.8000067263233418,0.011485069990158081,1.0
sparsegpt-u80,sparsegpt,unstructured,0.8000042674305675,1803.067426501268,o_proj,8,csr,5,0.8000067263233418,0.052791088819503784,0.626537700465111
sparsegpt-u80,sparsegpt,unstructured,0.8000042674305675,1803.067426501268,o_proj,8,csr_random,5,0.8000067263233418,0.05280300974845886,0.626444515411932
sparsegpt-u80,sparsegpt,unstructured,0.8000042674305675,1803.067426501268,o_proj,8,csr_rowmajor,5,0.8000067263233418,0.03365427255630493,0.9827375861179292
sparsegpt-u80,sparsegpt,unstructured,0.8000042674305675,1803.067426501268,o_proj,8,dense,5,0.8000067263233418,0.03306865692138672,1.0
sparsegpt-u80,sparsegpt,unstructured,0.8000042674305675,1803.067426501268,o_proj,32,csr,5,0.8000067263233418,0.09702444076538086,0.5416570667929745
sparsegpt-u80,sparsegpt,unstructured,0.8000042674305675,1803.067426501268,o_proj,32,csr_random,5,0.8000067263233418,0.09871236979961395,0.5324012896358314
sparsegpt-u80,sparsegpt,unstructured,0.8000042674305675,1803.067426501268,o_proj,32,csr_rowmajor,5,0.8000067263233418,0.05317181348800659,0.9884801328210381
sparsegpt-u80,sparsegpt,unstructured,0.8000042674305675,1803.067426501268,o_proj,32,dense,5,0.8000067263233418,0.052550435066223145,1.0
sparsegpt-u80,sparsegpt,unstructured,0.8000042674305675,1803.067426501268,o_proj,128,csr,5,0.8000067263233418,0.30706003308296204,0.4265049852924887
sparsegpt-u80,sparsegpt,unstructured,0.8000042674305675,1803.067426501268,o_proj,128,csr_random,5,0.8000067263233418,0.30887313187122345,0.423994862180968
sparsegpt-u80,sparsegpt,unstructured,0.8000042674305675,1803.067426501268,o_proj,128,csr_rowmajor,5,0.8000067263233418,0.13801679015159607,0.9496529752146927
sparsegpt-u80,sparsegpt,unstructured,0.8000042674305675,1803.067426501268,o_proj,128,dense,5,0.8000067263233418,0.13095960021018982,1.0
sparsegpt-u80,sparsegpt,unstructured,0.8000042674305675,1803.067426501268,o_proj,512,csr,5,0.8000067263233418,1.222153753042221,0.36772050713742277
sparsegpt-u80,sparsegpt,unstructured,0.8000042674305675,1803.067426501268,o_proj,512,csr_random,5,0.8000067263233418,1.2470107525587082,0.3603191079325155
sparsegpt-u80,sparsegpt,unstructured,0.8000042674305675,1803.067426501268,o_proj,512,csr_rowmajor,5,0.8000067263233418,0.5177885293960571,0.8699130162035592
sparsegpt-u80,sparsegpt,unstructured,0.8000042674305675,1803.067426501268,o_proj,512,dense,5,0.8000067263233418,0.4492577165365219,1.0
sparsegpt-u80,sparsegpt,unstructured,0.8000042674305675,1803.067426501268,q_proj,1,csr,5,0.8000057298309948,0.04163011908531189,0.27661570235605554
sparsegpt-u80,sparsegpt,unstructured,0.8000042674305675,1803.067426501268,q_proj,1,csr_random,5,0.8000057298309948,0.041636452078819275,0.2765661352339074
sparsegpt-u80,sparsegpt,unstructured,0.8000042674305675,1803.067426501268,q_proj,1,csr_rowmajor,5,0.8000057298309948,0.03980174660682678,0.28936432362277414
sparsegpt-u80,sparsegpt,unstructured,0.8000042674305675,1803.067426501268,q_proj,1,dense,5,0.8000057298309948,0.011508911848068237,1.0
sparsegpt-u80,sparsegpt,unstructured,0.8000042674305675,1803.067426501268,q_proj,8,csr,5,0.8000057298309948,0.05299672484397888,0.6244348008809045
sparsegpt-u80,sparsegpt,unstructured,0.8000042674305675,1803.067426501268,q_proj,8,csr_random,5,0.8000057298309948,0.052890926599502563,0.6256856714926445
sparsegpt-u80,sparsegpt,unstructured,0.8000042674305675,1803.067426501268,q_proj,8,csr_rowmajor,5,0.8000057298309948,0.03406107425689697,0.9715415643836541
sparsegpt-u80,sparsegpt,unstructured,0.8000042674305675,1803.067426501268,q_proj,8,dense,5,0.8000057298309948,0.03309175372123718,1.0
sparsegpt-u80,sparsegpt,unstructured,0.8000042674305675,1803.067426501268,q_proj,32,csr,5,0.8000057298309948,0.09903572499752045,0.5309463577383174
sparsegpt-u80,sparsegpt,unstructured,0.8000042674305675,1803.067426501268,q_proj,32,csr_random,5,0.8000057298309948,0.09874328970909119,0.532645151769321
sparsegpt-u80,sparsegpt,unstructured,0.8000042674305675,1803.067426501268,q_proj,32,csr_rowmajor,5,0.8000057298309948,0.05513802170753479,0.9537644255306684
sparsegpt-u80,sparsegpt,unstructured,0.8000042674305675,1803.067426501268,q_proj,32,dense,5,0.8000057298309948,0.05258135497570038,1.0
sparsegpt-u80,sparsegpt,unstructured,0.8000042674305675,1803.067426501268,q_proj,128,csr,5,0.8000057298309948,0.30892007052898407,0.42401889549359084
sparsegpt-u80,sparsegpt,unstructured,0.8000042674305675,1803.067426501268,q_proj,128,csr_random,5,0.8000057298309948,0.3107495605945587,0.42152305188699585
sparsegpt-u80,sparsegpt,unstructured,0.8000042674305675,1803.067426501268,q_proj,128,csr_rowmajor,5,0.8000057298309948,0.14206580817699432,0.9229534182913411
sparsegpt-u80,sparsegpt,unstructured,0.8000042674305675,1803.067426501268,q_proj,128,dense,5,0.8000057298309948,0.1309577375650406,1.0
sparsegpt-u80,sparsegpt,unstructured,0.8000042674305675,1803.067426501268,q_proj,512,csr,5,0.8000057298309948,1.2411713600158691,0.36217219653308325
sparsegpt-u80,sparsegpt,unstructured,0.8000042674305675,1803.067426501268,q_proj,512,csr_random,5,0.8000057298309948,1.2482188642024994,0.36014973426267494
sparsegpt-u80,sparsegpt,unstructured,0.8000042674305675,1803.067426501268,q_proj,512,csr_rowmajor,5,0.8000057298309948,0.5307022482156754,0.8491799637752914
sparsegpt-u80,sparsegpt,unstructured,0.8000042674305675,1803.067426501268,q_proj,512,dense,5,0.8000057298309948,0.44946707785129547,1.0
sparsegpt-u80,sparsegpt,unstructured,0.8000042674305675,1803.067426501268,up_proj,1,csr,5,0.8000017438616072,0.11258497834205627,0.3282040420755175
sparsegpt-u80,sparsegpt,unstructured,0.8000042674305675,1803.067426501268,up_proj,1,csr_random,5,0.8000017438616072,0.11246353387832642,0.3285776163623529
sparsegpt-u80,sparsegpt,unstructured,0.8000042674305675,1803.067426501268,up_proj,1,csr_rowmajor,5,0.8000017438616072,0.11021941900253296,0.3352423504488955
sparsegpt-u80,sparsegpt,unstructured,0.8000042674305675,1803.067426501268,up_proj,1,dense,5,0.8000017438616072,0.03695301711559296,1.0
sparsegpt-u80,sparsegpt,unstructured,0.8000042674305675,1803.067426501268,up_proj,8,csr,5,0.8000017438616072,0.10583586990833282,0.8137505902994767
sparsegpt-u80,sparsegpt,unstructured,0.8000042674305675,1803.067426501268,up_proj,8,csr_random,5,0.8000017438616072,0.10607987642288208,0.8118636365141402
sparsegpt-u80,sparsegpt,unstructured,0.8000042674305675,1803.067426501268,up_proj,8,csr_rowmajor,5,0.8000017438616072,0.08520781993865967,1.0108395265075163
sparsegpt-u80,sparsegpt,unstructured,0.8000042674305675,1803.067426501268,up_proj,8,dense,5,0.8000017438616072,0.08606389164924622,1.0
sparsegpt-u80,sparsegpt,unstructured,0.8000042674305675,1803.067426501268,up_proj,32,csr,5,0.8000017438616072,0.21598339080810547,1.0741405187033648
sparsegpt-u80,sparsegpt,unstructured,0.8000042674305675,1803.067426501268,up_proj,32,csr_random,5,0.8000017438616072,0.21658428013324738,1.0711656861706913
sparsegpt-u80,sparsegpt,unstructured,0.8000042674305675,1803.067426501268,up_proj,32,csr_rowmajor,5,0.8000017438616072,0.17193816602230072,1.3493073216076985
sparsegpt-u80,sparsegpt,unstructured,0.8000042674305675,1803.067426501268,up_proj,32,dense,5,0.8000017438616072,0.23199617862701416,1.0
sparsegpt-u80,sparsegpt,unstructured,0.8000042674305675,1803.067426501268,up_proj,128,csr,5,0.8000017438616072,0.9002521634101868,0.8371703960065103
sparsegpt-u80,sparsegpt,unstructured,0.8000042674305675,1803.067426501268,up_proj,128,csr_random,5,0.8000017438616072,0.8616466075181961,0.8757267142116335
sparsegpt-u80,sparsegpt,unstructured,0.8000042674305675,1803.067426501268,up_proj,128,csr_rowmajor,5,0.8000017438616072,0.6924327462911606,1.1121840708424928
sparsegpt-u80,sparsegpt,unstructured,0.8000042674305675,1803.067426501268,up_proj,128,dense,5,0.8000017438616072,0.7533330470323563,1.0
sparsegpt-u80,sparsegpt,unstructured,0.8000042674305675,1803.067426501268,up_proj,512,csr,5,0.8000017438616072,3.4407123923301697,0.6432068996558143
sparsegpt-u80,sparsegpt,unstructured,0.8000042674305675,1803.067426501268,up_proj,512,csr_random,5,0.8000017438616072,3.4625906497240067,0.6391028136452743
sparsegpt-u80,sparsegpt,unstructured,0.8000042674305675,1803.067426501268,up_proj,512,csr_rowmajor,5,0.8000017438616072,2.788585051894188,0.7942380386281427
sparsegpt-u80,sparsegpt,unstructured,0.8000042674305675,1803.067426501268,up_proj,512,dense,5,0.8000017438616072,2.2129274904727936,1.0
sparsegpt-u80,sparsegpt,unstructured,0.8000042674305675,1803.067426501268,v_proj,1,csr,5,0.800048828125,0.024987757205963135,0.27727615976124625
sparsegpt-u80,sparsegpt,unstructured,0.8000042674305675,1803.067426501268,v_proj,1,csr_random,5,0.800048828125,0.024978071451187134,0.2773845285082449
sparsegpt-u80,sparsegpt,unstructured,0.8000042674305675,1803.067426501268,v_proj,1,csr_rowmajor,5,0.800048828125,0.023124366998672485,0.2996227618428258
sparsegpt-u80,sparsegpt,unstructured,0.8000042674305675,1803.067426501268,v_proj,1,dense,5,0.800048828125,0.006928294897079468,1.0
sparsegpt-u80,sparsegpt,unstructured,0.8000042674305675,1803.067426501268,v_proj,8,csr,5,0.800048828125,0.040077418088912964,0.2867776436155652
sparsegpt-u80,sparsegpt,unstructured,0.8000042674305675,1803.067426501268,v_proj,8,csr_random,5,0.800048828125,0.04007108509540558,0.286825686618677
sparsegpt-u80,sparsegpt,unstructured,0.8000042674305675,1803.067426501268,v_proj,8,csr_rowmajor,5,0.800048828125,0.021357834339141846,0.5381309936479298
sparsegpt-u80,sparsegpt,unstructured,0.8000042674305675,1803.067426501268,v_proj,8,dense,5,0.800048828125,0.011493265628814697,1.0
sparsegpt-u80,sparsegpt,unstructured,0.8000042674305675,1803.067426501268,v_proj,32,csr,5,0.800048828125,0.0662490725517273,0.24512880887155086
sparsegpt-u80,sparsegpt,unstructured,0.8000042674305675,1803.067426501268,v_proj,32,csr_random,5,0.800048828125,0.06626322865486145,0.24507233152469826
sparsegpt-u80,sparsegpt,unstructured,0.8000042674305675,1803.067426501268,v_proj,32,csr_rowmajor,5,0.800048828125,0.023812055587768555,0.6820013680751701
sparsegpt-u80,sparsegpt,unstructured,0.8000042674305675,1803.067426501268,v_proj,32,dense,5,0.800048828125,0.016239285469055176,1.0
sparsegpt-u80,sparsegpt,unstructured,0.8000042674305675,1803.067426501268,v_proj,128,csr,5,0.800048828125,0.20335502922534943,0.15807034639181688
sparsegpt-u80,sparsegpt,unstructured,0.8000042674305675,1803.067426501268,v_proj,128,csr_random,5,0.800048828125,0.20675919950008392,0.1554619263731761
sparsegpt-u80,sparsegpt,unstructured,0.8000042674305675,1803.067426501268,v_proj,128,csr_rowmajor,5,0.800048828125,0.0382743775844574,0.8404816247775411
sparsegpt-u80,sparsegpt,unstructured,0.8000042674305675,1803.067426501268,v_proj,128,dense,5,0.800048828125,0.03214254975318909,1.0
sparsegpt-u80,sparsegpt,unstructured,0.8000042674305675,1803.067426501268,v_proj,512,csr,5,0.800048828125,0.8215319365262985,0.09398810993078745
sparsegpt-u80,sparsegpt,unstructured,0.8000042674305675,1803.067426501268,v_proj,512,csr_random,5,0.800048828125,0.8307650685310364,0.09295189931772634
sparsegpt-u80,sparsegpt,unstructured,0.8000042674305675,1803.067426501268,v_proj,512,csr_rowmajor,5,0.800048828125,0.11407285928726196,0.6788096611245035
sparsegpt-u80,sparsegpt,unstructured,0.8000042674305675,1803.067426501268,v_proj,512,dense,5,0.800048828125,0.07720738649368286,1.0
sparsegpt-u90,sparsegpt,unstructured,0.900004152849917,10780.291430512467,down_proj,1,csr,5,0.9000071590108083,0.10055191814899445,0.38097366621556195
sparsegpt-u90,sparsegpt,unstructured,0.900004152849917,10780.291430512467,down_proj,1,csr_random,5,0.9000071590108083,0.1008104532957077,0.3799754801779138
sparsegpt-u90,sparsegpt,unstructured,0.900004152849917,10780.291430512467,down_proj,1,csr_rowmajor,5,0.9000071590108083,0.0990748405456543,0.38667660957404054
sparsegpt-u90,sparsegpt,unstructured,0.900004152849917,10780.291430512467,down_proj,1,dense,5,0.9000071590108083,0.038291141390800476,1.0
sparsegpt-u90,sparsegpt,unstructured,0.900004152849917,10780.291430512467,down_proj,8,csr,5,0.9000071590108083,0.13306215405464172,0.947616222259207
sparsegpt-u90,sparsegpt,unstructured,0.900004152849917,10780.291430512467,down_proj,8,csr_random,5,0.9000071590108083,0.13349540531635284,0.9445944836205779
sparsegpt-u90,sparsegpt,unstructured,0.900004152849917,10780.291430512467,down_proj,8,csr_rowmajor,5,0.9000071590108083,0.04901327192783356,2.5735045586100513
sparsegpt-u90,sparsegpt,unstructured,0.900004152849917,10780.291430512467,down_proj,8,dense,5,0.9000071590108083,0.12609772384166718,1.0
sparsegpt-u90,sparsegpt,unstructured,0.900004152849917,10780.291430512467,down_proj,32,csr,5,0.9000071590108083,0.31108707189559937,0.7718404345773613
sparsegpt-u90,sparsegpt,unstructured,0.900004152849917,10780.291430512467,down_proj,32,csr_random,5,0.9000071590108083,0.3141351044178009,0.7644246464494291
sparsegpt-u90,sparsegpt,unstructured,0.900004152849917,10780.291430512467,down_proj,32,csr_rowmajor,5,0.9000071590108083,0.10872557759284973,2.2121976388649145
sparsegpt-u90,sparsegpt,unstructured,0.900004152849917,10780.291430512467,down_proj,32,dense,5,0.9000071590108083,0.24007335305213928,1.0
sparsegpt-u90,sparsegpt,unstructured,0.900004152849917,10780.291430512467,down_proj,128,csr,5,0.9000071590108083,1.2092288583517075,0.5037978082470961
sparsegpt-u90,sparsegpt,unstructured,0.900004152849917,10780.291430512467,down_proj,128,csr_random,5,0.9000071590108083,1.251065731048584,0.48689638526573026
sparsegpt-u90,sparsegpt,unstructured,0.900004152849917,10780.291430512467,down_proj,128,csr_rowmajor,5,0.9000071590108083,0.3976181149482727,1.5353121729361312
sparsegpt-u90,sparsegpt,unstructured,0.900004152849917,10780.291430512467,down_proj,128,dense,5,0.9000071590108083,0.6091378629207611,1.0
sparsegpt-u90,sparsegpt,unstructured,0.900004152849917,10780.291430512467,down_proj,512,csr,5,0.9000071590108083,6.403377652168274,0.42746889550669476
sparsegpt-u90,sparsegpt,unstructured,0.900004152849917,10780.291430512467,down_proj,512,csr_random,5,0.9000071590108083,6.552070751786232,0.417662783097126
sparsegpt-u90,sparsegpt,unstructured,0.900004152849917,10780.291430512467,down_proj,512,csr_rowmajor,5,0.9000071590108083,2.7449075132608414,0.9977307397884252
sparsegpt-u90,sparsegpt,unstructured,0.900004152849917,10780.291430512467,down_proj,512,dense,5,0.9000071590108083,2.736489102244377,1.0
sparsegpt-u90,sparsegpt,unstructured,0.900004152849917,10780.291430512467,gate_proj,1,csr,5,0.9000013308417528,0.06451122462749481,0.5794394867035673
sparsegpt-u90,sparsegpt,unstructured,0.900004152849917,10780.291430512467,gate_proj,1,csr_random,5,0.9000013308417528,0.0628538429737091,0.5948436475701738
sparsegpt-u90,sparsegpt,unstructured,0.900004152849917,10780.291430512467,gate_proj,1,csr_rowmajor,5,0.9000013308417528,0.06251335144042969,0.5979652324406325
sparsegpt-u90,sparsegpt,unstructured,0.900004152849917,10780.291430512467,gate_proj,1,dense,5,0.9000013308417528,0.03738030791282654,1.0
sparsegpt-u90,sparsegpt,unstructured,0.900004152849917,10780.291430512467,gate_proj,8,csr,5,0.9000013308417528,0.07693208754062653,1.1364495345953562
sparsegpt-u90,sparsegpt,unstructured,0.900004152849917,10780.291430512467,gate_proj,8,csr_random,5,0.9000013308417528,0.07657110691070557,1.1418633511552998
sparsegpt-u90,sparsegpt,unstructured,0.900004152849917,10780.291430512467,gate_proj,8,csr_rowmajor,5,0.9000013308417528,0.05740150809288025,1.5231399623169837
sparsegpt-u90,sparsegpt,unstructured,0.900004152849917,10780.291430512467,gate_proj,8,dense,5,0.9000013308417528,0.0874444842338562,1.0
sparsegpt-u90,sparsegpt,unstructured,0.900004152849917,10780.291430512467,gate_proj,32,csr,5,0.9000013308417528,0.15084221959114075,1.5413478211368274
sparsegpt-u90,sparsegpt,unstructured,0.900004152849917,10780.291430512467,gate_proj,32,csr_random,5,0.9000013308417528,0.1521185040473938,1.5283736833625876
sparsegpt-u90,sparsegpt,unstructured,0.900004152849917,10780.291430512467,gate_proj,32,csr_rowmajor,5,0.9000013308417528,0.10667890310287476,2.1794458344018217
sparsegpt-u90,sparsegpt,unstructured,0.900004152849917,10780.291430512467,gate_proj,32,dense,5,0.9000013308417528,0.23249313235282898,1.0
sparsegpt-u90,sparsegpt,unstructured,0.900004152849917,10780.291430512467,gate_proj,128,csr,5,0.9000013308417528,0.47030001878738403,1.628420406874106
sparsegpt-u90,sparsegpt,unstructured,0.900004152849917,10780.291430512467,gate_proj,128,csr_random,5,0.9000013308417528,0.4668198525905609,1.6405007029567187
sparsegpt-u90,sparsegpt,unstructured,0.900004152849917,10780.291430512467,gate_proj,128,csr_rowmajor,5,0.9000013308417528,0.2836838364601135,2.6968334718108307
sparsegpt-u90,sparsegpt,unstructured,0.900004152849917,10780.291430512467,gate_proj,128,dense,5,0.9000013308417528,0.7649127393960953,1.0
sparsegpt-u90,sparsegpt,unstructured,0.900004152849917,10780.291430512467,gate_proj,512,csr,5,0.9000013308417528,2.234821766614914,0.9925455101153189
sparsegpt-u90,sparsegpt,unstructured,0.900004152849917,10780.291430512467,gate_proj,512,csr_random,5,0.9000013308417528,2.450741082429886,0.9050190744841399
sparsegpt-u90,sparsegpt,unstructured,0.900004152849917,10780.291430512467,gate_proj,512,csr_rowmajor,5,0.9000013308417528,1.6760271042585373,1.3453605072023733
sparsegpt-u90,sparsegpt,unstructured,0.900004152849917,10780.291430512467,gate_proj,512,dense,5,0.9000013308417528,2.217760309576988,1.0
sparsegpt-u90,sparsegpt,unstructured,0.900004152849917,10780.291430512467,k_proj,1,csr,5,0.9000244140625,0.021411478519439697,0.3287759725814658
sparsegpt-u90,sparsegpt,unstructured,0.900004152849917,10780.291430512467,k_proj,1,csr_random,5,0.9000244140625,0.0215187668800354,0.3271315961885864
sparsegpt-u90,sparsegpt,unstructured,0.900004152849917,10780.291430512467,k_proj,1,csr_rowmajor,5,0.9000244140625,0.01964271068572998,0.35838248906597087
sparsegpt-u90,sparsegpt,unstructured,0.900004152849917,10780.291430512467,k_proj,1,dense,5,0.9000244140625,0.007039308547973633,1.0
sparsegpt-u90,sparsegpt,unstructured,0.900004152849917,10780.291430512467,k_proj,8,csr,5,0.9000244140625,0.036697834730148315,0.3168757790987454
sparsegpt-u90,sparsegpt,unstructured,0.900004152849917,10780.291430512467,k_proj,8,csr_random,5,0.9000244140625,0.036800652742385864,0.31600714110950506
sparsegpt-u90,sparsegpt,unstructured,0.900004152849917,10780.291430512467,k_proj,8,csr_rowmajor,5,0.9000244140625,0.018107891082763672,0.6421984139998179
sparsegpt-u90,sparsegpt,unstructured,0.900004152849917,10780.291430512467,k_proj,8,dense,5,0.9000244140625,0.011628121137619019,1.0
sparsegpt-u90,sparsegpt,unstructured,0.900004152849917,10780.291430512467,k_proj,32,csr,5,0.9000244140625,0.06270185112953186,0.2571067462334246
sparsegpt-u90,sparsegpt,unstructured,0.900004152849917,10780.291430512467,k_proj,32,csr_random,5,0.9000244140625,0.06349049508571625,0.2539169969216511
sparsegpt-u90,sparsegpt,unstructured,0.900004152849917,10780.291430512467,k_proj,32,csr_rowmajor,5,0.9000244140625,0.019815564155578613,0.8135519362438354
sparsegpt-u90,sparsegpt,unstructured,0.900004152849917,10780.291430512467,k_proj,32,dense,5,0.9000244140625,0.016120821237564087,1.0
sparsegpt-u90,sparsegpt,unstructured,0.900004152849917,10780.291430512467,k_proj,128,csr,5,0.9000244140625,0.18373429775238037,0.17642540314464433
sparsegpt-u90,sparsegpt,unstructured,0.900004152849917,10780.291430512467,k_proj,128,csr_random,5,0.9000244140625,0.1908436417579651,0.1698485572366645
sparsegpt-u90,sparsegpt,unstructured,0.900004152849917,10780.291430512467,k_proj,128,csr_rowmajor,5,0.9000244140625,0.029809027910232544,1.0883710755296732
sparsegpt-u90,sparsegpt,unstructured,0.900004152849917,10780.291430512467,k_proj,128,dense,5,0.9000244140625,0.03241449594497681,1.0
sparsegpt-u90,sparsegpt,unstructured,0.900004152849917,10780.291430512467,k_proj,512,csr,5,0.9000244140625,0.7317271083593369,0.10835751900407717
sparsegpt-u90,sparsegpt,unstructured,0.900004152849917,10780.291430512467,k_proj,512,csr_random,5,0.9000244140625,0.7544130086898804,0.10505704003383166
sparsegpt-u90,sparsegpt,unstructured,0.900004152849917,10780.291430512467,k_proj,512,csr_rowmajor,5,0.9000244140625,0.07490292191505432,1.0618869056457079
sparsegpt-u90,sparsegpt,unstructured,0.900004152849917,10780.291430512467,k_proj,512,dense,5,0.9000244140625,0.0792529433965683,1.0
sparsegpt-u90,sparsegpt,unstructured,0.900004152849917,10780.291430512467,o_proj,1,csr,5,0.900007473692602,0.03574565052986145,0.3250835117130814
sparsegpt-u90,sparsegpt,unstructured,0.900004152849917,10780.291430512467,o_proj,1,csr_random,5,0.900007473692602,0.035170093178749084,0.330320910792408
sparsegpt-u90,sparsegpt,unstructured,0.900004152849917,10780.291430512467,o_proj,1,csr_rowmajor,5,0.900007473692602,0.03375113010406494,0.34431666918547893
sparsegpt-u90,sparsegpt,unstructured,0.900004152849917,10780.291430512467,o_proj,1,dense,5,0.900007473692602,0.011612474918365479,1.0
sparsegpt-u90,sparsegpt,unstructured,0.900004152849917,10780.291430512467,o_proj,8,csr,5,0.900007473692602,0.04983842372894287,0.6678074459178682
sparsegpt-u90,sparsegpt,unstructured,0.900004152849917,10780.291430512467,o_proj,8,csr_random,5,0.900007473692602,0.05010254681110382,0.6642675585440052
sparsegpt-u90,sparsegpt,unstructured,0.900004152849917,10780.291430512467,o_proj,8,csr_rowmajor,5,0.900007473692602,0.03104880452156067,1.0718625576858143
sparsegpt-u90,sparsegpt,unstructured,0.900004152849917,10780.291430512467,o_proj,8,dense,5,0.900007473692602,0.03327764570713043,1.0
sparsegpt-u90,sparsegpt,unstructured,0.900004152849917,10780.291430512467,o_proj,32,csr,5,0.900007473692602,0.08795447647571564,0.6019207172276432
sparsegpt-u90,sparsegpt,unstructured,0.900004152849917,10780.291430512467,o_proj,32,csr_random,5,0.900007473692602,0.08910298347473145,0.5941229879613814
sparsegpt-u90,sparsegpt,unstructured,0.900004152849917,10780.291430512467,o_proj,32,csr_rowmajor,5,0.900007473692602,0.045064836740493774,1.1747212472540716
sparsegpt-u90,sparsegpt,unstructured,0.900004152849917,10780.291430512467,o_proj,32,dense,5,0.900007473692602,0.05293525755405426,1.0
sparsegpt-u90,sparsegpt,unstructured,0.900004152849917,10780.291430512467,o_proj,128,csr,5,0.900007473692602,0.2569224685430527,0.5114357318910121
sparsegpt-u90,sparsegpt,unstructured,0.900004152849917,10780.291430512467,o_proj,128,csr_random,5,0.900007473692602,0.2627074718475342,0.5000524027108559
sparsegpt-u90,sparsegpt,unstructured,0.900004152849917,10780.291430512467,o_proj,128,csr_rowmajor,5,0.900007473692602,0.08573085069656372,1.532369795805988
sparsegpt-u90,sparsegpt,unstructured,0.900004152849917,10780.291430512467,o_proj,128,dense,5,0.900007473692602,0.1313626766204834,1.0
sparsegpt-u90,sparsegpt,unstructured,0.900004152849917,10780.291430512467,o_proj,512,csr,5,0.900007473692602,0.9809177368879318,0.4600305160489706
sparsegpt-u90,sparsegpt,unstructured,0.900004152849917,10780.291430512467,o_proj,512,csr_random,5,0.900007473692602,1.0232795029878616,0.4409428985803766
sparsegpt-u90,sparsegpt,unstructured,0.900004152849917,10780.291430512467,o_proj,512,csr_rowmajor,5,0.900007473692602,0.2727292478084564,1.6593892599969053
sparsegpt-u90,sparsegpt,unstructured,0.900004152849917,10780.291430512467,o_proj,512,dense,5,0.900007473692602,0.45119039714336395,1.0
sparsegpt-u90,sparsegpt,unstructured,0.900004152849917,10780.291430512467,q_proj,1,csr,5,0.9000087193080357,0.03457590937614441,0.3376882276004941
sparsegpt-u90,sparsegpt,unstructured,0.900004152849917,10780.291430512467,q_proj,1,csr_random,5,0.9000087193080357,0.03429725766181946,0.3403826180545246
sparsegpt-u90,sparsegpt,unstructured,0.900004152849917,10780.291430512467,q_proj,1,csr_rowmajor,5,0.9000087193080357,0.032670795917510986,0.357373219213523
sparsegpt-u90,sparsegpt,unstructured,0.900004152849917,10780.291430512467,q_proj,1,dense,5,0.9000087193080357,0.0116690993309021,1.0
sparsegpt-u90,sparsegpt,unstructured,0.900004152849917,10780.291430512467,q_proj,8,csr,5,0.9000087193080357,0.05000084638595581,0.6651304084508597
sparsegpt-u90,sparsegpt,unstructured,0.900004152849917,10780.291430512467,q_proj,8,csr_random,5,0.9000087193080357,0.05006417632102966,0.6642804168716125
sparsegpt-u90,sparsegpt,unstructured,0.900004152849917,10780.291430512467,q_proj,8,csr_rowmajor,5,0.9000087193080357,0.030919164419174194,1.075652440871181
sparsegpt-u90,sparsegpt,unstructured,0.900004152849917,10780.291430512467,q_proj,8,dense,5,0.9000087193080357,0.0332564115524292,1.0
sparsegpt-u90,sparsegpt,unstructured,0.900004152849917,10780.291430512467,q_proj,32,csr,5,0.9000087193080357,0.0895872712135315,0.5906619744299844
sparsegpt-u90,sparsegpt,unstructured,0.900004152849917,10780.291430512467,q_proj,32,csr_random,5,0.9000087193080357,0.08940994739532471,0.5918041184899083
sparsegpt-u90,sparsegpt,unstructured,0.900004152849917,10780.291430512467,q_proj,32,csr_rowmajor,5,0.9000087193080357,0.046087801456451416,1.148106960155076
sparsegpt-u90,sparsegpt,unstructured,0.900004152849917,10780.291430512467,q_proj,32,dense,5,0.9000087193080357,0.052903592586517334,1.0
sparsegpt-u90,sparsegpt,unstructured,0.900004152849917,10780.291430512467,q_proj,128,csr,5,0.9000087193080357,0.2597540616989136,0.5066395377538213
sparsegpt-u90,sparsegpt,unstructured,0.900004152849917,10780.291430512467,q_proj,128,csr_random,5,0.9000087193080357,0.26116110384464264,0.5038351557624232
sparsegpt-u90,sparsegpt,unstructured,0.900004152849917,10780.291430512467,q_proj,128,csr_rowmajor,5,0.9000087193080357,0.09121373295783997,1.4440174124838652
sparsegpt-u90,sparsegpt,unstructured,0.900004152849917,10780.291430512467,q_proj,128,dense,5,0.9000087193080357,0.13157948851585388,1.0
sparsegpt-u90,sparsegpt,unstructured,0.900004152849917,10780.291430512467,q_proj,512,csr,5,0.9000087193080357,0.9976755827665329,0.4526313611188912
sparsegpt-u90,sparsegpt,unstructured,0.900004152849917,10780.291430512467,q_proj,512,csr_random,5,0.9000087193080357,1.04900524020195,0.4310945013041161
sparsegpt-u90,sparsegpt,unstructured,0.900004152849917,10780.291430512467,q_proj,512,csr_rowmajor,5,0.9000087193080357,0.28760507702827454,1.5772757954000483
sparsegpt-u90,sparsegpt,unstructured,0.900004152849917,10780.291430512467,q_proj,512,dense,5,0.9000087193080357,0.451524555683136,1.0
sparsegpt-u90,sparsegpt,unstructured,0.900004152849917,10780.291430512467,up_proj,1,csr,5,0.9000012849506579,0.06367266178131104,0.5721896952554556
sparsegpt-u90,sparsegpt,unstructured,0.900004152849917,10780.291430512467,up_proj,1,csr_random,5,0.9000012849506579,0.06285905838012695,0.5795844233223054
sparsegpt-u90,sparsegpt,unstructured,0.900004152849917,10780.291430512467,up_proj,1,csr_rowmajor,5,0.9000012849506579,0.0616416335105896,0.5910412967926436
sparsegpt-u90,sparsegpt,unstructured,0.900004152849917,10780.291430512467,up_proj,1,dense,5,0.9000012849506579,0.03643035888671875,1.0
sparsegpt-u90,sparsegpt,unstructured,0.900004152849917,10780.291430512467,up_proj,8,csr,5,0.9000012849506579,0.07760152220726013,1.0645030461410288
sparsegpt-u90,sparsegpt,unstructured,0.900004152849917,10780.291430512467,up_proj,8,csr_random,5,0.9000012849506579,0.07684044539928436,1.0750362374159275
sparsegpt-u90,sparsegpt,unstructured,0.900004152849917,10780.291430512467,up_proj,8,csr_rowmajor,5,0.9000012849506579,0.0576358288526535,1.43352288951915
sparsegpt-u90,sparsegpt,unstructured,0.900004152849917,10780.291430512467,up_proj,8,dense,5,0.9000012849506579,0.08256062865257263,1.0
sparsegpt-u90,sparsegpt,unstructured,0.900004152849917,10780.291430512467,up_proj,32,csr,5,0.9000012849506579,0.15136078000068665,1.5356080633611595
sparsegpt-u90,sparsegpt,unstructured,0.900004152849917,10780.291430512467,up_proj,32,csr_random,5,0.9000012849506579,0.15201792120933533,1.528964517225658
sparsegpt-u90,sparsegpt,unstructured,0.900004152849917,10780.291430512467,up_proj,32,csr_rowmajor,5,0.9000012849506579,0.10734349489212036,2.1652872321134833
sparsegpt-u90,sparsegpt,unstructured,0.900004152849917,10780.291430512467,up_proj,32,dense,5,0.9000012849506579,0.23242905735969543,1.0
sparsegpt-u90,sparsegpt,unstructured,0.900004152849917,10780.291430512467,up_proj,128,csr,5,0.9000012849506579,0.4743289202451706,1.616331185749896
sparsegpt-u90,sparsegpt,unstructured,0.900004152849917,10780.291430512467,up_proj,128,csr_random,5,0.9000012849506579,0.47445930540561676,1.6160309368265806
sparsegpt-u90,sparsegpt,unstructured,0.900004152849917,10780.291430512467,up_proj,128,csr_rowmajor,5,0.9000012849506579,0.28474628925323486,2.695911072241437
sparsegpt-u90,sparsegpt,unstructured,0.900004152849917,10780.291430512467,up_proj,128,dense,5,0.9000012849506579,0.766284391283989,1.0
sparsegpt-u90,sparsegpt,unstructured,0.900004152849917,10780.291430512467,up_proj,512,csr,5,0.9000012849506579,2.313132584095001,0.9569316950761192
sparsegpt-u90,sparsegpt,unstructured,0.900004152849917,10780.291430512467,up_proj,512,csr_random,5,0.9000012849506579,2.4687856435775757,0.8962666010830473
sparsegpt-u90,sparsegpt,unstructured,0.900004152849917,10780.291430512467,up_proj,512,csr_rowmajor,5,0.9000012849506579,1.6190655529499054,1.3690314355224873
sparsegpt-u90,sparsegpt,unstructured,0.900004152849917,10780.291430512467,up_proj,512,dense,5,0.9000012849506579,2.2121481597423553,1.0
sparsegpt-u90,sparsegpt,unstructured,0.900004152849917,10780.291430512467,v_proj,1,csr,5,0.9000261579241071,0.021456927061080933,0.3281019832189797
sparsegpt-u90,sparsegpt,unstructured,0.900004152849917,10780.291430512467,v_proj,1,csr_random,5,0.9000261579241071,0.021492689847946167,0.3275595692724757
sparsegpt-u90,sparsegpt,unstructured,0.900004152849917,10780.291430512467,v_proj,1,csr_rowmajor,5,0.9000261579241071,0.019664689898490906,0.358006374237609
sparsegpt-u90,sparsegpt,unstructured,0.900004152849917,10780.291430512467,v_proj,1,dense,5,0.9000261579241071,0.007040053606033325,1.0
sparsegpt-u90,sparsegpt,unstructured,0.900004152849917,10780.291430512467,v_proj,8,csr,5,0.9000261579241071,0.03670826554298401,0.3170651737595689
sparsegpt-u90,sparsegpt,unstructured,0.900004152849917,10780.291430512467,v_proj,8,csr_random,5,0.9000261579241071,0.0367041677236557,0.31711487000680344
sparsegpt-u90,sparsegpt,unstructured,0.900004152849917,10780.291430512467,v_proj,8,csr_rowmajor,5,0.9000261579241071,0.01811385154724121,0.6425500920364886
sparsegpt-u90,sparsegpt,unstructured,0.900004152849917,10780.291430512467,v_proj,8,dense,5,0.9000261579241071,0.011638551950454712,1.0
sparsegpt-u90,sparsegpt,unstructured,0.900004152849917,10780.291430512467,v_proj,32,csr,5,0.9000261579241071,0.06283298134803772,0.25805819709242633
sparsegpt-u90,sparsegpt,unstructured,0.900004152849917,10780.291430512467,v_proj,32,csr_random,5,0.9000261579241071,0.06360672414302826,0.2549185562848831
sparsegpt-u90,sparsegpt,unstructured,0.900004152849917,10780.291430512467,v_proj,32,csr_rowmajor,5,0.9000261579241071,0.019869953393936157,0.816017348453875
sparsegpt-u90,sparsegpt,unstructured,0.900004152849917,10780.291430512467,v_proj,32,dense,5,0.9000261579241071,0.016213953495025635,1.0
sparsegpt-u90,sparsegpt,unstructured,0.900004152849917,10780.291430512467,v_proj,128,csr,5,0.9000261579241071,0.18280036747455597,0.17747363462411245
sparsegpt-u90,sparsegpt,unstructured,0.900004152849917,10780.291430512467,v_proj,128,csr_random,5,0.9000261579241071,0.18993467092514038,0.1706714373081872
sparsegpt-u90,sparsegpt,unstructured,0.900004152849917,10780.291430512467,v_proj,128,csr_rowmajor,5,0.9000261579241071,0.028996914625167847,1.1179256168272678
sparsegpt-u90,sparsegpt,unstructured,0.900004152849917,10780.291430512467,v_proj,128,dense,5,0.9000261579241071,0.0324152410030365,1.0
sparsegpt-u90,sparsegpt,unstructured,0.900004152849917,10780.291430512467,v_proj,512,csr,5,0.9000261579241071,0.7206924259662628,0.11164563184056805
sparsegpt-u90,sparsegpt,unstructured,0.900004152849917,10780.291430512467,v_proj,512,csr_random,5,0.9000261579241071,0.7486965507268906,0.10732391728270235
sparsegpt-u90,sparsegpt,unstructured,0.900004152849917,10780.291430512467,v_proj,512,csr_rowmajor,5,0.9000261579241071,0.06771162152290344,1.1899973442789158
sparsegpt-u90,sparsegpt,unstructured,0.900004152849917,10780.291430512467,v_proj,512,dense,5,0.9000261579241071,0.08034221827983856,1.0
wanda-block16x16-50,wanda,block16,0.5000015035217061,721120061.1602852,down_proj,1,csr,5,0.5000019274259868,0.3556713927537203,0.11032536718853296
wanda-block16x16-50,wanda,block16,0.5000015035217061,721120061.1602852,down_proj,1,csr_random,5,0.5000019274259868,0.3597709583118558,0.10908208740562465
wanda-block16x16-50,wanda,block16,0.5000015035217061,721120061.1602852,down_proj,1,csr_rowmajor,5,0.5000019274259868,0.35316990688443184,0.11109970227762804
wanda-block16x16-50,wanda,block16,0.5000015035217061,721120061.1602852,down_proj,1,dense,5,0.5000019274259868,0.039238063618540764,1.0
wanda-block16x16-50,wanda,block16,0.5000015035217061,721120061.1602852,down_proj,8,csr,5,0.5000019274259868,0.32149681355804205,0.4291680519136875
wanda-block16x16-50,wanda,block16,0.5000015035217061,721120061.1602852,down_proj,8,csr_random,5,0.5000019274259868,0.32712200190871954,0.4218068417720643
wanda-block16x16-50,wanda,block16,0.5000015035217061,721120061.1602852,down_proj,8,csr_rowmajor,5,0.5000019274259868,0.24845420848578215,0.5552118570037169
wanda-block16x16-50,wanda,block16,0.5000015035217061,721120061.1602852,down_proj,8,dense,5,0.5000019274259868,0.13798349536955357,1.0
wanda-block16x16-50,wanda,block16,0.5000015035217061,721120061.1602852,down_proj,32,csr,5,0.5000019274259868,0.7736052153632045,0.3102707873722748
wanda-block16x16-50,wanda,block16,0.5000015035217061,721120061.1602852,down_proj,32,csr_random,5,0.5000019274259868,0.815473054535687,0.2921006889580773
wanda-block16x16-50,wanda,block16,0.5000015035217061,721120061.1602852,down_proj,32,csr_rowmajor,5,0.5000019274259868,0.46152204740792513,0.5160571585266629
wanda-block16x16-50,wanda,block16,0.5000015035217061,721120061.1602852,down_proj,32,dense,5,0.5000019274259868,0.23816977627575397,1.0
wanda-block16x16-50,wanda,block16,0.5000015035217061,721120061.1602852,down_proj,128,csr,5,0.5000019274259868,3.678992227651179,0.16349053731450122
wanda-block16x16-50,wanda,block16,0.5000015035217061,721120061.1602852,down_proj,128,csr_random,5,0.5000019274259868,4.385315207764506,0.13711063381854563
wanda-block16x16-50,wanda,block16,0.5000015035217061,721120061.1602852,down_proj,128,csr_rowmajor,5,0.5000019274259868,2.7477612951770425,0.22022284168073047
wanda-block16x16-50,wanda,block16,0.5000015035217061,721120061.1602852,down_proj,128,dense,5,0.5000019274259868,0.6012079073116183,1.0
wanda-block16x16-50,wanda,block16,0.5000015035217061,721120061.1602852,down_proj,512,csr,5,0.5000019274259868,15.810274612158537,0.1711056973007518
wanda-block16x16-50,wanda,block16,0.5000015035217061,721120061.1602852,down_proj,512,csr_random,5,0.5000019274259868,16.50891429744661,0.16393525325161604
wanda-block16x16-50,wanda,block16,0.5000015035217061,721120061.1602852,down_proj,512,csr_rowmajor,5,0.5000019274259868,11.987364548258483,0.22567089146827776
wanda-block16x16-50,wanda,block16,0.5000015035217061,721120061.1602852,down_proj,512,dense,5,0.5000019274259868,2.7049539843574166,1.0
wanda-block16x16-50,wanda,block16,0.5000015035217061,721120061.1602852,gate_proj,1,csr,5,0.5000012849506579,0.32286455389112234,0.1589049052212182
wanda-block16x16-50,wanda,block16,0.5000015035217061,721120061.1602852,gate_proj,1,csr_random,5,0.5000012849506579,0.3225994296371937,0.15909556758887333
wanda-block16x16-50,wanda,block16,0.5000015035217061,721120061.1602852,gate_proj,1,csr_rowmajor,5,0.5000012849506579,0.3201195504516363,0.1602765819433356
wanda-block16x16-50,wanda,block16,0.5000015035217061,721120061.1602852,gate_proj,1,dense,5,0.5000012849506579,0.05130236968398094,1.0
wanda-block16x16-50,wanda,block16,0.5000015035217061,721120061.1602852,gate_proj,8,csr,5,0.5000012849506579,0.2627283101901412,0.4999303513233797
wanda-block16x16-50,wanda,block16,0.5000015035217061,721120061.1602852,gate_proj,8,csr_random,5,0.5000012849506579,0.2614443888887763,0.50374110833455
wanda-block16x16-50,wanda,block16,0.5000015035217061,721120061.1602852,gate_proj,8,csr_rowmajor,5,0.5000012849506579,0.24275938048958778,0.5419431929209763
wanda-block16x16-50,wanda,block16,0.5000015035217061,721120061.1602852,gate_proj,8,dense,5,0.5000012849506579,0.1314103603363037,1.0
wanda-block16x16-50,wanda,block16,0.5000015035217061,721120061.1602852,gate_proj,32,csr,5,0.5000012849506579,0.48889429308474064,0.48898628798745813
wanda-block16x16-50,wanda,block16,0.5000015035217061,721120061.1602852,gate_proj,32,csr_random,5,0.5000012849506579,0.505263009108603,0.47318951519601316
wanda-block16x16-50,wanda,block16,0.5000015035217061,721120061.1602852,gate_proj,32,csr_rowmajor,5,0.5000012849506579,0.4490118008106947,0.5324540896514283
wanda-block16x16-50,wanda,block16,0.5000015035217061,721120061.1602852,gate_proj,32,dense,5,0.5000012849506579,0.23905944544821978,1.0
wanda-block16x16-50,wanda,block16,0.5000015035217061,721120061.1602852,gate_proj,128,csr,5,0.5000012849506579,1.6805523773655295,0.46670174434475686
wanda-block16x16-50,wanda,block16,0.5000015035217061,721120061.1602852,gate_proj,128,csr_random,5,0.5000012849506579,1.710645528510213,0.46026805464169157
wanda-block16x16-50,wanda,block16,0.5000015035217061,721120061.1602852,gate_proj,128,csr_rowmajor,5,0.5000012849506579,1.5704178716987371,0.49900505394134664
wanda-block16x16-50,wanda,block16,0.5000015035217061,721120061.1602852,gate_proj,128,dense,5,0.5000012849506579,0.7840120233595371,1.0
wanda-block16x16-50,wanda,block16,0.5000015035217061,721120061.1602852,gate_proj,512,csr,5,0.5000012849506579,7.918017101474106,0.2832682256841492
wanda-block16x16-50,wanda,block16,0.5000015035217061,721120061.1602852,gate_proj,512,csr_random,5,0.5000012849506579,8.29520400147885,0.26972975155080375
wanda-block16x16-50,wanda,block16,0.5000015035217061,721120061.1602852,gate_proj,512,csr_rowmajor,5,0.5000012849506579,7.257842691615224,0.30894417487625303
wanda-block16x16-50,wanda,block16,0.5000015035217061,721120061.1602852,gate_proj,512,dense,5,0.5000012849506579,2.2365747950971127,1.0
wanda-block16x16-50,wanda,block16,0.5000015035217061,721120061.1602852,k_proj,1,csr,5,0.5000017438616071,0.029932893812656403,0.23489350590925195
wanda-block16x16-50,wanda,block16,0.5000015035217061,721120061.1602852,k_proj,1,csr_random,5,0.5000017438616071,0.02995748072862625,0.23468601486685237
wanda-block16x16-50,wanda,block16,0.5000015035217061,721120061.1602852,k_proj,1,csr_rowmajor,5,0.5000017438616071,0.02805194817483425,0.2506561159802913
wanda-block16x16-50,wanda,block16,0.5000015035217061,721120061.1602852,k_proj,1,dense,5,0.5000017438616071,0.007029203698039055,1.0
wanda-block16x16-50,wanda,block16,0.5000015035217061,721120061.1602852,k_proj,8,csr,5,0.5000017438616071,0.04446576349437237,0.26277514516970885
wanda-block16x16-50,wanda,block16,0.5000015035217061,721120061.1602852,k_proj,8,csr_random,5,0.5000017438616071,0.04488872364163399,0.2603099334278298
wanda-block16x16-50,wanda,block16,0.5000015035217061,721120061.1602852,k_proj,8,csr_rowmajor,5,0.5000017438616071,0.02587083727121353,0.4516671840748821
wanda-block16x16-50,wanda,block16,0.5000015035217061,721120061.1602852,k_proj,8,dense,5,0.5000017438616071,0.011682184413075447,1.0
wanda-block16x16-50,wanda,block16,0.5000015035217061,721120061.1602852,k_proj,32,csr,5,0.5000017438616071,0.07124943658709526,0.22653465248321267
wanda-block16x16-50,wanda,block16,0.5000015035217061,721120061.1602852,k_proj,32,csr_random,5,0.5000017438616071,0.07269477937370539,0.22198551897204674
wanda-block16x16-50,wanda,block16,0.5000015035217061,721120061.1602852,k_proj,32,csr_rowmajor,5,0.5000017438616071,0.0305903609842062,0.5276230117706364
wanda-block16x16-50,wanda,block16,0.5000015035217061,721120061.1602852,k_proj,32,dense,5,0.5000017438616071,0.01613493077456951,1.0
wanda-block16x16-50,wanda,block16,0.5000015035217061,721120061.1602852,k_proj,128,csr,5,0.5000017438616071,0.22313708905130625,0.1433503483070585
wanda-block16x16-50,wanda,block16,0.5000015035217061,721120061.1602852,k_proj,128,csr_random,5,0.5000017438616071,0.23305951617658138,0.13723449272856503
wanda-block16x16-50,wanda,block16,0.5000015035217061,721120061.1602852,k_proj,128,csr_rowmajor,5,0.5000017438616071,0.06586846429854631,0.4858068380783628
wanda-block16x16-50,wanda,block16,0.5000015035217061,721120061.1602852,k_proj,128,dense,5,0.5000017438616071,0.03198198974132538,1.0
wanda-block16x16-50,wanda,block16,0.5000015035217061,721120061.1602852,k_proj,512,csr,5,0.5000017438616071,0.9504202520474792,0.08287896921297527
wanda-block16x16-50,wanda,block16,0.5000015035217061,721120061.1602852,k_proj,512,csr_random,5,0.5000017438616071,0.971410283818841,0.0810731110762208
wanda-block16x16-50,wanda,block16,0.5000015035217061,721120061.1602852,k_proj,512,csr_rowmajor,5,0.5000017438616071,0.27287499979138374,0.2893009913835864
wanda-block16x16-50,wanda,block16,0.5000015035217061,721120061.1602852,k_proj,512,dense,5,0.5000017438616071,0.0787563156336546,1.0
wanda-block16x16-50,wanda,block16,0.5000015035217061,721120061.1602852,o_proj,1,csr,5,0.5000014947385204,0.06596208550035954,0.1766455173393208
wanda-block16x16-50,wanda,block16,0.5000015035217061,721120061.1602852,o_proj,1,csr_random,5,0.5000014947385204,0.0653210561722517,0.17827257276587039
wanda-block16x16-50,wanda,block16,0.5000015035217061,721120061.1602852,o_proj,1,csr_rowmajor,5,0.5000014947385204,0.06425639148801565,0.18145258557300664
wanda-block16x16-50,wanda,block16,0.5000015035217061,721120061.1602852,o_proj,1,dense,5,0.5000014947385204,0.011642184108495712,1.0
wanda-block16x16-50,wanda,block16,0.5000015035217061,721120061.1602852,o_proj,8,csr,5,0.5000014947385204,0.06327929440885782,0.5249089120546259
wanda-block16x16-50,wanda,block16,0.5000015035217061,721120061.1602852,o_proj,8,csr_random,5,0.5000014947385204,0.06457725539803505,0.5143384724790652
wanda-block16x16-50,wanda,block16,0.5000015035217061,721120061.1602852,o_proj,8,csr_rowmajor,5,0.5000014947385204,0.04500760696828365,0.7379627414747117
wanda-block16x16-50,wanda,block16,0.5000015035217061,721120061.1602852,o_proj,8,dense,5,0.5000014947385204,0.03321371041238308,1.0
wanda-block16x16-50,wanda,block16,0.5000015035217061,721120061.1602852,o_proj,32,csr,5,0.5000014947385204,0.1304798061028123,0.400895672466278
wanda-block16x16-50,wanda,block16,0.5000015035217061,721120061.1602852,o_proj,32,csr_random,5,0.5000014947385204,0.13536177575588226,0.3864322542935863
wanda-block16x16-50,wanda,block16,0.5000015035217061,721120061.1602852,o_proj,32,csr_rowmajor,5,0.5000014947385204,0.08991886861622334,0.5817374245448249
wanda-block16x16-50,wanda,block16,0.5000015035217061,721120061.1602852,o_proj,32,dense,5,0.5000014947385204,0.052306707948446274,1.0
wanda-block16x16-50,wanda,block16,0.5000015035217061,721120061.1602852,o_proj,128,csr,5,0.5000014947385204,0.4393011564388871,0.2924526682912431
wanda-block16x16-50,wanda,block16,0.5000015035217061,721120061.1602852,o_proj,128,csr_random,5,0.5000014947385204,0.4619792802259326,0.2781257360144455
wanda-block16x16-50,wanda,block16,0.5000015035217061,721120061.1602852,o_proj,128,csr_rowmajor,5,0.5000014947385204,0.28507530223578215,0.45058287767891725
wanda-block16x16-50,wanda,block16,0.5000015035217061,721120061.1602852,o_proj,128,dense,5,0.5000014947385204,0.12844596058130264,1.0
wanda-block16x16-50,wanda,block16,0.5000015035217061,721120061.1602852,o_proj,512,csr,5,0.5000014947385204,1.832412276417017,0.23820022691176182
wanda-block16x16-50,wanda,block16,0.5000015035217061,721120061.1602852,o_proj,512,csr_random,5,0.5000014947385204,1.9957840908318758,0.21830402067051796
wanda-block16x16-50,wanda,block16,0.5000015035217061,721120061.1602852,o_proj,512,csr_rowmajor,5,0.5000014947385204,1.3141457689926028,0.33255327244538746
wanda-block16x16-50,wanda,block16,0.5000015035217061,721120061.1602852,o_proj,512,dense,5,0.5000014947385204,0.43556157033890486,1.0
wanda-block16x16-50,wanda,block16,0.5000015035217061,721120061.1602852,q_proj,1,csr,5,0.5000017438616071,0.06553123239427805,0.17737199814471924
wanda-block16x16-50,wanda,block16,0.5000015035217061,721120061.1602852,q_proj,1,csr_random,5,0.5000017438616071,0.06469120271503925,0.1796799502108358
wanda-block16x16-50,wanda,block16,0.5000015035217061,721120061.1602852,q_proj,1,csr_rowmajor,5,0.5000017438616071,0.06364115979522467,0.18264006380254522
wanda-block16x16-50,wanda,block16,0.5000015035217061,721120061.1602852,q_proj,1,dense,5,0.5000017438616071,0.011622952297329903,1.0
wanda-block16x16-50,wanda,block16,0.5000015035217061,721120061.1602852,q_proj,8,csr,5,0.5000017438616071,0.06342532578855753,0.5241040642624085
wanda-block16x16-50,wanda,block16,0.5000015035217061,721120061.1602852,q_proj,8,csr_random,5,0.5000017438616071,0.06404556334018707,0.519018483172445
wanda-block16x16-50,wanda,block16,0.5000015035217061,721120061.1602852,q_proj,8,csr_rowmajor,5,0.5000017438616071,0.04502860829234123,0.7382131789946662
wanda-block16x16-50,wanda,block16,0.5000015035217061,721120061.1602852,q_proj,8,dense,5,0.5000017438616071,0.033240439370274544,1.0
wanda-block16x16-50,wanda,block16,0.5000015035217061,721120061.1602852,q_proj,32,csr,5,0.5000017438616071,0.1335767563432455,0.3915241002737807
wanda-block16x16-50,wanda,block16,0.5000015035217061,721120061.1602852,q_proj,32,csr_random,5,0.5000017438616071,0.13431538827717304,0.3893709628265905
wanda-block16x16-50,wanda,block16,0.5000015035217061,721120061.1602852,q_proj,32,csr_rowmajor,5,0.5000017438616071,0.09057396091520786,0.5774182825953393
wanda-block16x16-50,wanda,block16,0.5000015035217061,721120061.1602852,q_proj,32,dense,5,0.5000017438616071,0.052298372611403465,1.0
wanda-block16x16-50,wanda,block16,0.5000015035217061,721120061.1602852,q_proj,128,csr,5,0.5000017438616071,0.4512069281190634,0.2844043416300158
wanda-block16x16-50,wanda,block16,0.5000015035217061,721120061.1602852,q_proj,128,csr_random,5,0.5000017438616071,0.45772544108331203,0.28045063244887064
wanda-block16x16-50,wanda,block16,0.5000015035217061,721120061.1602852,q_proj,128,csr_rowmajor,5,0.5000017438616071,0.29089273884892464,0.44127733851079853
wanda-block16x16-50,wanda,block16,0.5000015035217061,721120061.1602852,q_proj,128,dense,5,0.5000017438616071,0.12830877676606178,1.0
wanda-block16x16-50,wanda,block16,0.5000015035217061,721120061.1602852,q_proj,512,csr,5,0.5000017438616071,2.261330932378769,0.19318004216960055
wanda-block16x16-50,wanda,block16,0.5000015035217061,721120061.1602852,q_proj,512,csr_random,5,0.5000017438616071,2.0318700931966305,0.2148375656073396
wanda-block16x16-50,wanda,block16,0.5000015035217061,721120061.1602852,q_proj,512,csr_rowmajor,5,0.5000017438616071,1.647276314906776,0.2653100244989277
wanda-block16x16-50,wanda,block16,0.5000015035217061,721120061.1602852,q_proj,512,dense,5,0.5000017438616071,0.43650183361023664,1.0
wanda-block16x16-50,wanda,block16,0.5000015035217061,721120061.1602852,up_proj,1,csr,5,0.5000013308417528,0.3212960436940193,0.11772144103963372
wanda-block16x16-50,wanda,block16,0.5000015035217061,721120061.1602852,up_proj,1,csr_random,5,0.5000013308417528,0.325546832755208,0.11619255833323133
wanda-block16x16-50,wanda,block16,0.5000015035217061,721120061.1602852,up_proj,1,csr_rowmajor,5,0.5000013308417528,0.31838552094995975,0.11880012370215402
wanda-block16x16-50,wanda,block16,0.5000015035217061,721120061.1602852,up_proj,1,dense,5,0.5000013308417528,0.03782035782933235,1.0
wanda-block16x16-50,wanda,block16,0.5000015035217061,721120061.1602852,up_proj,8,csr,5,0.5000013308417528,0.2585271606221795,0.3527356250394837
wanda-block16x16-50,wanda,block16,0.5000015035217061,721120061.1602852,up_proj,8,csr_random,5,0.5000013308417528,0.26398245245218277,0.34546572302186335
wanda-block16x16-50,wanda,block16,0.5000015035217061,721120061.1602852,up_proj,8,csr_rowmajor,5,0.5000013308417528,0.2398478565737605,0.38020627837839627
wanda-block16x16-50,wanda,block16,0.5000015035217061,721120061.1602852,up_proj,8,dense,5,0.5000013308417528,0.09117103181779385,1.0
wanda-block16x16-50,wanda,block16,0.5000015035217061,721120061.1602852,up_proj,32,csr,5,0.5000013308417528,0.48889194149523973,0.4757719575960322
wanda-block16x16-50,wanda,block16,0.5000015035217061,721120061.1602852,up_proj,32,csr_random,5,0.5000013308417528,0.5067266523838043,0.45900885554720383
wanda-block16x16-50,wanda,block16,0.5000015035217061,721120061.1602852,up_proj,32,csr_rowmajor,5,0.5000013308417528,0.4503822885453701,0.5164566711611905
wanda-block16x16-50,wanda,block16,0.5000015035217061,721120061.1602852,up_proj,32,dense,5,0.5000013308417528,0.23258987348526716,1.0
wanda-block16x16-50,wanda,block16,0.5000015035217061,721120061.1602852,up_proj,128,csr,5,0.5000013308417528,1.6743795713409781,0.4434809884519342
wanda-block16x16-50,wanda,block16,0.5000015035217061,721120061.1602852,up_proj,128,csr_random,5,0.5000013308417528,1.6819404438138008,0.44176901726832113
wanda-block16x16-50,wanda,block16,0.5000015035217061,721120061.1602852,up_proj,128,csr_rowmajor,5,0.5000013308417528,1.5662895515561104,0.4740978525348836
wanda-block16x16-50,wanda,block16,0.5000015035217061,721120061.1602852,up_proj,128,dense,5,0.5000013308417528,0.742249982431531,1.0
wanda-block16x16-50,wanda,block16,0.5000015035217061,721120061.1602852,up_proj,512,csr,5,0.5000013308417528,7.229013158939779,0.3062900173909013
wanda-block16x16-50,wanda,block16,0.5000015035217061,721120061.1602852,up_proj,512,csr_random,5,0.5000013308417528,8.090982749126852,0.27324490076652785
wanda-block16x16-50,wanda,block16,0.5000015035217061,721120061.1602852,up_proj,512,csr_rowmajor,5,0.5000013308417528,6.790151004679501,0.32687760971196883
wanda-block16x16-50,wanda,block16,0.5000015035217061,721120061.1602852,up_proj,512,dense,5,0.5000013308417528,2.2094686049968004,1.0
wanda-block16x16-50,wanda,block16,0.5000015035217061,721120061.1602852,v_proj,1,csr,5,0.5,0.029806746169924736,0.2351484774176279
wanda-block16x16-50,wanda,block16,0.5000015035217061,721120061.1602852,v_proj,1,csr_random,5,0.5,0.02969417255371809,0.23604082144299104
wanda-block16x16-50,wanda,block16,0.5000015035217061,721120061.1602852,v_proj,1,csr_rowmajor,5,0.5,0.027907942421734333,0.25114394396884726
wanda-block16x16-50,wanda,block16,0.5000015035217061,721120061.1602852,v_proj,1,dense,5,0.5,0.007008574903011322,1.0
wanda-block16x16-50,wanda,block16,0.5000015035217061,721120061.1602852,v_proj,8,csr,5,0.5,0.044204783625900745,0.2644451230157477
wanda-block16x16-50,wanda,block16,0.5000015035217061,721120061.1602852,v_proj,8,csr_random,5,0.5,0.04431458655744791,0.26378964119256615
wanda-block16x16-50,wanda,block16,0.5000015035217061,721120061.1602852,v_proj,8,csr_rowmajor,5,0.5,0.0255633145570755,0.4572896343428542
wanda-block16x16-50,wanda,block16,0.5000015035217061,721120061.1602852,v_proj,8,dense,5,0.5,0.011689518578350544,1.0
wanda-block16x16-50,wanda,block16,0.5000015035217061,721120061.1602852,v_proj,32,csr,5,0.5,0.07106051780283451,0.22636766484342732
wanda-block16x16-50,wanda,block16,0.5000015035217061,721120061.1602852,v_proj,32,csr_random,5,0.5,0.07265512831509113,0.22138081381697916
wanda-block16x16-50,wanda,block16,0.5000015035217061,721120061.1602852,v_proj,32,csr_rowmajor,5,0.5,0.030588870868086815,0.5257702161349719
wanda-block16x16-50,wanda,block16,0.5000015035217061,721120061.1602852,v_proj,32,dense,5,0.5,0.016082427464425564,1.0
wanda-block16x16-50,wanda,block16,0.5000015035217061,721120061.1602852,v_proj,128,csr,5,0.5,0.22151698358356953,0.14449932305042448
wanda-block16x16-50,wanda,block16,0.5000015035217061,721120061.1602852,v_proj,128,csr_random,5,0.5,0.2333341632038355,0.1371755838643289
wanda-block16x16-50,wanda,block16,0.5000015035217061,721120061.1602852,v_proj,128,csr_rowmajor,5,0.5,0.06519509479403496,0.4910086869817378
wanda-block16x16-50,wanda,block16,0.5000015035217061,721120061.1602852,v_proj,128,dense,5,0.5,0.03200564533472061,1.0
wanda-block16x16-50,wanda,block16,0.5000015035217061,721120061.1602852,v_proj,512,csr,5,0.5,0.9450189070776105,0.08432864841788941
wanda-block16x16-50,wanda,block16,0.5000015035217061,721120061.1602852,v_proj,512,csr_random,5,0.5,0.962204672396183,0.08288016813120147
wanda-block16x16-50,wanda,block16,0.5000015035217061,721120061.1602852,v_proj,512,csr_rowmajor,5,0.5,0.2523086965084076,0.3169760895173983
wanda-block16x16-50,wanda,block16,0.5000015035217061,721120061.1602852,v_proj,512,dense,5,0.5,0.07969741709530354,1.0
wanda-block16x16-70,wanda,block16,0.6999322185586224,11358594.653553104,down_proj,1,csr,5,0.6999542465783599,0.2054065465927124,0.18842539115678675
wanda-block16x16-70,wanda,block16,0.6999322185586224,11358594.653553104,down_proj,1,csr_random,5,0.6999542465783599,0.2027491107583046,0.1908934336919883
wanda-block16x16-70,wanda,block16,0.6999322185586224,11358594.653553104,down_proj,1,csr_rowmajor,5,0.6999542465783599,0.2026822417974472,0.19096092036374784
wanda-block16x16-70,wanda,block16,0.6999322185586224,11358594.653553104,down_proj,1,dense,5,0.6999542465783599,0.03870110958814621,1.0
wanda-block16x16-70,wanda,block16,0.6999322185586224,11358594.653553104,down_proj,8,csr,5,0.6999542465783599,0.19950494170188904,0.6369892355037593
wanda-block16x16-70,wanda,block16,0.6999322185586224,11358594.653553104,down_proj,8,csr_random,5,0.6999542465783599,0.2050868235528469,0.6198420809613635
wanda-block16x16-70,wanda,block16,0.6999322185586224,11358594.653553104,down_proj,8,csr_rowmajor,5,0.6999542465783599,0.12178178876638412,1.0433643868018856
wanda-block16x16-70,wanda,block16,0.6999322185586224,11358594.653553104,down_proj,8,dense,5,0.6999542465783599,0.1271076500415802,1.0
wanda-block16x16-70,wanda,block16,0.6999322185586224,11358594.653553104,down_proj,32,csr,5,0.6999542465783599,0.4438278265297413,1.0291218960259574
wanda-block16x16-70,wanda,block16,0.6999322185586224,11358594.653553104,down_proj,32,csr_random,5,0.6999542465783599,0.4715472459793091,0.9687244505173415
wanda-block16x16-70,wanda,block16,0.6999322185586224,11358594.653553104,down_proj,32,csr_rowmajor,5,0.6999542465783599,0.2625965513288975,1.7397404121280777
wanda-block16x16-70,wanda,block16,0.6999322185586224,11358594.653553104,down_proj,32,dense,5,0.6999542465783599,0.4567379131913185,1.0
wanda-block16x16-70,wanda,block16,0.6999322185586224,11358594.653553104,down_proj,128,csr,5,0.6999542465783599,2.304105181246996,0.26958622029905027
wanda-block16x16-70,wanda,block16,0.6999322185586224,11358594.653553104,down_proj,128,csr_random,5,0.6999542465783599,2.3022376000881195,0.2628081042914171
wanda-block16x16-70,wanda,block16,0.6999322185586224,11358594.653553104,down_proj,128,csr_rowmajor,5,0.6999542465783599,1.5300909988582134,0.41859780988453593
wanda-block16x16-70,wanda,block16,0.6999322185586224,11358594.653553104,down_proj,128,dense,5,0.6999542465783599,0.605026725679636,1.0
wanda-block16x16-70,wanda,block16,0.6999322185586224,11358594.653553104,down_proj,512,csr,5,0.6999542465783599,12.661482114344835,0.21574399186649426
wanda-block16x16-70,wanda,block16,0.6999322185586224,11358594.653553104,down_proj,512,csr_random,5,0.6999542465783599,12.982252985239029,0.21040952483314398
wanda-block16x16-70,wanda,block16,0.6999322185586224,11358594.653553104,down_proj,512,csr_rowmajor,5,0.6999542465783599,8.61795861274004,0.31718585595480764
wanda-block16x16-70,wanda,block16,0.6999322185586224,11358594.653553104,down_proj,512,dense,5,0.6999542465783599,2.7313063852488995,1.0
wanda-block16x16-70,wanda,block16,0.6999322185586224,11358594.653553104,gate_proj,1,csr,5,0.6999538335585056,0.16624471172690392,0.22369579363717762
wanda-block16x16-70,wanda,block16,0.6999322185586224,11358594.653553104,gate_proj,1,csr_random,5,0.6999538335585056,0.16929954290390015,0.21967880789678756
wanda-block16x16-70,wanda,block16,0.6999322185586224,11358594.653553104,gate_proj,1,csr_rowmajor,5,0.6999538335585056,0.16377046704292297,0.22707518048014289
wanda-block16x16-70,wanda,block16,0.6999322185586224,11358594.653553104,gate_proj,1,dense,5,0.6999538335585056,0.03719031810760498,1.0
wanda-block16x16-70,wanda,block16,0.6999322185586224,11358594.653553104,gate_proj,8,csr,5,0.6999538335585056,0.14008600264787674,0.6395688615702718
wanda-block16x16-70,wanda,block16,0.6999322185586224,11358594.653553104,gate_proj,8,csr_random,5,0.6999538335585056,0.14335550367832184,0.6251765706319315
wanda-block16x16-70,wanda,block16,0.6999322185586224,11358594.653553104,gate_proj,8,csr_rowmajor,5,0.6999538335585056,0.12020142748951912,0.7453373503863869
wanda-block16x16-70,wanda,block16,0.6999322185586224,11358594.653553104,gate_proj,8,dense,5,0.6999538335585056,0.08961325511336327,1.0
wanda-block16x16-70,wanda,block16,0.6999322185586224,11358594.653553104,gate_proj,32,csr,5,0.6999538335585056,0.2764536999166012,1.6396222439543722
wanda-block16x16-70,wanda,block16,0.6999322185586224,11358594.653553104,gate_proj,32,csr_random,5,0.6999538335585056,0.29421569779515266,1.5401537545554536
wanda-block16x16-70,wanda,block16,0.6999322185586224,11358594.653553104,gate_proj,32,csr_rowmajor,5,0.6999538335585056,0.23528654128313065,1.9266208507054934
wanda-block16x16-70,wanda,block16,0.6999322185586224,11358594.653553104,gate_proj,32,dense,5,0.6999538335585056,0.4531322978436947,1.0
wanda-block16x16-70,wanda,block16,0.6999322185586224,11358594.653553104,gate_proj,128,csr,5,0.6999538335585056,1.076130848377943,0.7070830435748207
wanda-block16x16-70,wanda,block16,0.6999322185586224,11358594.653553104,gate_proj,128,csr_random,5,0.6999538335585056,1.1065680533647537,0.6875815907176562
wanda-block16x16-70,wanda,block16,0.6999322185586224,11358594.653553104,gate_proj,128,csr_rowmajor,5,0.6999538335585056,0.9678354486823082,0.7861952330262044
wanda-block16x16-70,wanda,block16,0.6999322185586224,11358594.653553104,gate_proj,128,dense,5,0.6999538335585056,0.7608574815094471,1.0
wanda-block16x16-70,wanda,block16,0.6999322185586224,11358594.653553104,gate_proj,512,csr,5,0.6999538335585056,4.674315359443426,0.4747219415634037
wanda-block16x16-70,wanda,block16,0.6999322185586224,11358594.653553104,gate_proj,512,csr_random,5,0.6999538335585056,5.010039452463388,0.4429810495204022
wanda-block16x16-70,wanda,block16,0.6999322185586224,11358594.653553104,gate_proj,512,csr_rowmajor,5,0.6999538335585056,4.2330351658165455,0.5241212238996845
wanda-block16x16-70,wanda,block16,0.6999322185586224,11358594.653553104,gate_proj,512,dense,5,0.6999538335585056,2.2175725549459457,1.0
wanda-block16x16-70,wanda,block16,0.6999322185586224,11358594.653553104,k_proj,1,csr,5,0.6986624581473214,0.025707483291625977,0.2708997220435027
wanda-block16x16-70,wanda,block16,0.6999322185586224,11358594.653553104,k_proj,1,csr_random,5,0.6986624581473214,0.02585034817457199,0.2694068355962627
wanda-block16x16-70,wanda,block16,0.6999322185586224,11358594.653553104,k_proj,1,csr_rowmajor,5,0.6986624581473214,0.023860391229391098,0.2918777709967067
wanda-block16x16-70,wanda,block16,0.6999322185586224,11358594.653553104,k_proj,1,dense,5,0.6986624581473214,0.006963498890399933,1.0
wanda-block16x16-70,wanda,block16,0.6999322185586224,11358594.653553104,k_proj,8,csr,5,0.6986624581473214,0.04040692001581192,0.4277334150346066
wanda-block16x16-70,wanda,block16,0.6999322185586224,11358594.653553104,k_proj,8,csr_random,5,0.6986624581473214,0.040688272565603256,0.42476627252940163
wanda-block16x16-70,wanda,block16,0.6999322185586224,11358594.653553104,k_proj,8,csr_rowmajor,5,0.6986624581473214,0.021816417574882507,0.7923078981460158
wanda-block16x16-70,wanda,block16,0.6999322185586224,11358594.653553104,k_proj,8,dense,5,0.6986624581473214,0.017281994223594666,1.0
wanda-block16x16-70,wanda,block16,0.6999322185586224,11358594.653553104,k_proj,32,csr,5,0.6986624581473214,0.0644901767373085,0.33918962097397826
wanda-block16x16-70,wanda,block16,0.6999322185586224,11358594.653553104,k_proj,32,csr_random,5,0.6986624581473214,0.06756354123353958,0.32372003824227963
wanda-block16x16-70,wanda,block16,0.6999322185586224,11358594.653553104,k_proj,32,csr_rowmajor,5,0.6986624581473214,0.02530701458454132,0.8642835358437526
wanda-block16x16-70,wanda,block16,0.6999322185586224,11358594.653553104,k_proj,32,dense,5,0.6986624581473214,0.021870620548725128,1.0
wanda-block16x16-70,wanda,block16,0.6999322185586224,11358594.653553104,k_proj,128,csr,5,0.6986624581473214,0.19237585365772247,0.2309231269253719
wanda-block16x16-70,wanda,block16,0.6999322185586224,11358594.653553104,k_proj,128,csr_random,5,0.6986624581473214,0.2110004425048828,0.2104683269920419
wanda-block16x16-70,wanda,block16,0.6999322185586224,11358594.653553104,k_proj,128,csr_rowmajor,5,0.6986624581473214,0.048021599650382996,0.9249359652867432
wanda-block16x16-70,wanda,block16,0.6999322185586224,11358594.653553104,k_proj,128,dense,5,0.6986624581473214,0.0444069504737854,1.0
wanda-block16x16-70,wanda,block16,0.6999322185586224,11358594.653553104,k_proj,512,csr,5,0.6986624581473214,0.8305715397000313,0.12264824670297104
wanda-block16x16-70,wanda,block16,0.6999322185586224,11358594.653553104,k_proj,512,csr_random,5,0.6986624581473214,0.8790693245828152,0.11593700506663673
wanda-block16x16-70,wanda,block16,0.6999322185586224,11358594.653553104,k_proj,512,csr_rowmajor,5,0.6986624581473214,0.15095192939043045,0.6788053702961245
wanda-block16x16-70,wanda,block16,0.6999322185586224,11358594.653553104,k_proj,512,dense,5,0.6986624581473214,0.10188613086938858,1.0
wanda-block16x16-70,wanda,block16,0.6999322185586224,11358594.653553104,o_proj,1,csr,5,0.6999369718590562,0.04798825830221176,0.2390429408382644
wanda-block16x16-70,wanda,block16,0.6999322185586224,11358594.653553104,o_proj,1,csr_random,5,0.6999369718590562,0.04888586699962616,0.23466982430854258
wanda-block16x16-70,wanda,block16,0.6999322185586224,11358594.653553104,o_proj,1,csr_rowmajor,5,0.6999369718590562,0.046263448894023895,0.24798221726712052
wanda-block16x16-70,wanda,block16,0.6999322185586224,11358594.653553104,o_proj,1,dense,5,0.6999369718590562,0.011468958109617233,1.0
wanda-block16x16-70,wanda,block16,0.6999322185586224,11358594.653553104,o_proj,8,csr,5,0.6999369718590562,0.05450733006000519,1.354358324593535
wanda-block16x16-70,wanda,block16,0.6999322185586224,11358594.653553104,o_proj,8,csr_random,5,0.6999369718590562,0.05560368299484253,1.3277224483306658
wanda-block16x16-70,wanda,block16,0.6999322185586224,11358594.653553104,o_proj,8,csr_rowmajor,5,0.6999369718590562,0.03608968108892441,2.0458365745132947
wanda-block16x16-70,wanda,block16,0.6999322185586224,11358594.653553104,o_proj,8,dense,5,0.6999369718590562,0.07382016628980637,1.0
wanda-block16x16-70,wanda,block16,0.6999322185586224,11358594.653553104,o_proj,32,csr,5,0.6999369718590562,0.09990083053708076,0.9373754268994025
wanda-block16x16-70,wanda,block16,0.6999322185586224,11358594.653553104,o_proj,32,csr_random,5,0.6999369718590562,0.10976772755384445,0.8517763631490443
wanda-block16x16-70,wanda,block16,0.6999322185586224,11358594.653553104,o_proj,32,csr_rowmajor,5,0.6999369718590562,0.060344208031892776,1.5521296218723943
wanda-block16x16-70,wanda,block16,0.6999322185586224,11358594.653553104,o_proj,32,dense,5,0.6999369718590562,0.09349416941404343,1.0
wanda-block16x16-70,wanda,block16,0.6999322185586224,11358594.653553104,o_proj,128,csr,5,0.6999369718590562,0.3282098099589348,0.5230848367025658
wanda-block16x16-70,wanda,block16,0.6999322185586224,11358594.653553104,o_proj,128,csr_random,5,0.6999369718590562,0.3561639226973057,0.4819993424837925
wanda-block16x16-70,wanda,block16,0.6999322185586224,11358594.653553104,o_proj,128,csr_rowmajor,5,0.6999369718590562,0.17987964674830437,0.9540333441909564
wanda-block16x16-70,wanda,block16,0.6999322185586224,11358594.653553104,o_proj,128,dense,5,0.6999369718590562,0.17160698771476746,1.0
wanda-block16x16-70,wanda,block16,0.6999322185586224,11358594.653553104,o_proj,512,csr,5,0.6999369718590562,1.4481984078884125,0.3091324176503216
wanda-block16x16-70,wanda,block16,0.6999322185586224,11358594.653553104,o_proj,512,csr_random,5,0.6999369718590562,1.4279886148869991,0.31346617177131464
wanda-block16x16-70,wanda,block16,0.6999322185586224,11358594.653553104,o_proj,512,csr_rowmajor,5,0.6999369718590562,0.856312271207571,0.5227411303055062
wanda-block16x16-70,wanda,block16,0.6999322185586224,11358594.653553104,o_proj,512,dense,5,0.6999369718590562,0.44758953154087067,1.0
wanda-block16x16-70,wanda,block16,0.6999322185586224,11358594.653553104,q_proj,1,csr,5,0.699937220982143,0.048932433128356934,0.23455201220129462
wanda-block16x16-70,wanda,block16,0.6999322185586224,11358594.653553104,q_proj,1,csr_random,5,0.699937220982143,0.04843715578317642,0.23696795207108645
wanda-block16x16-70,wanda,block16,0.6999322185586224,11358594.653553104,q_proj,1,csr_rowmajor,5,0.699937220982143,0.04710713401436806,0.24365012795485455
wanda-block16x16-70,wanda,block16,0.6999322185586224,11358594.653553104,q_proj,1,dense,5,0.699937220982143,0.011474639177322388,1.0
wanda-block16x16-70,wanda,block16,0.6999322185586224,11358594.653553104,q_proj,8,csr,5,0.699937220982143,0.05549974739551544,1.3312970646294833
wanda-block16x16-70,wanda,block16,0.6999322185586224,11358594.653553104,q_proj,8,csr_random,5,0.699937220982143,0.055822357535362244,1.3236016414669962
wanda-block16x16-70,wanda,block16,0.6999322185586224,11358594.653553104,q_proj,8,csr_rowmajor,5,0.699937220982143,0.03662537783384323,2.017427348239744
wanda-block16x16-70,wanda,block16,0.6999322185586224,11358594.653553104,q_proj,8,dense,5,0.699937220982143,0.07388032972812653,1.0
wanda-block16x16-70,wanda,block16,0.6999322185586224,11358594.653553104,q_proj,32,csr,5,0.699937220982143,0.11021671816706657,0.8488315663497487
wanda-block16x16-70,wanda,block16,0.6999322185586224,11358594.653553104,q_proj,32,csr_random,5,0.699937220982143,0.10925624519586563,0.8561406822763277
wanda-block16x16-70,wanda,block16,0.6999322185586224,11358594.653553104,q_proj,32,csr_rowmajor,5,0.699937220982143,0.06640693172812462,1.4086605494937283
wanda-block16x16-70,wanda,block16,0.6999322185586224,11358594.653553104,q_proj,32,dense,5,0.699937220982143,0.09353561326861382,1.0
wanda-block16x16-70,wanda,block16,0.6999322185586224,11358594.653553104,q_proj,128,csr,5,0.699937220982143,0.3545776940882206,0.4842448002161032
wanda-block16x16-70,wanda,block16,0.6999322185586224,11358594.653553104,q_proj,128,csr_random,5,0.699937220982143,0.3615967929363251,0.474925913587101
wanda-block16x16-70,wanda,block16,0.6999322185586224,11358594.653553104,q_proj,128,csr_rowmajor,5,0.699937220982143,0.18718279898166656,0.9177288470688119
wanda-block16x16-70,wanda,block16,0.6999322185586224,11358594.653553104,q_proj,128,dense,5,0.699937220982143,0.17168540507555008,1.0
wanda-block16x16-70,wanda,block16,0.6999322185586224,11358594.653553104,q_proj,512,csr,5,0.699937220982143,1.7093113623559475,0.2616734427178619
wanda-block16x16-70,wanda,block16,0.6999322185586224,11358594.653553104,q_proj,512,csr_random,5,0.699937220982143,1.483250968158245,0.301673904028621
wanda-block16x16-70,wanda,block16,0.6999322185586224,11358594.653553104,q_proj,512,csr_rowmajor,5,0.699937220982143,1.0591702535748482,0.42272216234862997
wanda-block16x16-70,wanda,block16,0.6999322185586224,11358594.653553104,q_proj,512,dense,5,0.699937220982143,0.4472121596336365,1.0
wanda-block16x16-70,wanda,block16,0.6999322185586224,11358594.653553104,up_proj,1,csr,5,0.6999537417763158,0.16490677371621132,0.22875642380063885
wanda-block16x16-70,wanda,block16,0.6999322185586224,11358594.653553104,up_proj,1,csr_random,5,0.6999537417763158,0.16592945903539658,0.22737260514497623
wanda-block16x16-70,wanda,block16,0.6999322185586224,11358594.653553104,up_proj,1,csr_rowmajor,5,0.6999537417763158,0.16231387853622437,0.23241988756254095
wanda-block16x16-70,wanda,block16,0.6999322185586224,11358594.653553104,up_proj,1,dense,5,0.6999537417763158,0.03772284835577011,1.0
wanda-block16x16-70,wanda,block16,0.6999322185586224,11358594.653553104,up_proj,8,csr,5,0.6999537417763158,0.13866275548934937,0.6564573983912871
wanda-block16x16-70,wanda,block16,0.6999322185586224,11358594.653553104,up_proj,8,csr_random,5,0.6999537417763158,0.14168117195367813,0.6426449289004141
wanda-block16x16-70,wanda,block16,0.6999322185586224,11358594.653553104,up_proj,8,csr_rowmajor,5,0.6999537417763158,0.11895624920725822,0.7652941390744643
wanda-block16x16-70,wanda,block16,0.6999322185586224,11358594.653553104,up_proj,8,dense,5,0.6999537417763158,0.09103575721383095,1.0
wanda-block16x16-70,wanda,block16,0.6999322185586224,11358594.653553104,up_proj,32,csr,5,0.6999537417763158,0.2650017850100994,1.7111432760074459
wanda-block16x16-70,wanda,block16,0.6999322185586224,11358594.653553104,up_proj,32,csr_random,5,0.6999537417763158,0.2914263866841793,1.555449032366703
wanda-block16x16-70,wanda,block16,0.6999322185586224,11358594.653553104,up_proj,32,csr_rowmajor,5,0.6999537417763158,0.2271849662065506,1.9962368216639654
wanda-block16x16-70,wanda,block16,0.6999322185586224,11358594.653553104,up_proj,32,dense,5,0.6999537417763158,0.45329853892326355,1.0
wanda-block16x16-70,wanda,block16,0.6999322185586224,11358594.653553104,up_proj,128,csr,5,0.6999537417763158,1.0162429884076118,0.7502279177127087
wanda-block16x16-70,wanda,block16,0.6999322185586224,11358594.653553104,up_proj,128,csr_random,5,0.6999537417763158,1.0153868235647678,0.7513984710876593
wanda-block16x16-70,wanda,block16,0.6999322185586224,11358594.653553104,up_proj,128,csr_rowmajor,5,0.6999537417763158,0.9964292868971825,0.7644950408049724
wanda-block16x16-70,wanda,block16,0.6999322185586224,11358594.653553104,up_proj,128,dense,5,0.6999537417763158,0.761753786355257,1.0
wanda-block16x16-70,wanda,block16,0.6999322185586224,11358594.653553104,up_proj,512,csr,5,0.6999537417763158,4.612924810498953,0.4825414130002666
wanda-block16x16-70,wanda,block16,0.6999322185586224,11358594.653553104,up_proj,512,csr_random,5,0.6999537417763158,5.183833185583353,0.42899485811066035
wanda-block16x16-70,wanda,block16,0.6999322185586224,11358594.653553104,up_proj,512,csr_rowmajor,5,0.6999537417763158,3.5440636798739433,0.6266033625042138
wanda-block16x16-70,wanda,block16,0.6999322185586224,11358594.653553104,up_proj,512,dense,5,0.6999537417763158,2.220297884196043,1.0
wanda-block16x16-70,wanda,block16,0.6999322185586224,11358594.653553104,v_proj,1,csr,5,0.6986607142857143,0.025691837072372437,0.27049056009725536
wanda-block16x16-70,wanda,block16,0.6999322185586224,11358594.653553104,v_proj,1,csr_random,5,0.6986607142857143,0.025722384452819824,0.27016279060715764
wanda-block16x16-70,wanda,block16,0.6999322185586224,11358594.653553104,v_proj,1,csr_rowmajor,5,0.6986607142857143,0.023860018700361252,0.2912566301937799
wanda-block16x16-70,wanda,block16,0.6999322185586224,11358594.653553104,v_proj,1,dense,5,0.6986607142857143,0.0069491565227508545,1.0
wanda-block16x16-70,wanda,block16,0.6999322185586224,11358594.653553104,v_proj,8,csr,5,0.6986607142857143,0.04017269238829613,0.43116339988019764
wanda-block16x16-70,wanda,block16,0.6999322185586224,11358594.653553104,v_proj,8,csr_random,5,0.6986607142857143,0.04046522080898285,0.42805836213584175
wanda-block16x16-70,wanda,block16,0.6999322185586224,11358594.653553104,v_proj,8,csr_rowmajor,5,0.6986607142857143,0.021756254136562347,0.7961349176692062
wanda-block16x16-70,wanda,block16,0.6999322185586224,11358594.653553104,v_proj,8,dense,5,0.6986607142857143,0.017320923507213593,1.0
wanda-block16x16-70,wanda,block16,0.6999322185586224,11358594.653553104,v_proj,32,csr,5,0.6986607142857143,0.06347605958580971,0.3437331254470184
wanda-block16x16-70,wanda,block16,0.6999322185586224,11358594.653553104,v_proj,32,csr_random,5,0.6986607142857143,0.06767259910702705,0.3224142849354583
wanda-block16x16-70,wanda,block16,0.6999322185586224,11358594.653553104,v_proj,32,csr_rowmajor,5,0.6986607142857143,0.024893134832382202,0.8766737696849085
wanda-block16x16-70,wanda,block16,0.6999322185586224,11358594.653553104,v_proj,32,dense,5,0.6986607142857143,0.021818652749061584,1.0
wanda-block16x16-70,wanda,block16,0.6999322185586224,11358594.653553104,v_proj,128,csr,5,0.6986607142857143,0.18892744556069374,0.23473882235253254
wanda-block16x16-70,wanda,block16,0.6999322185586224,11358594.653553104,v_proj,128,csr_random,5,0.6986607142857143,0.21181991323828697,0.20933325694892238
wanda-block16x16-70,wanda,block16,0.6999322185586224,11358594.653553104,v_proj,128,csr_rowmajor,5,0.6986607142857143,0.046686455607414246,0.9497240887226083
wanda-block16x16-70,wanda,block16,0.6999322185586224,11358594.653553104,v_proj,128,dense,5,0.6986607142857143,0.04433663561940193,1.0
wanda-block16x16-70,wanda,block16,0.6999322185586224,11358594.653553104,v_proj,512,csr,5,0.6986607142857143,0.8030552417039871,0.12765663864767807
wanda-block16x16-70,wanda,block16,0.6999322185586224,11358594.653553104,v_proj,512,csr_random,5,0.6986607142857143,0.8990616537630558,0.11404588495482323
wanda-block16x16-70,wanda,block16,0.6999322185586224,11358594.653553104,v_proj,512,csr_rowmajor,5,0.6986607142857143,0.14653559774160385,0.703977226119737
wanda-block16x16-70,wanda,block16,0.6999322185586224,11358594.653553104,v_proj,512,dense,5,0.6986607142857143,0.10253842920064926,1.0
wanda-block16x16-90,wanda,block16,0.8999487992171403,223676864.31086478,down_proj,1,csr,5,0.8999653063322368,0.10066553950309753,0.3979015659228857
wanda-block16x16-90,wanda,block16,0.8999487992171403,223676864.31086478,down_proj,1,csr_random,5,0.8999653063322368,0.10203570127487183,0.39254702262118946
wanda-block16x16-90,wanda,block16,0.8999487992171403,223676864.31086478,down_proj,1,csr_rowmajor,5,0.8999653063322368,0.09864270687103271,0.4060140964321551
wanda-block16x16-90,wanda,block16,0.8999487992171403,223676864.31086478,down_proj,1,dense,5,0.8999653063322368,0.04005208611488342,1.0
wanda-block16x16-90,wanda,block16,0.8999487992171403,223676864.31086478,down_proj,8,csr,5,0.8999653063322368,0.1265406608581543,1.028528133841357
wanda-block16x16-90,wanda,block16,0.8999487992171403,223676864.31086478,down_proj,8,csr_random,5,0.8999653063322368,0.132066011428833,0.9833413698855578
wanda-block16x16-90,wanda,block16,0.8999487992171403,223676864.31086478,down_proj,8,csr_rowmajor,5,0.8999653063322368,0.04774853587150574,2.727799447960358
wanda-block16x16-90,wanda,block16,0.8999487992171403,223676864.31086478,down_proj,8,dense,5,0.8999653063322368,0.13005882501602173,1.0
wanda-block16x16-90,wanda,block16,0.8999487992171403,223676864.31086478,down_proj,32,csr,5,0.8999653063322368,0.2779260277748108,0.8617635458959335
wanda-block16x16-90,wanda,block16,0.8999487992171403,223676864.31086478,down_proj,32,csr_random,5,0.8999653063322368,0.3070589154958725,0.7793430394747302
wanda-block16x16-90,wanda,block16,0.8999487992171403,223676864.31086478,down_proj,32,csr_rowmajor,5,0.8999653063322368,0.09672790765762329,2.474705014013303
wanda-block16x16-90,wanda,block16,0.8999487992171403,223676864.31086478,down_proj,32,dense,5,0.8999653063322368,0.23928023874759674,1.0
wanda-block16x16-90,wanda,block16,0.8999487992171403,223676864.31086478,down_proj,128,csr,5,0.8999653063322368,1.1384963989257812,0.534019528132295
wanda-block16x16-90,wanda,block16,0.8999487992171403,223676864.31086478,down_proj,128,csr_random,5,0.8999653063322368,1.2281227856874466,0.490549984440231
wanda-block16x16-90,wanda,block16,0.8999487992171403,223676864.31086478,down_proj,128,csr_rowmajor,5,0.8999653063322368,0.38034915924072266,1.7163686036782726
wanda-block16x16-90,wanda,block16,0.8999487992171403,223676864.31086478,down_proj,128,dense,5,0.8999653063322368,0.6024163216352463,1.0
wanda-block16x16-90,wanda,block16,0.8999487992171403,223676864.31086478,down_proj,512,csr,5,0.8999653063322368,5.259803310036659,0.5216560082627097
wanda-block16x16-90,wanda,block16,0.8999487992171403,223676864.31086478,down_proj,512,csr_random,5,0.8999653063322368,6.09007440507412,0.4493708604515366
wanda-block16x16-90,wanda,block16,0.8999487992171403,223676864.31086478,down_proj,512,csr_rowmajor,5,0.8999653063322368,1.9509214907884598,1.4139177653467663
wanda-block16x16-90,wanda,block16,0.8999487992171403,223676864.31086478,down_proj,512,dense,5,0.8999653063322368,2.735971286892891,1.0
wanda-block16x16-90,wanda,block16,0.8999487992171403,223676864.31086478,gate_proj,1,csr,5,0.8999651227678571,0.06445944309234619,0.5598541946497446
wanda-block16x16-90,wanda,block16,0.8999487992171403,223676864.31086478,gate_proj,1,csr_random,5,0.8999651227678571,0.06255805492401123,0.5768188288433905
wanda-block16x16-90,wanda,block16,0.8999487992171403,223676864.31086478,gate_proj,1,csr_rowmajor,5,0.8999651227678571,0.062459707260131836,0.5777890810775609
wanda-block16x16-90,wanda,block16,0.8999487992171403,223676864.31086478,gate_proj,1,dense,5,0.8999651227678571,0.0360831618309021,1.0
wanda-block16x16-90,wanda,block16,0.8999487992171403,223676864.31086478,gate_proj,8,csr,5,0.8999651227678571,0.07640868425369263,1.0766134184747336
wanda-block16x16-90,wanda,block16,0.8999487992171403,223676864.31086478,gate_proj,8,csr_random,5,0.8999651227678571,0.07603690028190613,1.0818716680719809
wanda-block16x16-90,wanda,block16,0.8999487992171403,223676864.31086478,gate_proj,8,csr_rowmajor,5,0.8999651227678571,0.05778484046459198,1.4235720896162634
wanda-block16x16-90,wanda,block16,0.8999487992171403,223676864.31086478,gate_proj,8,dense,5,0.8999651227678571,0.08224621415138245,1.0
wanda-block16x16-90,wanda,block16,0.8999487992171403,223676864.31086478,gate_proj,32,csr,5,0.8999651227678571,0.13658590614795685,1.700812709279153
wanda-block16x16-90,wanda,block16,0.8999487992171403,223676864.31086478,gate_proj,32,csr_random,5,0.8999651227678571,0.15117041766643524,1.535606672059616
wanda-block16x16-90,wanda,block16,0.8999487992171403,223676864.31086478,gate_proj,32,csr_rowmajor,5,0.8999651227678571,0.0995386391878128,2.3336115029365088
wanda-block16x16-90,wanda,block16,0.8999487992171403,223676864.31086478,gate_proj,32,dense,5,0.8999651227678571,0.23213475942611694,1.0
wanda-block16x16-90,wanda,block16,0.8999487992171403,223676864.31086478,gate_proj,128,csr,5,0.8999651227678571,0.4115760326385498,1.824821221665247
wanda-block16x16-90,wanda,block16,0.8999487992171403,223676864.31086478,gate_proj,128,csr_random,5,0.8999651227678571,0.4581209272146225,1.638936516522074
wanda-block16x16-90,wanda,block16,0.8999487992171403,223676864.31086478,gate_proj,128,csr_rowmajor,5,0.8999651227678571,0.2751346677541733,2.7304206249450775
wanda-block16x16-90,wanda,block16,0.8999487992171403,223676864.31086478,gate_proj,128,dense,5,0.8999651227678571,0.7501769810914993,1.0
wanda-block16x16-90,wanda,block16,0.8999487992171403,223676864.31086478,gate_proj,512,csr,5,0.8999651227678571,1.939428225159645,1.1503718934536993
wanda-block16x16-90,wanda,block16,0.8999487992171403,223676864.31086478,gate_proj,512,csr_random,5,0.8999651227678571,2.742002159357071,0.8226545672236946
wanda-block16x16-90,wanda,block16,0.8999487992171403,223676864.31086478,gate_proj,512,csr_rowmajor,5,0.8999651227678571,1.297888159751892,1.7182434719666952
wanda-block16x16-90,wanda,block16,0.8999487992171403,223676864.31086478,gate_proj,512,dense,5,0.8999651227678571,2.2277534008026123,1.0
wanda-block16x16-90,wanda,block16,0.8999487992171403,223676864.31086478,k_proj,1,csr,5,0.8995535714285714,0.0203058123588562,0.3400712359984699
wanda-block16x16-90,wanda,block16,0.8999487992171403,223676864.31086478,k_proj,1,csr_random,5,0.8995535714285714,0.020448118448257446,0.33769669496960286
wanda-block16x16-90,wanda,block16,0.8999487992171403,223676864.31086478,k_proj,1,csr_rowmajor,5,0.8995535714285714,0.01851096749305725,0.37304519437320355
wanda-block16x16-90,wanda,block16,0.8999487992171403,223676864.31086478,k_proj,1,dense,5,0.8995535714285714,0.006905198097229004,1.0
wanda-block16x16-90,wanda,block16,0.8999487992171403,223676864.31086478,k_proj,8,csr,5,0.8995535714285714,0.03513842821121216,0.3303048018534111
wanda-block16x16-90,wanda,block16,0.8999487992171403,223676864.31086478,k_proj,8,csr_random,5,0.8995535714285714,0.035865604877471924,0.3235906434269503
wanda-block16x16-90,wanda,block16,0.8999487992171403,223676864.31086478,k_proj,8,csr_rowmajor,5,0.8995535714285714,0.017071887850761414,0.6798479941697461
wanda-block16x16-90,wanda,block16,0.8999487992171403,223676864.31086478,k_proj,8,dense,5,0.8995535714285714,0.011605769395828247,1.0
wanda-block16x16-90,wanda,block16,0.8999487992171403,223676864.31086478,k_proj,32,csr,5,0.8995535714285714,0.054490938782691956,0.29671734309539277
wanda-block16x16-90,wanda,block16,0.8999487992171403,223676864.31086478,k_proj,32,csr_random,5,0.8995535714285714,0.06214231252670288,0.2601331472867054
wanda-block16x16-90,wanda,block16,0.8999487992171403,223676864.31086478,k_proj,32,csr_rowmajor,5,0.8995535714285714,0.018794089555740356,0.8601281576639694
wanda-block16x16-90,wanda,block16,0.8999487992171403,223676864.31086478,k_proj,32,dense,5,0.8995535714285714,0.016164779663085938,1.0
wanda-block16x16-90,wanda,block16,0.8999487992171403,223676864.31086478,k_proj,128,csr,5,0.8995535714285714,0.15299953520298004,0.21057797463273006
wanda-block16x16-90,wanda,block16,0.8999487992171403,223676864.31086478,k_proj,128,csr_random,5,0.8995535714285714,0.1877911388874054,0.17155729393129568
wanda-block16x16-90,wanda,block16,0.8999487992171403,223676864.31086478,k_proj,128,csr_rowmajor,5,0.8995535714285714,0.02955794334411621,1.090075097052005
wanda-block16x16-90,wanda,block16,0.8999487992171403,223676864.31086478,k_proj,128,dense,5,0.8995535714285714,0.03221556544303894,1.0
wanda-block16x16-90,wanda,block16,0.8999487992171403,223676864.31086478,k_proj,512,csr,5,0.8995535714285714,0.5883838981389999,0.13118679348257062
wanda-block16x16-90,wanda,block16,0.8999487992171403,223676864.31086478,k_proj,512,csr_random,5,0.8995535714285714,0.7510829716920853,0.10275920670022225
wanda-block16x16-90,wanda,block16,0.8999487992171403,223676864.31086478,k_proj,512,csr_rowmajor,5,0.8995535714285714,0.07081925868988037,1.089736910883616
wanda-block16x16-90,wanda,block16,0.8999487992171403,223676864.31086478,k_proj,512,dense,5,0.8995535714285714,0.07716864347457886,1.0
wanda-block16x16-90,wanda,block16,0.8999487992171403,223676864.31086478,o_proj,1,csr,5,0.8998724489795918,0.03315433859825134,0.34825343394201175
wanda-block16x16-90,wanda,block16,0.8999487992171403,223676864.31086478,o_proj,1,csr_random,5,0.8998724489795918,0.03476738929748535,0.3321599354562137
wanda-block16x16-90,wanda,block16,0.8999487992171403,223676864.31086478,o_proj,1,csr_rowmajor,5,0.8998724489795918,0.031232088804244995,0.36969101526729314
wanda-block16x16-90,wanda,block16,0.8999487992171403,223676864.31086478,o_proj,1,dense,5,0.8998724489795918,0.011545419692993164,1.0
wanda-block16x16-90,wanda,block16,0.8999487992171403,223676864.31086478,o_proj,8,csr,5,0.8998724489795918,0.04855990409851074,0.6844892904380263
wanda-block16x16-90,wanda,block16,0.8999487992171403,223676864.31086478,o_proj,8,csr_random,5,0.8998724489795918,0.04974678158760071,0.6681633198203824
wanda-block16x16-90,wanda,block16,0.8999487992171403,223676864.31086478,o_proj,8,csr_rowmajor,5,0.8998724489795918,0.030929595232009888,1.0746316803709526
wanda-block16x16-90,wanda,block16,0.8999487992171403,223676864.31086478,o_proj,8,dense,5,0.8998724489795918,0.03323778510093689,1.0
wanda-block16x16-90,wanda,block16,0.8999487992171403,223676864.31086478,o_proj,32,csr,5,0.8998724489795918,0.08057840168476105,0.6523858080659933
wanda-block16x16-90,wanda,block16,0.8999487992171403,223676864.31086478,o_proj,32,csr_random,5,0.8998724489795918,0.08889250457286835,0.5913485285097442
wanda-block16x16-90,wanda,block16,0.8999487992171403,223676864.31086478,o_proj,32,csr_rowmajor,5,0.8998724489795918,0.04619285464286804,1.137852383735144
wanda-block16x16-90,wanda,block16,0.8999487992171403,223676864.31086478,o_proj,32,dense,5,0.8998724489795918,0.052560120820999146,1.0
wanda-block16x16-90,wanda,block16,0.8999487992171403,223676864.31086478,o_proj,128,csr,5,0.8998724489795918,0.21082498133182526,0.6161377610394119
wanda-block16x16-90,wanda,block16,0.8999487992171403,223676864.31086478,o_proj,128,csr_random,5,0.8998724489795918,0.25507882237434387,0.5088870533837194
wanda-block16x16-90,wanda,block16,0.8999487992171403,223676864.31086478,o_proj,128,csr_rowmajor,5,0.8998724489795918,0.08373409509658813,1.550725531194608
wanda-block16x16-90,wanda,block16,0.8999487992171403,223676864.31086478,o_proj,128,dense,5,0.8998724489795918,0.12978613376617432,1.0
wanda-block16x16-90,wanda,block16,0.8999487992171403,223676864.31086478,o_proj,512,csr,5,0.8998724489795918,0.8784852921962738,0.5043183741013962
wanda-block16x16-90,wanda,block16,0.8999487992171403,223676864.31086478,o_proj,512,csr_random,5,0.8998724489795918,1.0932039469480515,0.40521279101377844
wanda-block16x16-90,wanda,block16,0.8999487992171403,223676864.31086478,o_proj,512,csr_rowmajor,5,0.8998724489795918,0.2501964569091797,1.7718165343941037
wanda-block16x16-90,wanda,block16,0.8999487992171403,223676864.31086478,o_proj,512,dense,5,0.8998724489795918,0.44296830892562866,1.0
wanda-block16x16-90,wanda,block16,0.8999487992171403,223676864.31086478,q_proj,1,csr,5,0.8998729472257653,0.03515779972076416,0.32698352550886994
wanda-block16x16-90,wanda,block16,0.8999487992171403,223676864.31086478,q_proj,1,csr_random,5,0.8998729472257653,0.03459230065345764,0.33191412643031715
wanda-block16x16-90,wanda,block16,0.8999487992171403,223676864.31086478,q_proj,1,csr_rowmajor,5,0.8998729472257653,0.033286213874816895,0.34541029208785984
wanda-block16x16-90,wanda,block16,0.8999487992171403,223676864.31086478,q_proj,1,dense,5,0.8998729472257653,0.011474639177322388,1.0
wanda-block16x16-90,wanda,block16,0.8999487992171403,223676864.31086478,q_proj,8,csr,5,0.8998729472257653,0.049754977226257324,0.6670973481488879
wanda-block16x16-90,wanda,block16,0.8999487992171403,223676864.31086478,q_proj,8,csr_random,5,0.8998729472257653,0.05013011395931244,0.6621027402863282
wanda-block16x16-90,wanda,block16,0.8999487992171403,223676864.31086478,q_proj,8,csr_rowmajor,5,0.8998729472257653,0.031237304210662842,1.0625614949254778
wanda-block16x16-90,wanda,block16,0.8999487992171403,223676864.31086478,q_proj,8,dense,5,0.8998729472257653,0.03319010138511658,1.0
wanda-block16x16-90,wanda,block16,0.8999487992171403,223676864.31086478,q_proj,32,csr,5,0.8998729472257653,0.0905398279428482,0.5805070338327943
wanda-block16x16-90,wanda,block16,0.8999487992171403,223676864.31086478,q_proj,32,csr_random,5,0.8998729472257653,0.08918903768062592,0.5893944073029684
wanda-block16x16-90,wanda,block16,0.8999487992171403,223676864.31086478,q_proj,32,csr_rowmajor,5,0.8998729472257653,0.04856623709201813,1.0823260087208093
wanda-block16x16-90,wanda,block16,0.8999487992171403,223676864.31086478,q_proj,32,dense,5,0.8998729472257653,0.052552297711372375,1.0
wanda-block16x16-90,wanda,block16,0.8999487992171403,223676864.31086478,q_proj,128,csr,5,0.8998729472257653,0.24470649659633636,0.5313461030081001
wanda-block16x16-90,wanda,block16,0.8999487992171403,223676864.31086478,q_proj,128,csr_random,5,0.8998729472257653,0.2568565309047699,0.5055187385734478
wanda-block16x16-90,wanda,block16,0.8999487992171403,223676864.31086478,q_proj,128,csr_rowmajor,5,0.8998729472257653,0.09249672293663025,1.404420001101404
wanda-block16x16-90,wanda,block16,0.8999487992171403,223676864.31086478,q_proj,128,dense,5,0.8998729472257653,0.12983307242393494,1.0
wanda-block16x16-90,wanda,block16,0.8999487992171403,223676864.31086478,q_proj,512,csr,5,0.8998729472257653,1.0213706642389297,0.43364607823370316
wanda-block16x16-90,wanda,block16,0.8999487992171403,223676864.31086478,q_proj,512,csr_random,5,0.8998729472257653,1.0786253958940506,0.410400269742201
wanda-block16x16-90,wanda,block16,0.8999487992171403,223676864.31086478,q_proj,512,csr_rowmajor,5,0.8998729472257653,0.33393949270248413,1.346150162078669
wanda-block16x16-90,wanda,block16,0.8999487992171403,223676864.31086478,q_proj,512,dense,5,0.8998729472257653,0.4420120269060135,1.0
wanda-block16x16-90,wanda,block16,0.8999487992171403,223676864.31086478,up_proj,1,csr,5,0.8999650309856673,0.0638127326965332,0.5760056475054619
wanda-block16x16-90,wanda,block16,0.8999487992171403,223676864.31086478,up_proj,1,csr_random,5,0.8999650309856673,0.06263554096221924,0.586715673017171
wanda-block16x16-90,wanda,block16,0.8999487992171403,223676864.31086478,up_proj,1,csr_rowmajor,5,0.8999650309856673,0.06195679306983948,0.5932786722845586
wanda-block16x16-90,wanda,block16,0.8999487992171403,223676864.31086478,up_proj,1,dense,5,0.8999650309856673,0.036741793155670166,1.0
wanda-block16x16-90,wanda,block16,0.8999487992171403,223676864.31086478,up_proj,8,csr,5,0.8999650309856673,0.07525943219661713,1.147505577904881
wanda-block16x16-90,wanda,block16,0.8999487992171403,223676864.31086478,up_proj,8,csr_random,5,0.8999650309856673,0.07609203457832336,1.1348009342597607
wanda-block16x16-90,wanda,block16,0.8999487992171403,223676864.31086478,up_proj,8,csr_rowmajor,5,0.8999650309856673,0.056696683168411255,1.5229052570391999
wanda-block16x16-90,wanda,block16,0.8999487992171403,223676864.31086478,up_proj,8,dense,5,0.8999650309856673,0.08631795644760132,1.0
wanda-block16x16-90,wanda,block16,0.8999487992171403,223676864.31086478,up_proj,32,csr,5,0.8999650309856673,0.1366347074508667,1.7027043517737062
wanda-block16x16-90,wanda,block16,0.8999487992171403,223676864.31086478,up_proj,32,csr_random,5,0.8999650309856673,0.1503627747297287,1.5460531173608574
wanda-block16x16-90,wanda,block16,0.8999487992171403,223676864.31086478,up_proj,32,csr_rowmajor,5,0.8999650309856673,0.0981893390417099,2.369397384220736
wanda-block16x16-90,wanda,block16,0.8999487992171403,223676864.31086478,up_proj,32,dense,5,0.8999650309856673,0.2324674278497696,1.0
wanda-block16x16-90,wanda,block16,0.8999487992171403,223676864.31086478,up_proj,128,csr,5,0.8999650309856673,0.4151366651058197,1.807458577798333
wanda-block16x16-90,wanda,block16,0.8999487992171403,223676864.31086478,up_proj,128,csr_random,5,0.8999650309856673,0.4578717052936554,1.640222529881331
wanda-block16x16-90,wanda,block16,0.8999487992171403,223676864.31086478,up_proj,128,csr_rowmajor,5,0.8999650309856673,0.2678118646144867,2.801684563652189
wanda-block16x16-90,wanda,block16,0.8999487992171403,223676864.31086478,up_proj,128,dense,5,0.8999650309856673,0.7501393556594849,1.0
wanda-block16x16-90,wanda,block16,0.8999487992171403,223676864.31086478,up_proj,512,csr,5,0.8999650309856673,1.9240017980337143,1.1504343373561225
wanda-block16x16-90,wanda,block16,0.8999487992171403,223676864.31086478,up_proj,512,csr_random,5,0.8999650309856673,2.2851217538118362,0.9686652149660852
wanda-block16x16-90,wanda,block16,0.8999487992171403,223676864.31086478,up_proj,512,csr_rowmajor,5,0.8999650309856673,1.311676949262619,1.6880537147816281
wanda-block16x16-90,wanda,block16,0.8999487992171403,223676864.31086478,up_proj,512,dense,5,0.8999650309856673,2.213231474161148,1.0
wanda-block16x16-90,wanda,block16,0.8999487992171403,223676864.31086478,v_proj,1,csr,5,0.8995535714285714,0.020362436771392822,0.3401006802018303
wanda-block16x16-90,wanda,block16,0.8999487992171403,223676864.31086478,v_proj,1,csr_random,5,0.8995535714285714,0.02041831612586975,0.3391734671583146
wanda-block16x16-90,wanda,block16,0.8999487992171403,223676864.31086478,v_proj,1,csr_rowmajor,5,0.8995535714285714,0.01859143376350403,0.37250663953494595
wanda-block16x16-90,wanda,block16,0.8999487992171403,223676864.31086478,v_proj,1,dense,5,0.8995535714285714,0.006925314664840698,1.0
wanda-block16x16-90,wanda,block16,0.8999487992171403,223676864.31086478,v_proj,8,csr,5,0.8995535714285714,0.034849345684051514,0.33273116945785824
wanda-block16x16-90,wanda,block16,0.8999487992171403,223676864.31086478,v_proj,8,csr_random,5,0.8995535714285714,0.03576204180717468,0.32423590065159447
wanda-block16x16-90,wanda,block16,0.8999487992171403,223676864.31086478,v_proj,8,csr_rowmajor,5,0.8995535714285714,0.017133355140686035,0.6767778846316483
wanda-block16x16-90,wanda,block16,0.8999487992171403,223676864.31086478,v_proj,8,dense,5,0.8995535714285714,0.011595338582992554,1.0
wanda-block16x16-90,wanda,block16,0.8999487992171403,223676864.31086478,v_proj,32,csr,5,0.8995535714285714,0.054195523262023926,0.2975918869014303
wanda-block16x16-90,wanda,block16,0.8999487992171403,223676864.31086478,v_proj,32,csr_random,5,0.8995535714285714,0.06184093654155731,0.2607979162006548
wanda-block16x16-90,wanda,block16,0.8999487992171403,223676864.31086478,v_proj,32,csr_rowmajor,5,0.8995535714285714,0.018861889839172363,0.8550432199983642
wanda-block16x16-90,wanda,block16,0.8999487992171403,223676864.31086478,v_proj,32,dense,5,0.8995535714285714,0.01612752676010132,1.0
wanda-block16x16-90,wanda,block16,0.8999487992171403,223676864.31086478,v_proj,128,csr,5,0.8995535714285714,0.15138834714889526,0.212306436094122
wanda-block16x16-90,wanda,block16,0.8999487992171403,223676864.31086478,v_proj,128,csr_random,5,0.8995535714285714,0.18738918006420135,0.17146115068003429
wanda-block16x16-90,wanda,block16,0.8999487992171403,223676864.31086478,v_proj,128,csr_rowmajor,5,0.8995535714285714,0.029003247618675232,1.1081385865432964
wanda-block16x16-90,wanda,block16,0.8999487992171403,223676864.31086478,v_proj,128,dense,5,0.8995535714285714,0.03212839365005493,1.0
wanda-block16x16-90,wanda,block16,0.8999487992171403,223676864.31086478,v_proj,512,csr,5,0.8995535714285714,0.5826979875564575,0.1378148843788902
wanda-block16x16-90,wanda,block16,0.8999487992171403,223676864.31086478,v_proj,512,csr_random,5,0.8995535714285714,0.7621411234140396,0.10531784911480895
wanda-block16x16-90,wanda,block16,0.8999487992171403,223676864.31086478,v_proj,512,csr_rowmajor,5,0.8995535714285714,0.06740503013134003,1.1931866619231182
wanda-block16x16-90,wanda,block16,0.8999487992171403,223676864.31086478,v_proj,512,dense,5,0.8995535714285714,0.08026063442230225,1.0
wanda-block4x4-50,wanda,block4,0.5000011709583548,164477.83721577263,down_proj,1,csr,5,0.5000013767328477,0.36446303129196167,0.10565954081078321
wanda-block4x4-50,wanda,block4,0.5000011709583548,164477.83721577263,down_proj,1,csr_random,5,0.5000013767328477,0.36574043333530426,0.10531100161809144
wanda-block4x4-50,wanda,block4,0.5000011709583548,164477.83721577263,down_proj,1,csr_rowmajor,5,0.5000013767328477,0.3607124090194702,0.10675754602717949
wanda-block4x4-50,wanda,block4,0.5000011709583548,164477.83721577263,down_proj,1,dense,5,0.5000013767328477,0.03850758075714111,1.0
wanda-block4x4-50,wanda,block4,0.5000011709583548,164477.83721577263,down_proj,8,csr,5,0.5000013767328477,0.33383890986442566,0.40300369520185936
wanda-block4x4-50,wanda,block4,0.5000011709583548,164477.83721577263,down_proj,8,csr_random,5,0.5000013767328477,0.33795759081840515,0.3983751548936045
wanda-block4x4-50,wanda,block4,0.5000011709583548,164477.83721577263,down_proj,8,csr_rowmajor,5,0.5000013767328477,0.2556934952735901,0.5266052017102919
wanda-block4x4-50,wanda,block4,0.5000011709583548,164477.83721577263,down_proj,8,dense,5,0.5000013767328477,0.13470910489559174,1.0
wanda-block4x4-50,wanda,block4,0.5000011709583548,164477.83721577263,down_proj,32,csr,5,0.5000013767328477,0.8176300674676895,0.5580285493335011
wanda-block4x4-50,wanda,block4,0.5000011709583548,164477.83721577263,down_proj,32,csr_random,5,0.5000013767328477,0.8213572204113007,0.5555121461365871
wanda-block4x4-50,wanda,block4,0.5000011709583548,164477.83721577263,down_proj,32,csr_rowmajor,5,0.5000013767328477,0.477561354637146,0.9554440051544965
wanda-block4x4-50,wanda,block4,0.5000011709583548,164477.83721577263,down_proj,32,dense,5,0.5000013767328477,0.4562530666589737,1.0
wanda-block4x4-50,wanda,block4,0.5000011709583548,164477.83721577263,down_proj,128,csr,5,0.5000013767328477,4.496995359659195,0.13502437191730998
wanda-block4x4-50,wanda,block4,0.5000011709583548,164477.83721577263,down_proj,128,csr_random,5,0.5000013767328477,5.081634223461151,0.11936455056629668
wanda-block4x4-50,wanda,block4,0.5000011709583548,164477.83721577263,down_proj,128,csr_rowmajor,5,0.5000013767328477,3.57978492975235,0.1695333331188905
wanda-block4x4-50,wanda,block4,0.5000011709583548,164477.83721577263,down_proj,128,dense,5,0.5000013767328477,0.6065651774406433,1.0
wanda-block4x4-50,wanda,block4,0.5000011709583548,164477.83721577263,down_proj,512,csr,5,0.5000013767328477,20.890487357974052,0.12916594282576738
wanda-block4x4-50,wanda,block4,0.5000011709583548,164477.83721577263,down_proj,512,csr_random,5,0.5000013767328477,20.35415917634964,0.13254898985007788
wanda-block4x4-50,wanda,block4,0.5000011709583548,164477.83721577263,down_proj,512,csr_rowmajor,5,0.5000013767328477,16.533927991986275,0.16315861250498664
wanda-block4x4-50,wanda,block4,0.5000011709583548,164477.83721577263,down_proj,512,dense,5,0.5000013767328477,2.6974081993103027,1.0
wanda-block4x4-50,wanda,block4,0.5000011709583548,164477.83721577263,gate_proj,1,csr,5,0.500001193168468,0.32881833612918854,0.12087936015073222
wanda-block4x4-50,wanda,block4,0.5000011709583548,164477.83721577263,gate_proj,1,csr_random,5,0.500001193168468,0.3344472497701645,0.11900441041218439
wanda-block4x4-50,wanda,block4,0.5000011709583548,164477.83721577263,gate_proj,1,csr_rowmajor,5,0.500001193168468,0.32518841326236725,0.12225577345147806
wanda-block4x4-50,wanda,block4,0.5000011709583548,164477.83721577263,gate_proj,1,dense,5,0.500001193168468,0.03980398178100586,1.0
wanda-block4x4-50,wanda,block4,0.5000011709583548,164477.83721577263,gate_proj,8,csr,5,0.500001193168468,0.2699911594390869,0.3564521113892764
wanda-block4x4-50,wanda,block4,0.5000011709583548,164477.83721577263,gate_proj,8,csr_random,5,0.500001193168468,0.2755284309387207,0.3500164236955385
wanda-block4x4-50,wanda,block4,0.5000011709583548,164477.83721577263,gate_proj,8,csr_rowmajor,5,0.500001193168468,0.2496093511581421,0.38560008070989776
wanda-block4x4-50,wanda,block4,0.5000011709583548,164477.83721577263,gate_proj,8,dense,5,0.500001193168468,0.09648092091083527,1.0
wanda-block4x4-50,wanda,block4,0.5000011709583548,164477.83721577263,gate_proj,32,csr,5,0.500001193168468,0.5007266998291016,0.9061576940670658
wanda-block4x4-50,wanda,block4,0.5000011709583548,164477.83721577263,gate_proj,32,csr_random,5,0.500001193168468,0.5124375224113464,0.8854543522908125
wanda-block4x4-50,wanda,block4,0.5000011709583548,164477.83721577263,gate_proj,32,csr_rowmajor,5,0.500001193168468,0.4594530910253525,0.9875312920032397
wanda-block4x4-50,wanda,block4,0.5000011709583548,164477.83721577263,gate_proj,32,dense,5,0.500001193168468,0.45371614396572113,1.0
wanda-block4x4-50,wanda,block4,0.5000011709583548,164477.83721577263,gate_proj,128,csr,5,0.500001193168468,1.6436554491519928,0.4647882614375095
wanda-block4x4-50,wanda,block4,0.5000011709583548,164477.83721577263,gate_proj,128,csr_random,5,0.500001193168468,1.6163691878318787,0.4726343414211087
wanda-block4x4-50,wanda,block4,0.5000011709583548,164477.83721577263,gate_proj,128,csr_rowmajor,5,0.500001193168468,1.540505513548851,0.49602119093544245
wanda-block4x4-50,wanda,block4,0.5000011709583548,164477.83721577263,gate_proj,128,dense,5,0.500001193168468,0.7639646530151367,1.0
wanda-block4x4-50,wanda,block4,0.5000011709583548,164477.83721577263,gate_proj,512,csr,5,0.500001193168468,7.56005197763443,0.2947355549917228
wanda-block4x4-50,wanda,block4,0.5000011709583548,164477.83721577263,gate_proj,512,csr_random,5,0.500001193168468,8.214517310261726,0.2705807758164374
wanda-block4x4-50,wanda,block4,0.5000011709583548,164477.83721577263,gate_proj,512,csr_rowmajor,5,0.500001193168468,7.2761643677949905,0.31332979640227726
wanda-block4x4-50,wanda,block4,0.5000011709583548,164477.83721577263,gate_proj,512,dense,5,0.500001193168468,2.2213853895664215,1.0
wanda-block4x4-50,wanda,block4,0.5000011709583548,164477.83721577263,k_proj,1,csr,5,0.5000017438616071,0.02955719828605652,0.2398580856967761
wanda-block4x4-50,wanda,block4,0.5000011709583548,164477.83721577263,k_proj,1,csr_random,5,0.5000017438616071,0.02966374158859253,0.23900707586923323
wanda-block4x4-50,wanda,block4,0.5000011709583548,164477.83721577263,k_proj,1,csr_rowmajor,5,0.5000017438616071,0.02780929207801819,0.2549459629868328
wanda-block4x4-50,wanda,block4,0.5000011709583548,164477.83721577263,k_proj,1,dense,5,0.5000017438616071,0.00708848237991333,1.0
wanda-block4x4-50,wanda,block4,0.5000011709583548,164477.83721577263,k_proj,8,csr,5,0.5000017438616071,0.044308602809906006,0.3929293817472363
wanda-block4x4-50,wanda,block4,0.5000011709583548,164477.83721577263,k_proj,8,csr_random,5,0.5000017438616071,0.04489421844482422,0.3877890438994544
wanda-block4x4-50,wanda,block4,0.5000011709583548,164477.83721577263,k_proj,8,csr_rowmajor,5,0.5000017438616071,0.02549774944782257,0.6826072470401918
wanda-block4x4-50,wanda,block4,0.5000011709583548,164477.83721577263,k_proj,8,dense,5,0.5000017438616071,0.0174008309841156,1.0
wanda-block4x4-50,wanda,block4,0.5000011709583548,164477.83721577263,k_proj,32,csr,5,0.5000017438616071,0.07232837378978729,0.3039212427419776
wanda-block4x4-50,wanda,block4,0.5000011709583548,164477.83721577263,k_proj,32,csr_random,5,0.5000017438616071,0.07216036319732666,0.30461743497949223
wanda-block4x4-50,wanda,block4,0.5000011709583548,164477.83721577263,k_proj,32,csr_rowmajor,5,0.5000017438616071,0.03077685832977295,0.7142976407625221
wanda-block4x4-50,wanda,block4,0.5000011709583548,164477.83721577263,k_proj,32,dense,5,0.5000017438616071,0.021979212760925293,1.0
wanda-block4x4-50,wanda,block4,0.5000011709583548,164477.83721577263,k_proj,128,csr,5,0.5000017438616071,0.232715904712677,0.19011338662653568
wanda-block4x4-50,wanda,block4,0.5000011709583548,164477.83721577263,k_proj,128,csr_random,5,0.5000017438616071,0.23604482412338257,0.18742810754678094
wanda-block4x4-50,wanda,block4,0.5000011709583548,164477.83721577263,k_proj,128,csr_rowmajor,5,0.5000017438616071,0.06387270987033844,0.6927492402774087
wanda-block4x4-50,wanda,block4,0.5000011709583548,164477.83721577263,k_proj,128,dense,5,0.5000017438616071,0.044241175055503845,1.0
wanda-block4x4-50,wanda,block4,0.5000011709583548,164477.83721577263,k_proj,512,csr,5,0.5000017438616071,0.9778514504432678,0.10545869818724639
wanda-block4x4-50,wanda,block4,0.5000011709583548,164477.83721577263,k_proj,512,csr_random,5,0.5000017438616071,0.981522724032402,0.10504778500162991
wanda-block4x4-50,wanda,block4,0.5000011709583548,164477.83721577263,k_proj,512,csr_rowmajor,5,0.5000017438616071,0.2798546105623245,0.3721938458982874
wanda-block4x4-50,wanda,block4,0.5000011709583548,164477.83721577263,k_proj,512,dense,5,0.5000017438616071,0.10310187935829163,1.0
wanda-block4x4-50,wanda,block4,0.5000011709583548,164477.83721577263,o_proj,1,csr,5,0.5000007473692603,0.06617046892642975,0.1754657119653979
wanda-block4x4-50,wanda,block4,0.5000011709583548,164477.83721577263,o_proj,1,csr_random,5,0.5000007473692603,0.06507933139801025,0.17838791517440566
wanda-block4x4-50,wanda,block4,0.5000011709583548,164477.83721577263,o_proj,1,csr_rowmajor,5,0.5000007473692603,0.06369799375534058,0.18225787019737097
wanda-block4x4-50,wanda,block4,0.5000011709583548,164477.83721577263,o_proj,1,dense,5,0.5000007473692603,0.011608749628067017,1.0
wanda-block4x4-50,wanda,block4,0.5000011709583548,164477.83721577263,o_proj,8,csr,5,0.5000007473692603,0.06365999579429626,1.1577095268158095
wanda-block4x4-50,wanda,block4,0.5000011709583548,164477.83721577263,o_proj,8,csr_random,5,0.5000007473692603,0.06415918469429016,1.1486850830284834
wanda-block4x4-50,wanda,block4,0.5000011709583548,164477.83721577263,o_proj,8,csr_rowmajor,5,0.5000007473692603,0.04490315914154053,1.641289243409183
wanda-block4x4-50,wanda,block4,0.5000011709583548,164477.83721577263,o_proj,8,dense,5,0.5000007473692603,0.07369667291641235,1.0
wanda-block4x4-50,wanda,block4,0.5000011709583548,164477.83721577263,o_proj,32,csr,5,0.5000007473692603,0.13304054737091064,0.701069523353367
wanda-block4x4-50,wanda,block4,0.5000011709583548,164477.83721577263,o_proj,32,csr_random,5,0.5000007473692603,0.13517849147319794,0.6899611607603847
wanda-block4x4-50,wanda,block4,0.5000011709583548,164477.83721577263,o_proj,32,csr_rowmajor,5,0.5000007473692603,0.08978769183158875,1.038767530053525
wanda-block4x4-50,wanda,block4,0.5000011709583548,164477.83721577263,o_proj,32,dense,5,0.5000007473692603,0.09326636791229248,1.0
wanda-block4x4-50,wanda,block4,0.5000011709583548,164477.83721577263,o_proj,128,csr,5,0.5000007473692603,0.4468485713005066,0.3823136104922324
wanda-block4x4-50,wanda,block4,0.5000011709583548,164477.83721577263,o_proj,128,csr_random,5,0.5000007473692603,0.4510108381509781,0.37887807013986946
wanda-block4x4-50,wanda,block4,0.5000011709583548,164477.83721577263,o_proj,128,csr_rowmajor,5,0.5000007473692603,0.2818964421749115,0.6061091223768901
wanda-block4x4-50,wanda,block4,0.5000011709583548,164477.83721577263,o_proj,128,dense,5,0.5000007473692603,0.17082579433918,1.0
wanda-block4x4-50,wanda,block4,0.5000011709583548,164477.83721577263,o_proj,512,csr,5,0.5000007473692603,1.926666498184204,0.2336208431179788
wanda-block4x4-50,wanda,block4,0.5000011709583548,164477.83721577263,o_proj,512,csr_random,5,0.5000007473692603,2.0824234932661057,0.2151625580411972
wanda-block4x4-50,wanda,block4,0.5000011709583548,164477.83721577263,o_proj,512,csr_rowmajor,5,0.5000007473692603,1.28251314163208,0.34904602938346446
wanda-block4x4-50,wanda,block4,0.5000011709583548,164477.83721577263,o_proj,512,dense,5,0.5000007473692603,0.4472050815820694,1.0
wanda-block4x4-50,wanda,block4,0.5000011709583548,164477.83721577263,q_proj,1,csr,5,0.5000017438616071,0.06499961018562317,0.1790233932388473
wanda-block4x4-50,wanda,block4,0.5000011709583548,164477.83721577263,q_proj,1,csr_random,5,0.5000017438616071,0.0642579048871994,0.1810986794539658
wanda-block4x4-50,wanda,block4,0.5000011709583548,164477.83721577263,q_proj,1,csr_rowmajor,5,0.5000017438616071,0.06321929395198822,0.18408505605207234
wanda-block4x4-50,wanda,block4,0.5000011709583548,164477.83721577263,q_proj,1,dense,5,0.5000017438616071,0.01163482666015625,1.0
wanda-block4x4-50,wanda,block4,0.5000011709583548,164477.83721577263,q_proj,8,csr,5,0.5000017438616071,0.0639796257019043,1.1527610894158835
wanda-block4x4-50,wanda,block4,0.5000011709583548,164477.83721577263,q_proj,8,csr_random,5,0.5000017438616071,0.0644635409116745,1.1441052564728442
wanda-block4x4-50,wanda,block4,0.5000011709583548,164477.83721577263,q_proj,8,csr_rowmajor,5,0.5000017438616071,0.04515424370765686,1.6333191977935
wanda-block4x4-50,wanda,block4,0.5000011709583548,164477.83721577263,q_proj,8,dense,5,0.5000017438616071,0.0737503170967102,1.0
wanda-block4x4-50,wanda,block4,0.5000011709583548,164477.83721577263,q_proj,32,csr,5,0.5000017438616071,0.13440214097499847,0.694029895073668
wanda-block4x4-50,wanda,block4,0.5000011709583548,164477.83721577263,q_proj,32,csr_random,5,0.5000017438616071,0.13483501970767975,0.6917911590058174
wanda-block4x4-50,wanda,block4,0.5000011709583548,164477.83721577263,q_proj,32,csr_rowmajor,5,0.5000017438616071,0.09082108736038208,1.0271158713079451
wanda-block4x4-50,wanda,block4,0.5000011709583548,164477.83721577263,q_proj,32,dense,5,0.5000017438616071,0.09327605366706848,1.0
wanda-block4x4-50,wanda,block4,0.5000011709583548,164477.83721577263,q_proj,128,csr,5,0.5000017438616071,0.45492760837078094,0.3754610668689043
wanda-block4x4-50,wanda,block4,0.5000011709583548,164477.83721577263,q_proj,128,csr_random,5,0.5000017438616071,0.4544932395219803,0.37589748535558337
wanda-block4x4-50,wanda,block4,0.5000011709583548,164477.83721577263,q_proj,128,csr_rowmajor,5,0.5000017438616071,0.28184689581394196,0.6059540768771144
wanda-block4x4-50,wanda,block4,0.5000011709583548,164477.83721577263,q_proj,128,dense,5,0.5000017438616071,0.17077550292015076,1.0
wanda-block4x4-50,wanda,block4,0.5000011709583548,164477.83721577263,q_proj,512,csr,5,0.5000017438616071,2.4823207408189774,0.18047567000156334
wanda-block4x4-50,wanda,block4,0.5000011709583548,164477.83721577263,q_proj,512,csr_random,5,0.5000017438616071,2.3495465517044067,0.19051997858095818
wanda-block4x4-50,wanda,block4,0.5000011709583548,164477.83721577263,q_proj,512,csr_rowmajor,5,0.5000017438616071,1.649695262312889,0.27271728125797073
wanda-block4x4-50,wanda,block4,0.5000011709583548,164477.83721577263,q_proj,512,dense,5,0.5000017438616071,0.44668465852737427,1.0
wanda-block4x4-50,wanda,block4,0.5000011709583548,164477.83721577263,up_proj,1,csr,5,0.5000009178218985,0.3275468945503235,0.12242919633208797
wanda-block4x4-50,wanda,block4,0.5000011709583548,164477.83721577263,up_proj,1,csr_random,5,0.5000009178218985,0.3274954855442047,0.12251047892894804
wanda-block4x4-50,wanda,block4,0.5000011709583548,164477.83721577263,up_proj,1,csr_rowmajor,5,0.5000009178218985,0.3246087580919266,0.12352245807518018
wanda-block4x4-50,wanda,block4,0.5000011709583548,164477.83721577263,up_proj,1,dense,5,0.5000009178218985,0.04011392593383789,1.0
wanda-block4x4-50,wanda,block4,0.5000011709583548,164477.83721577263,up_proj,8,csr,5,0.5000009178218985,0.2688847482204437,0.36444566565779984
wanda-block4x4-50,wanda,block4,0.5000011709583548,164477.83721577263,up_proj,8,csr_random,5,0.5000009178218985,0.270143523812294,0.36280454698055886
wanda-block4x4-50,wanda,block4,0.5000011709583548,164477.83721577263,up_proj,8,csr_rowmajor,5,0.5000009178218985,0.2484358847141266,0.39446121083193886
wanda-block4x4-50,wanda,block4,0.5000011709583548,164477.83721577263,up_proj,8,dense,5,0.5000009178218985,0.09810179471969604,1.0
wanda-block4x4-50,wanda,block4,0.5000011709583548,164477.83721577263,up_proj,32,csr,5,0.5000009178218985,0.5031194537878036,0.9021378195335699
wanda-block4x4-50,wanda,block4,0.5000011709583548,164477.83721577263,up_proj,32,csr_random,5,0.5000009178218985,0.5087722092866898,0.8921105176042776
wanda-block4x4-50,wanda,block4,0.5000011709583548,164477.83721577263,up_proj,32,csr_rowmajor,5,0.5000009178218985,0.4620067775249481,0.9823956756629179
wanda-block4x4-50,wanda,block4,0.5000011709583548,164477.83721577263,up_proj,32,dense,5,0.5000009178218985,0.4538554698228836,1.0
wanda-block4x4-50,wanda,block4,0.5000011709583548,164477.83721577263,up_proj,128,csr,5,0.5000009178218985,1.7147108912467957,0.4489417789721535
wanda-block4x4-50,wanda,block4,0.5000011709583548,164477.83721577263,up_proj,128,csr_random,5,0.5000009178218985,1.7000362277030945,0.45292136921016984
wanda-block4x4-50,wanda,block4,0.5000011709583548,164477.83721577263,up_proj,128,csr_rowmajor,5,0.5000009178218985,1.6011565923690796,0.48072777289651736
wanda-block4x4-50,wanda,block4,0.5000011709583548,164477.83721577263,up_proj,128,dense,5,0.5000009178218985,0.7689796388149261,1.0
wanda-block4x4-50,wanda,block4,0.5000011709583548,164477.83721577263,up_proj,512,csr,5,0.5000009178218985,7.0908017456531525,0.31287896685968836
wanda-block4x4-50,wanda,block4,0.5000011709583548,164477.83721577263,up_proj,512,csr_random,5,0.5000009178218985,8.111654594540596,0.27349747015115355
wanda-block4x4-50,wanda,block4,0.5000011709583548,164477.83721577263,up_proj,512,csr_rowmajor,5,0.5000009178218985,6.668022274971008,0.334500400420978
wanda-block4x4-50,wanda,block4,0.5000011709583548,164477.83721577263,up_proj,512,dense,5,0.5000009178218985,2.218453586101532,1.0
wanda-block4x4-50,wanda,block4,0.5000011709583548,164477.83721577263,v_proj,1,csr,5,0.5,0.02926960587501526,0.24263799825293006
wanda-block4x4-50,wanda,block4,0.5000011709583548,164477.83721577263,v_proj,1,csr_random,5,0.5,0.029353797435760498,0.2419508630786546
wanda-block4x4-50,wanda,block4,0.5000011709583548,164477.83721577263,v_proj,1,csr_rowmajor,5,0.5,0.027495622634887695,0.25829223639916954
wanda-block4x4-50,wanda,block4,0.5000011709583548,164477.83721577263,v_proj,1,dense,5,0.5,0.007101893424987793,1.0
wanda-block4x4-50,wanda,block4,0.5000011709583548,164477.83721577263,v_proj,8,csr,5,0.5,0.04376433789730072,0.39658525271077727
wanda-block4x4-50,wanda,block4,0.5000011709583548,164477.83721577263,v_proj,8,csr_random,5,0.5,0.044133514165878296,0.39327465204356654
wanda-block4x4-50,wanda,block4,0.5000011709583548,164477.83721577263,v_proj,8,csr_rowmajor,5,0.5,0.025365501642227173,0.6841952259649945
wanda-block4x4-50,wanda,block4,0.5000011709583548,164477.83721577263,v_proj,8,dense,5,0.5,0.017354637384414673,1.0
wanda-block4x4-50,wanda,block4,0.5000011709583548,164477.83721577263,v_proj,32,csr,5,0.5,0.07204264402389526,0.30422021539783317
wanda-block4x4-50,wanda,block4,0.5000011709583548,164477.83721577263,v_proj,32,csr_random,5,0.5,0.07207542657852173,0.3040796817373678
wanda-block4x4-50,wanda,block4,0.5000011709583548,164477.83721577263,v_proj,32,csr_rowmajor,5,0.5,0.030421465635299683,0.7204203017694117
wanda-block4x4-50,wanda,block4,0.5000011709583548,164477.83721577263,v_proj,32,dense,5,0.5,0.021915137767791748,1.0
wanda-block4x4-50,wanda,block4,0.5000011709583548,164477.83721577263,v_proj,128,csr,5,0.5,0.22989846765995026,0.19251200321747353
wanda-block4x4-50,wanda,block4,0.5000011709583548,164477.83721577263,v_proj,128,csr_random,5,0.5,0.2364758402109146,0.1871529383109289
wanda-block4x4-50,wanda,block4,0.5000011709583548,164477.83721577263,v_proj,128,csr_rowmajor,5,0.5,0.06348490715026855,0.697197233403091
wanda-block4x4-50,wanda,block4,0.5000011709583548,164477.83721577263,v_proj,128,dense,5,0.5,0.04425644874572754,1.0
wanda-block4x4-50,wanda,block4,0.5000011709583548,164477.83721577263,v_proj,512,csr,5,0.5,0.960724800825119,0.10530825563888792
wanda-block4x4-50,wanda,block4,0.5000011709583548,164477.83721577263,v_proj,512,csr_random,5,0.5,0.9774111211299896,0.10347866482902346
wanda-block4x4-50,wanda,block4,0.5000011709583548,164477.83721577263,v_proj,512,csr_rowmajor,5,0.5,0.25737397372722626,0.402338565653439
wanda-block4x4-50,wanda,block4,0.5000011709583548,164477.83721577263,v_proj,512,dense,5,0.5,0.10111108422279358,1.0
wanda-block4x4-70,wanda,block4,0.699996322240585,33397493.046964183,down_proj,1,csr,5,0.6999979349007284,0.20603202283382416,0.18777780844227657
wanda-block4x4-70,wanda,block4,0.699996322240585,33397493.046964183,down_proj,1,csr_random,5,0.6999979349007284,0.20771552808582783,0.18620572867391297
wanda-block4x4-70,wanda,block4,0.699996322240585,33397493.046964183,down_proj,1,csr_rowmajor,5,0.6999979349007284,0.20405855029821396,0.18958931715485286
wanda-block4x4-70,wanda,block4,0.699996322240585,33397493.046964183,down_proj,1,dense,5,0.6999979349007284,0.03866422921419144,1.0
wanda-block4x4-70,wanda,block4,0.699996322240585,33397493.046964183,down_proj,8,csr,5,0.6999979349007284,0.206385413184762,0.6475022011749038
wanda-block4x4-70,wanda,block4,0.699996322240585,33397493.046964183,down_proj,8,csr_random,5,0.6999979349007284,0.21086540073156357,0.6336239487437925
wanda-block4x4-70,wanda,block4,0.699996322240585,33397493.046964183,down_proj,8,csr_rowmajor,5,0.6999979349007284,0.12544929049909115,1.0647070826226082
wanda-block4x4-70,wanda,block4,0.699996322240585,33397493.046964183,down_proj,8,dense,5,0.6999979349007284,0.1335958018898964,1.0
wanda-block4x4-70,wanda,block4,0.699996322240585,33397493.046964183,down_proj,32,csr,5,0.6999979349007284,0.4561181180179119,1.0007155280625113
wanda-block4x4-70,wanda,block4,0.699996322240585,33397493.046964183,down_proj,32,csr_random,5,0.6999979349007284,0.4652447532862425,0.9810867907345936
wanda-block4x4-70,wanda,block4,0.699996322240585,33397493.046964183,down_proj,32,csr_rowmajor,5,0.6999979349007284,0.2780374139547348,1.6418952485804166
wanda-block4x4-70,wanda,block4,0.699996322240585,33397493.046964183,down_proj,32,dense,5,0.6999979349007284,0.4564284812659025,1.0
wanda-block4x4-70,wanda,block4,0.699996322240585,33397493.046964183,down_proj,128,csr,5,0.6999979349007284,2.3983714636415243,0.26461725963133254
wanda-block4x4-70,wanda,block4,0.699996322240585,33397493.046964183,down_proj,128,csr_random,5,0.6999979349007284,2.4156092666089535,0.2531749494650067
wanda-block4x4-70,wanda,block4,0.699996322240585,33397493.046964183,down_proj,128,csr_rowmajor,5,0.6999979349007284,2.1799431182444096,0.3190800713337578
wanda-block4x4-70,wanda,block4,0.699996322240585,33397493.046964183,down_proj,128,dense,5,0.6999979349007284,0.6058502942323685,1.0
wanda-block4x4-70,wanda,block4,0.699996322240585,33397493.046964183,down_proj,512,csr,5,0.6999979349007284,13.72163612395525,0.19862168885976536
wanda-block4x4-70,wanda,block4,0.699996322240585,33397493.046964183,down_proj,512,csr_random,5,0.6999979349007284,12.897208612412214,0.21131579202276238
wanda-block4x4-70,wanda,block4,0.699996322240585,33397493.046964183,down_proj,512,csr_rowmajor,5,0.6999979349007284,9.666664665564895,0.28197590216106533
wanda-block4x4-70,wanda,block4,0.699996322240585,33397493.046964183,down_proj,512,dense,5,0.6999979349007284,2.7253637555986643,1.0
wanda-block4x4-70,wanda,block4,0.699996322240585,33397493.046964183,gate_proj,1,csr,5,0.6999976136630639,0.16942424699664116,0.21621895038923236
wanda-block4x4-70,wanda,block4,0.699996322240585,33397493.046964183,gate_proj,1,csr_random,5,0.6999976136630639,0.170605955645442,0.21471981957787303
wanda-block4x4-70,wanda,block4,0.699996322240585,33397493.046964183,gate_proj,1,csr_rowmajor,5,0.6999976136630639,0.1667685341089964,0.21966143163884927
wanda-block4x4-70,wanda,block4,0.699996322240585,33397493.046964183,gate_proj,1,dense,5,0.6999976136630639,0.036632828414440155,1.0
wanda-block4x4-70,wanda,block4,0.699996322240585,33397493.046964183,gate_proj,8,csr,5,0.6999976136630639,0.1444780733436346,0.5959695291633992
wanda-block4x4-70,wanda,block4,0.699996322240585,33397493.046964183,gate_proj,8,csr_random,5,0.6999976136630639,0.14580651186406612,0.5905442733973141
wanda-block4x4-70,wanda,block4,0.699996322240585,33397493.046964183,gate_proj,8,csr_rowmajor,5,0.6999976136630639,0.1240201760083437,0.6943053151290374
wanda-block4x4-70,wanda,block4,0.699996322240585,33397493.046964183,gate_proj,8,dense,5,0.6999976136630639,0.08610514923930168,1.0
wanda-block4x4-70,wanda,block4,0.699996322240585,33397493.046964183,gate_proj,32,csr,5,0.6999976136630639,0.2900622319430113,1.5648998834909982
wanda-block4x4-70,wanda,block4,0.699996322240585,33397493.046964183,gate_proj,32,csr_random,5,0.6999976136630639,0.2982433419674635,1.5219407768579625
wanda-block4x4-70,wanda,block4,0.699996322240585,33397493.046964183,gate_proj,32,csr_rowmajor,5,0.6999976136630639,0.24769864976406097,1.8326062111511752
wanda-block4x4-70,wanda,block4,0.699996322240585,33397493.046964183,gate_proj,32,dense,5,0.6999976136630639,0.4538989160209894,1.0
wanda-block4x4-70,wanda,block4,0.699996322240585,33397493.046964183,gate_proj,128,csr,5,0.6999976136630639,1.05830910615623,0.7106176331278162
wanda-block4x4-70,wanda,block4,0.699996322240585,33397493.046964183,gate_proj,128,csr_random,5,0.6999976136630639,1.074293116107583,0.7019111613713523
wanda-block4x4-70,wanda,block4,0.699996322240585,33397493.046964183,gate_proj,128,csr_rowmajor,5,0.6999976136630639,0.9774384088814259,0.7689238845388131
wanda-block4x4-70,wanda,block4,0.699996322240585,33397493.046964183,gate_proj,128,dense,5,0.6999976136630639,0.7513767573982477,1.0
wanda-block4x4-70,wanda,block4,0.699996322240585,33397493.046964183,gate_proj,512,csr,5,0.6999976136630639,4.4047249015420675,0.5027181857524113
wanda-block4x4-70,wanda,block4,0.699996322240585,33397493.046964183,gate_proj,512,csr_random,5,0.6999976136630639,4.789614956825972,0.46225811804921424
wanda-block4x4-70,wanda,block4,0.699996322240585,33397493.046964183,gate_proj,512,csr_rowmajor,5,0.6999976136630639,3.8801942486315966,0.5720954314915783
wanda-block4x4-70,wanda,block4,0.699996322240585,33397493.046964183,gate_proj,512,dense,5,0.6999976136630639,2.2139865905046463,1.0
wanda-block4x4-70,wanda,block4,0.699996322240585,33397493.046964183,k_proj,1,csr,5,0.6999180385044643,0.025439495220780373,0.2783728316949486
wanda-block4x4-70,wanda,block4,0.699996322240585,33397493.046964183,k_proj,1,csr_random,5,0.6999180385044643,0.025579659268260002,0.2768425679229812
wanda-block4x4-70,wanda,block4,0.699996322240585,33397493.046964183,k_proj,1,csr_rowmajor,5,0.6999180385044643,0.023472681641578674,0.3017021167635229
wanda-block4x4-70,wanda,block4,0.699996322240585,33397493.046964183,k_proj,1,dense,5,0.6999180385044643,0.0070814043283462524,1.0
wanda-block4x4-70,wanda,block4,0.699996322240585,33397493.046964183,k_proj,8,csr,5,0.6999180385044643,0.039928779006004333,0.4374309993909382
wanda-block4x4-70,wanda,block4,0.699996322240585,33397493.046964183,k_proj,8,csr_random,5,0.6999180385044643,0.04014712758362293,0.43507582146874624
wanda-block4x4-70,wanda,block4,0.699996322240585,33397493.046964183,k_proj,8,csr_rowmajor,5,0.6999180385044643,0.021531246602535248,0.811241747751325
wanda-block4x4-70,wanda,block4,0.699996322240585,33397493.046964183,k_proj,8,dense,5,0.6999180385044643,0.01746518537402153,1.0
wanda-block4x4-70,wanda,block4,0.699996322240585,33397493.046964183,k_proj,32,csr,5,0.6999180385044643,0.06617563776671886,0.333032861600292
wanda-block4x4-70,wanda,block4,0.699996322240585,33397493.046964183,k_proj,32,csr_random,5,0.6999180385044643,0.06660819053649902,0.3307864041353053
wanda-block4x4-70,wanda,block4,0.699996322240585,33397493.046964183,k_proj,32,csr_rowmajor,5,0.6999180385044643,0.024819374084472656,0.8881320494306806
wanda-block4x4-70,wanda,block4,0.699996322240585,33397493.046964183,k_proj,32,dense,5,0.6999180385044643,0.02203201875090599,1.0
wanda-block4x4-70,wanda,block4,0.699996322240585,33397493.046964183,k_proj,128,csr,5,0.6999180385044643,0.19815689884126186,0.22238524667285298
wanda-block4x4-70,wanda,block4,0.699996322240585,33397493.046964183,k_proj,128,csr_random,5,0.6999180385044643,0.2061945851892233,0.21368074338778484
wanda-block4x4-70,wanda,block4,0.699996322240585,33397493.046964183,k_proj,128,csr_rowmajor,5,0.6999180385044643,0.04730219952762127,0.9313749383460179
wanda-block4x4-70,wanda,block4,0.699996322240585,33397493.046964183,k_proj,128,dense,5,0.6999180385044643,0.044050440192222595,1.0
wanda-block4x4-70,wanda,block4,0.699996322240585,33397493.046964183,k_proj,512,csr,5,0.6999180385044643,0.8585150819271803,0.11792632803594198
wanda-block4x4-70,wanda,block4,0.699996322240585,33397493.046964183,k_proj,512,csr_random,5,0.6999180385044643,0.8909319993108511,0.11361097757287712
wanda-block4x4-70,wanda,block4,0.699996322240585,33397493.046964183,k_proj,512,csr_rowmajor,5,0.6999180385044643,0.19764741882681847,0.5260318720968722
wanda-block4x4-70,wanda,block4,0.699996322240585,33397493.046964183,k_proj,512,dense,5,0.6999180385044643,0.10120365768671036,1.0
wanda-block4x4-70,wanda,block4,0.699996322240585,33397493.046964183,o_proj,1,csr,5,0.699996263153699,0.05074925720691681,0.23013719976929362
wanda-block4x4-70,wanda,block4,0.699996322240585,33397493.046964183,o_proj,1,csr_random,5,0.699996263153699,0.05004815757274628,0.23334462011001336
wanda-block4x4-70,wanda,block4,0.699996322240585,33397493.046964183,o_proj,1,csr_rowmajor,5,0.699996263153699,0.048703188076615334,0.23981369500693978
wanda-block4x4-70,wanda,block4,0.699996322240585,33397493.046964183,o_proj,1,dense,5,0.699996263153699,0.011678319424390793,1.0
wanda-block4x4-70,wanda,block4,0.699996322240585,33397493.046964183,o_proj,8,csr,5,0.699996263153699,0.05588242784142494,1.3213366324004123
wanda-block4x4-70,wanda,block4,0.699996322240585,33397493.046964183,o_proj,8,csr_random,5,0.699996263153699,0.05634427070617676,1.3105879367368352
wanda-block4x4-70,wanda,block4,0.699996322240585,33397493.046964183,o_proj,8,csr_rowmajor,5,0.699996263153699,0.037300726398825645,1.9795359403056763
wanda-block4x4-70,wanda,block4,0.699996322240585,33397493.046964183,o_proj,8,dense,5,0.699996263153699,0.07383772172033787,1.0
wanda-block4x4-70,wanda,block4,0.699996322240585,33397493.046964183,o_proj,32,csr,5,0.699996263153699,0.10573412291705608,0.879714316268843
wanda-block4x4-70,wanda,block4,0.699996322240585,33397493.046964183,o_proj,32,csr_random,5,0.699996263153699,0.1105861272662878,0.8405412571447403
wanda-block4x4-70,wanda,block4,0.699996322240585,33397493.046964183,o_proj,32,csr_rowmajor,5,0.699996263153699,0.06444868631660938,1.4436088195077619
wanda-block4x4-70,wanda,block4,0.699996322240585,33397493.046964183,o_proj,32,dense,5,0.699996263153699,0.09294990450143814,1.0
wanda-block4x4-70,wanda,block4,0.699996322240585,33397493.046964183,o_proj,128,csr,5,0.699996263153699,0.3440955188125372,0.49133061096024905
wanda-block4x4-70,wanda,block4,0.699996322240585,33397493.046964183,o_proj,128,csr_random,5,0.699996263153699,0.35620243288576603,0.47453079506250356
wanda-block4x4-70,wanda,block4,0.699996322240585,33397493.046964183,o_proj,128,csr_rowmajor,5,0.699996263153699,0.18749977461993694,0.9013012345487116
wanda-block4x4-70,wanda,block4,0.699996322240585,33397493.046964183,o_proj,128,dense,5,0.699996263153699,0.16897628083825111,1.0
wanda-block4x4-70,wanda,block4,0.699996322240585,33397493.046964183,o_proj,512,csr,5,0.699996263153699,1.4147405046969652,0.3138870504691711
wanda-block4x4-70,wanda,block4,0.699996322240585,33397493.046964183,o_proj,512,csr_random,5,0.699996263153699,1.4400322921574116,0.30798812960126604
wanda-block4x4-70,wanda,block4,0.699996322240585,33397493.046964183,o_proj,512,csr_rowmajor,5,0.699996263153699,0.8393987081944942,0.5285958967619466
wanda-block4x4-70,wanda,block4,0.699996322240585,33397493.046964183,o_proj,512,dense,5,0.699996263153699,0.4433881491422653,1.0
wanda-block4x4-70,wanda,block4,0.699996322240585,33397493.046964183,q_proj,1,csr,5,0.6999967613998725,0.04984056577086449,0.23344402674582432
wanda-block4x4-70,wanda,block4,0.699996322240585,33397493.046964183,q_proj,1,csr_random,5,0.6999967613998725,0.049068545922636986,0.2370812996937156
wanda-block4x4-70,wanda,block4,0.699996322240585,33397493.046964183,q_proj,1,csr_rowmajor,5,0.6999967613998725,0.04792194813489914,0.2427866423999697
wanda-block4x4-70,wanda,block4,0.699996322240585,33397493.046964183,q_proj,1,dense,5,0.6999967613998725,0.011631287634372711,1.0
wanda-block4x4-70,wanda,block4,0.699996322240585,33397493.046964183,q_proj,8,csr,5,0.6999967613998725,0.05646576173603535,1.307239851582283
wanda-block4x4-70,wanda,block4,0.699996322240585,33397493.046964183,q_proj,8,csr_random,5,0.6999967613998725,0.056244758889079094,1.3122866404731133
wanda-block4x4-70,wanda,block4,0.699996322240585,33397493.046964183,q_proj,8,csr_rowmajor,5,0.6999967613998725,0.03794590011239052,1.945848735039897
wanda-block4x4-70,wanda,block4,0.699996322240585,33397493.046964183,q_proj,8,dense,5,0.6999967613998725,0.07380712777376175,1.0
wanda-block4x4-70,wanda,block4,0.699996322240585,33397493.046964183,q_proj,32,csr,5,0.6999967613998725,0.11302693746984005,0.8223279965481255
wanda-block4x4-70,wanda,block4,0.699996322240585,33397493.046964183,q_proj,32,csr_random,5,0.6999967613998725,0.11161076836287975,0.8327730770831004
wanda-block4x4-70,wanda,block4,0.699996322240585,33397493.046964183,q_proj,32,csr_rowmajor,5,0.6999967613998725,0.06876965053379536,1.3518199059534495
wanda-block4x4-70,wanda,block4,0.699996322240585,33397493.046964183,q_proj,32,dense,5,0.6999967613998725,0.09293579496443272,1.0
wanda-block4x4-70,wanda,block4,0.699996322240585,33397493.046964183,q_proj,128,csr,5,0.6999967613998725,0.3547494299709797,0.47737819657783614
wanda-block4x4-70,wanda,block4,0.699996322240585,33397493.046964183,q_proj,128,csr_random,5,0.6999967613998725,0.3533662762492895,0.4793484947288832
wanda-block4x4-70,wanda,block4,0.699996322240585,33397493.046964183,q_proj,128,csr_rowmajor,5,0.6999967613998725,0.22565433755517006,0.7728962770063394
wanda-block4x4-70,wanda,block4,0.699996322240585,33397493.046964183,q_proj,128,dense,5,0.6999967613998725,0.16932561993598938,1.0
wanda-block4x4-70,wanda,block4,0.699996322240585,33397493.046964183,q_proj,512,csr,5,0.6999967613998725,1.5748506877571344,0.2819210668622128
wanda-block4x4-70,wanda,block4,0.699996322240585,33397493.046964183,q_proj,512,csr_random,5,0.6999967613998725,1.4476366341114044,0.30617432234010433
wanda-block4x4-70,wanda,block4,0.699996322240585,33397493.046964183,q_proj,512,csr_rowmajor,5,0.6999967613998725,1.0491232387721539,0.43000444607936766
wanda-block4x4-70,wanda,block4,0.699996322240585,33397493.046964183,q_proj,512,dense,5,0.6999967613998725,0.4429587163031101,1.0
wanda-block4x4-70,wanda,block4,0.699996322240585,33397493.046964183,up_proj,1,csr,5,0.6999976136630639,0.1700012944638729,0.22483383915802763
wanda-block4x4-70,wanda,block4,0.699996322240585,33397493.046964183,up_proj,1,csr_random,5,0.6999976136630639,0.16991831362247467,0.2249261978046785
wanda-block4x4-70,wanda,block4,0.699996322240585,33397493.046964183,up_proj,1,csr_rowmajor,5,0.6999976136630639,0.1674300990998745,0.228289938771838
wanda-block4x4-70,wanda,block4,0.699996322240585,33397493.046964183,up_proj,1,dense,5,0.6999976136630639,0.03821179270744324,1.0
wanda-block4x4-70,wanda,block4,0.699996322240585,33397493.046964183,up_proj,8,csr,5,0.6999976136630639,0.14538010582327843,0.6348228296679332
wanda-block4x4-70,wanda,block4,0.699996322240585,33397493.046964183,up_proj,8,csr_random,5,0.6999976136630639,0.14551905915141106,0.6340461926560421
wanda-block4x4-70,wanda,block4,0.699996322240585,33397493.046964183,up_proj,8,csr_rowmajor,5,0.6999976136630639,0.12464234605431557,0.7405317224176805
wanda-block4x4-70,wanda,block4,0.699996322240585,33397493.046964183,up_proj,8,dense,5,0.6999976136630639,0.09227674454450607,1.0
wanda-block4x4-70,wanda,block4,0.699996322240585,33397493.046964183,up_proj,32,csr,5,0.6999976136630639,0.28508943505585194,1.5906087445159085
wanda-block4x4-70,wanda,block4,0.699996322240585,33397493.046964183,up_proj,32,csr_random,5,0.6999976136630639,0.2972154878079891,1.525625060065103
wanda-block4x4-70,wanda,block4,0.699996322240585,33397493.046964183,up_proj,32,csr_rowmajor,5,0.6999976136630639,0.24446514435112476,1.8548233523477984
wanda-block4x4-70,wanda,block4,0.699996322240585,33397493.046964183,up_proj,32,dense,5,0.6999976136630639,0.45341956429183483,1.0
wanda-block4x4-70,wanda,block4,0.699996322240585,33397493.046964183,up_proj,128,csr,5,0.6999976136630639,1.0736418422311544,0.7063329939781309
wanda-block4x4-70,wanda,block4,0.699996322240585,33397493.046964183,up_proj,128,csr_random,5,0.6999976136630639,1.1046988889575005,0.6891775553411582
wanda-block4x4-70,wanda,block4,0.699996322240585,33397493.046964183,up_proj,128,csr_rowmajor,5,0.6999976136630639,0.9690911509096622,0.781910325512424
wanda-block4x4-70,wanda,block4,0.699996322240585,33397493.046964183,up_proj,128,dense,5,0.6999976136630639,0.7575999945402145,1.0
wanda-block4x4-70,wanda,block4,0.699996322240585,33397493.046964183,up_proj,512,csr,5,0.6999976136630639,4.461765289306641,0.49741206195064325
wanda-block4x4-70,wanda,block4,0.699996322240585,33397493.046964183,up_proj,512,csr_random,5,0.6999976136630639,4.9398047383874655,0.44943609129990136
wanda-block4x4-70,wanda,block4,0.699996322240585,33397493.046964183,up_proj,512,csr_rowmajor,5,0.6999976136630639,4.621086269617081,0.5079189526882157
wanda-block4x4-70,wanda,block4,0.699996322240585,33397493.046964183,up_proj,512,dense,5,0.6999976136630639,2.2164990194141865,1.0
wanda-block4x4-70,wanda,block4,0.699996322240585,33397493.046964183,v_proj,1,csr,5,0.6999162946428572,0.025271158665418625,0.28052431591833693
wanda-block4x4-70,wanda,block4,0.699996322240585,33397493.046964183,v_proj,1,csr_random,5,0.6999162946428572,0.025512557476758957,0.2778629218034169
wanda-block4x4-70,wanda,block4,0.699996322240585,33397493.046964183,v_proj,1,csr_rowmajor,5,0.6999162946428572,0.023351330310106277,0.3035879500687386
wanda-block4x4-70,wanda,block4,0.699996322240585,33397493.046964183,v_proj,1,dense,5,0.6999162946428572,0.007088854908943176,1.0
wanda-block4x4-70,wanda,block4,0.699996322240585,33397493.046964183,v_proj,8,csr,5,0.6999162946428572,0.039844587445259094,0.4383081430987528
wanda-block4x4-70,wanda,block4,0.699996322240585,33397493.046964183,v_proj,8,csr_random,5,0.6999162946428572,0.03973469138145447,0.43951434539791584
wanda-block4x4-70,wanda,block4,0.699996322240585,33397493.046964183,v_proj,8,csr_rowmajor,5,0.6999162946428572,0.021454598754644394,0.8140061204497309
wanda-block4x4-70,wanda,block4,0.699996322240585,33397493.046964183,v_proj,8,dense,5,0.6999162946428572,0.017463695257902145,1.0
wanda-block4x4-70,wanda,block4,0.699996322240585,33397493.046964183,v_proj,32,csr,5,0.6999162946428572,0.06629517301917076,0.3312976069303525
wanda-block4x4-70,wanda,block4,0.699996322240585,33397493.046964183,v_proj,32,csr_random,5,0.6999162946428572,0.06686015985906124,0.3283468281413864
wanda-block4x4-70,wanda,block4,0.699996322240585,33397493.046964183,v_proj,32,csr_rowmajor,5,0.6999162946428572,0.02443566918373108,0.8988427260654631
wanda-block4x4-70,wanda,block4,0.699996322240585,33397493.046964183,v_proj,32,dense,5,0.6999162946428572,0.021953042596578598,1.0
wanda-block4x4-70,wanda,block4,0.699996322240585,33397493.046964183,v_proj,128,csr,5,0.6999162946428572,0.19853441044688225,0.2220065710729657
wanda-block4x4-70,wanda,block4,0.699996322240585,33397493.046964183,v_proj,128,csr_random,5,0.6999162946428572,0.20766020752489567,0.21217762490049102
wanda-block4x4-70,wanda,block4,0.699996322240585,33397493.046964183,v_proj,128,csr_rowmajor,5,0.6999162946428572,0.04690880887210369,0.9392796584960181
wanda-block4x4-70,wanda,block4,0.699996322240585,33397493.046964183,v_proj,128,dense,5,0.6999162946428572,0.0440357718616724,1.0
wanda-block4x4-70,wanda,block4,0.699996322240585,33397493.046964183,v_proj,512,csr,5,0.6999162946428572,0.8568236138671637,0.11840170897739627
wanda-block4x4-70,wanda,block4,0.699996322240585,33397493.046964183,v_proj,512,csr_random,5,0.6999162946428572,0.9008865803480148,0.112522740308161
wanda-block4x4-70,wanda,block4,0.699996322240585,33397493.046964183,v_proj,512,csr_rowmajor,5,0.6999162946428572,0.1903632190078497,0.543023517717302
wanda-block4x4-70,wanda,block4,0.699996322240585,33397493.046964183,v_proj,512,dense,5,0.6999162946428572,0.10133683681488037,1.0
wanda-block4x4-90,wanda,block4,0.8999970013405377,8754422.698619125,down_proj,1,csr,5,0.8999980266829182,0.10237401584163308,0.38208632500004724
wanda-block4x4-90,wanda,block4,0.8999970013405377,8754422.698619125,down_proj,1,csr_random,5,0.8999980266829182,0.10443698847666383,0.3745137359816839
wanda-block4x4-90,wanda,block4,0.8999970013405377,8754422.698619125,down_proj,1,csr_rowmajor,5,0.8999980266829182,0.10049791308119893,0.3891991592486202
wanda-block4x4-90,wanda,block4,0.8999970013405377,8754422.698619125,down_proj,1,dense,5,0.8999980266829182,0.03911603707820177,1.0
wanda-block4x4-90,wanda,block4,0.8999970013405377,8754422.698619125,down_proj,8,csr,5,0.8999980266829182,0.12775809736922383,1.0898375776752633
wanda-block4x4-90,wanda,block4,0.8999970013405377,8754422.698619125,down_proj,8,csr_random,5,0.8999980266829182,0.13350731460377574,1.0437836079548106
wanda-block4x4-90,wanda,block4,0.8999970013405377,8754422.698619125,down_proj,8,csr_rowmajor,5,0.8999980266829182,0.04788180813193321,2.9110336060720137
wanda-block4x4-90,wanda,block4,0.8999970013405377,8754422.698619125,down_proj,8,dense,5,0.8999980266829182,0.1394015154801309,1.0
wanda-block4x4-90,wanda,block4,0.8999970013405377,8754422.698619125,down_proj,32,csr,5,0.8999980266829182,0.29639931162819266,1.5408556402073774
wanda-block4x4-90,wanda,block4,0.8999970013405377,8754422.698619125,down_proj,32,csr_random,5,0.8999980266829182,0.31412935350090265,1.4535321007620503
wanda-block4x4-90,wanda,block4,0.8999970013405377,8754422.698619125,down_proj,32,csr_rowmajor,5,0.8999980266829182,0.10057492181658745,4.54079682209048
wanda-block4x4-90,wanda,block4,0.8999970013405377,8754422.698619125,down_proj,32,dense,5,0.8999980266829182,0.4565665149129927,1.0
wanda-block4x4-90,wanda,block4,0.8999970013405377,8754422.698619125,down_proj,128,csr,5,0.8999980266829182,1.1938125477172434,0.5082258451448873
wanda-block4x4-90,wanda,block4,0.8999970013405377,8754422.698619125,down_proj,128,csr_random,5,0.8999980266829182,1.2676322716288269,0.47709157323821866
wanda-block4x4-90,wanda,block4,0.8999970013405377,8754422.698619125,down_proj,128,csr_rowmajor,5,0.8999980266829182,0.41193211218342185,1.5273950956857005
wanda-block4x4-90,wanda,block4,0.8999970013405377,8754422.698619125,down_proj,128,dense,5,0.8999980266829182,0.6047302042134106,1.0
wanda-block4x4-90,wanda,block4,0.8999970013405377,8754422.698619125,down_proj,512,csr,5,0.8999980266829182,5.570683674886823,0.5031006109081925
wanda-block4x4-90,wanda,block4,0.8999970013405377,8754422.698619125,down_proj,512,csr_random,5,0.8999980266829182,6.4764440059661865,0.43137857790724093
wanda-block4x4-90,wanda,block4,0.8999970013405377,8754422.698619125,down_proj,512,csr_rowmajor,5,0.8999980266829182,1.9890103838406503,1.4205858732731032
wanda-block4x4-90,wanda,block4,0.8999970013405377,8754422.698619125,down_proj,512,dense,5,0.8999980266829182,2.7936062775552273,1.0
wanda-block4x4-90,wanda,block4,0.8999970013405377,8754422.698619125,gate_proj,1,csr,5,0.8999979349007283,0.06487183272838593,0.6585944325547213
wanda-block4x4-90,wanda,block4,0.8999970013405377,8754422.698619125,gate_proj,1,csr_random,5,0.8999979349007283,0.06364710861817002,0.6721354130590946
wanda-block4x4-90,wanda,block4,0.8999970013405377,8754422.698619125,gate_proj,1,csr_rowmajor,5,0.8999979349007283,0.0630514114163816,0.6775476251971976
wanda-block4x4-90,wanda,block4,0.8999970013405377,8754422.698619125,gate_proj,1,dense,5,0.8999979349007283,0.04280391149222851,1.0
wanda-block4x4-90,wanda,block4,0.8999970013405377,8754422.698619125,gate_proj,8,csr,5,0.8999979349007283,0.07661399431526661,1.357273750925851
wanda-block4x4-90,wanda,block4,0.8999970013405377,8754422.698619125,gate_proj,8,csr_random,5,0.8999979349007283,0.07692422950640321,1.3559902056392354
wanda-block4x4-90,wanda,block4,0.8999970013405377,8754422.698619125,gate_proj,8,csr_rowmajor,5,0.8999979349007283,0.056892773136496544,1.828669308237541
wanda-block4x4-90,wanda,block4,0.8999970013405377,8754422.698619125,gate_proj,8,dense,5,0.8999979349007283,0.10421770857647061,1.0
wanda-block4x4-90,wanda,block4,0.8999970013405377,8754422.698619125,gate_proj,32,csr,5,0.8999979349007283,0.14221679884940386,3.1952059864062483
wanda-block4x4-90,wanda,block4,0.8999970013405377,8754422.698619125,gate_proj,32,csr_random,5,0.8999979349007283,0.15226349933072925,2.9840764842835505
wanda-block4x4-90,wanda,block4,0.8999970013405377,8754422.698619125,gate_proj,32,csr_rowmajor,5,0.8999979349007283,0.09949041996151209,4.567565028470785
wanda-block4x4-90,wanda,block4,0.8999970013405377,8754422.698619125,gate_proj,32,dense,5,0.8999979349007283,0.454361189622432,1.0
wanda-block4x4-90,wanda,block4,0.8999970013405377,8754422.698619125,gate_proj,128,csr,5,0.8999979349007283,0.4472258733585477,1.734823148360117
wanda-block4x4-90,wanda,block4,0.8999970013405377,8754422.698619125,gate_proj,128,csr_random,5,0.8999979349007283,0.47252789372578263,1.6447546710022913
wanda-block4x4-90,wanda,block4,0.8999970013405377,8754422.698619125,gate_proj,128,csr_rowmajor,5,0.8999979349007283,0.2821764210239053,2.749497067289824
wanda-block4x4-90,wanda,block4,0.8999970013405377,8754422.698619125,gate_proj,128,dense,5,0.8999979349007283,0.7758854888379574,1.0
wanda-block4x4-90,wanda,block4,0.8999970013405377,8754422.698619125,gate_proj,512,csr,5,0.8999979349007283,2.047546301037073,1.090292463719679
wanda-block4x4-90,wanda,block4,0.8999970013405377,8754422.698619125,gate_proj,512,csr_random,5,0.8999979349007283,2.496879710815847,0.8945926187725006
wanda-block4x4-90,wanda,block4,0.8999970013405377,8754422.698619125,gate_proj,512,csr_rowmajor,5,0.8999979349007283,1.3659030781127512,1.634287315773191
wanda-block4x4-90,wanda,block4,0.8999970013405377,8754422.698619125,gate_proj,512,dense,5,0.8999979349007283,2.2315295529551804,1.0
wanda-block4x4-90,wanda,block4,0.8999970013405377,8754422.698619125,k_proj,1,csr,5,0.8999720982142857,0.02079000696539879,0.34063215767151356
wanda-block4x4-90,wanda,block4,0.8999970013405377,8754422.698619125,k_proj,1,csr_random,5,0.8999720982142857,0.020725815556943417,0.34168567409791434
wanda-block4x4-90,wanda,block4,0.8999970013405377,8754422.698619125,k_proj,1,csr_rowmajor,5,0.8999720982142857,0.018862797878682613,0.37543066450220325
wanda-block4x4-90,wanda,block4,0.8999970013405377,8754422.698619125,k_proj,1,dense,5,0.8999720982142857,0.007081613875925541,1.0
wanda-block4x4-90,wanda,block4,0.8999970013405377,8754422.698619125,k_proj,8,csr,5,0.8999720982142857,0.035601912532001734,0.4874750945767519
wanda-block4x4-90,wanda,block4,0.8999970013405377,8754422.698619125,k_proj,8,csr_random,5,0.8999720982142857,0.03596080932766199,0.4825835297708249
wanda-block4x4-90,wanda,block4,0.8999970013405377,8754422.698619125,k_proj,8,csr_rowmajor,5,0.8999720982142857,0.01711358781903982,1.0140516166010205
wanda-block4x4-90,wanda,block4,0.8999970013405377,8754422.698619125,k_proj,8,dense,5,0.8999720982142857,0.017353997100144625,1.0
wanda-block4x4-90,wanda,block4,0.8999970013405377,8754422.698619125,k_proj,32,csr,5,0.8999720982142857,0.057516631204634905,0.38048713341921914
wanda-block4x4-90,wanda,block4,0.8999970013405377,8754422.698619125,k_proj,32,csr_random,5,0.8999720982142857,0.06306067807599902,0.346837229640668
wanda-block4x4-90,wanda,block4,0.8999970013405377,8754422.698619125,k_proj,32,csr_rowmajor,5,0.8999720982142857,0.018755602650344372,1.1662687160848224
wanda-block4x4-90,wanda,block4,0.8999970013405377,8754422.698619125,k_proj,32,dense,5,0.8999720982142857,0.02187096979469061,1.0
wanda-block4x4-90,wanda,block4,0.8999970013405377,8754422.698619125,k_proj,128,csr,5,0.8999720982142857,0.1715574413537979,0.25704872910132265
wanda-block4x4-90,wanda,block4,0.8999970013405377,8754422.698619125,k_proj,128,csr_random,5,0.8999720982142857,0.19367035711184144,0.22753738920993208
wanda-block4x4-90,wanda,block4,0.8999970013405377,8754422.698619125,k_proj,128,csr_rowmajor,5,0.8999720982142857,0.02904637949541211,1.5200210791733484
wanda-block4x4-90,wanda,block4,0.8999970013405377,8754422.698619125,k_proj,128,dense,5,0.8999720982142857,0.04405889194458723,1.0
wanda-block4x4-90,wanda,block4,0.8999970013405377,8754422.698619125,k_proj,512,csr,5,0.8999720982142857,0.6560615147463977,0.15583154859233753
wanda-block4x4-90,wanda,block4,0.8999970013405377,8754422.698619125,k_proj,512,csr_random,5,0.8999720982142857,0.7650261046364903,0.13304134894674727
wanda-block4x4-90,wanda,block4,0.8999970013405377,8754422.698619125,k_proj,512,csr_rowmajor,5,0.8999720982142857,0.06872561061754823,1.486565722801864
wanda-block4x4-90,wanda,block4,0.8999970013405377,8754422.698619125,k_proj,512,dense,5,0.8999720982142857,0.10177481453865767,1.0
wanda-block4x4-90,wanda,block4,0.8999970013405377,8754422.698619125,o_proj,1,csr,5,0.8999920280612245,0.03509500529617071,0.33324604200587177
wanda-block4x4-90,wanda,block4,0.8999970013405377,8754422.698619125,o_proj,1,csr_random,5,0.8999920280612245,0.03532608970999718,0.33091478381213363
wanda-block4x4-90,wanda,block4,0.8999970013405377,8754422.698619125,o_proj,1,csr_rowmajor,5,0.8999920280612245,0.033223628997802734,0.352107110463121
wanda-block4x4-90,wanda,block4,0.8999970013405377,8754422.698619125,o_proj,1,dense,5,0.8999920280612245,0.011677620932459831,1.0
wanda-block4x4-90,wanda,block4,0.8999970013405377,8754422.698619125,o_proj,8,csr,5,0.8999920280612245,0.0488990917801857,1.5071246145446553
wanda-block4x4-90,wanda,block4,0.8999970013405377,8754422.698619125,o_proj,8,csr_random,5,0.8999920280612245,0.04985916893929243,1.478153959684509
wanda-block4x4-90,wanda,block4,0.8999970013405377,8754422.698619125,o_proj,8,csr_rowmajor,5,0.8999920280612245,0.030599813908338547,2.408437106974165
wanda-block4x4-90,wanda,block4,0.8999970013405377,8754422.698619125,o_proj,8,dense,5,0.8999920280612245,0.07369448430836201,1.0
wanda-block4x4-90,wanda,block4,0.8999970013405377,8754422.698619125,o_proj,32,csr,5,0.8999920280612245,0.0853358069434762,1.0933653880537297
wanda-block4x4-90,wanda,block4,0.8999970013405377,8754422.698619125,o_proj,32,csr_random,5,0.8999920280612245,0.09084360208362341,1.0257223297311027
wanda-block4x4-90,wanda,block4,0.8999970013405377,8754422.698619125,o_proj,32,csr_rowmajor,5,0.8999920280612245,0.044461898505687714,2.0954098989266896
wanda-block4x4-90,wanda,block4,0.8999970013405377,8754422.698619125,o_proj,32,dense,5,0.8999920280612245,0.09315368952229619,1.0
wanda-block4x4-90,wanda,block4,0.8999970013405377,8754422.698619125,o_proj,128,csr,5,0.8999920280612245,0.23370980052277446,0.7333737655218144
wanda-block4x4-90,wanda,block4,0.8999970013405377,8754422.698619125,o_proj,128,csr_random,5,0.8999920280612245,0.2623424748890102,0.6517834821863425
wanda-block4x4-90,wanda,block4,0.8999970013405377,8754422.698619125,o_proj,128,csr_rowmajor,5,0.8999920280612245,0.08624447509646416,1.9839422346625681
wanda-block4x4-90,wanda,block4,0.8999970013405377,8754422.698619125,o_proj,128,dense,5,0.8999920280612245,0.17098118551075459,1.0
wanda-block4x4-90,wanda,block4,0.8999970013405377,8754422.698619125,o_proj,512,csr,5,0.8999920280612245,0.9473735117353499,0.4725487858003912
wanda-block4x4-90,wanda,block4,0.8999970013405377,8754422.698619125,o_proj,512,csr_random,5,0.8999920280612245,1.068122696597129,0.41920121553425416
wanda-block4x4-90,wanda,block4,0.8999970013405377,8754422.698619125,o_proj,512,csr_rowmajor,5,0.8999920280612245,0.25291581405326724,1.7702828402289912
wanda-block4x4-90,wanda,block4,0.8999970013405377,8754422.698619125,o_proj,512,dense,5,0.8999920280612245,0.44747909996658564,1.0
wanda-block4x4-90,wanda,block4,0.8999970013405377,8754422.698619125,q_proj,1,csr,5,0.8999922771843112,0.03616601461544633,0.322971317259911
wanda-block4x4-90,wanda,block4,0.8999970013405377,8754422.698619125,q_proj,1,csr_random,5,0.8999922771843112,0.035220489371567965,0.3312525715695787
wanda-block4x4-90,wanda,block4,0.8999970013405377,8754422.698619125,q_proj,1,csr_rowmajor,5,0.8999922771843112,0.034439831506460905,0.3392066080920158
wanda-block4x4-90,wanda,block4,0.8999970013405377,8754422.698619125,q_proj,1,dense,5,0.8999922771843112,0.011656573042273521,1.0
wanda-block4x4-90,wanda,block4,0.8999970013405377,8754422.698619125,q_proj,8,csr,5,0.8999922771843112,0.04939921200275421,1.493525092703832
wanda-block4x4-90,wanda,block4,0.8999970013405377,8754422.698619125,q_proj,8,csr_random,5,0.8999922771843112,0.05025636637583375,1.468098250365928
wanda-block4x4-90,wanda,block4,0.8999970013405377,8754422.698619125,q_proj,8,csr_rowmajor,5,0.8999922771843112,0.030581187456846237,2.4126990070989254
wanda-block4x4-90,wanda,block4,0.8999970013405377,8754422.698619125,q_proj,8,dense,5,0.8999922771843112,0.07377798901870847,1.0
wanda-block4x4-90,wanda,block4,0.8999970013405377,8754422.698619125,q_proj,32,csr,5,0.8999922771843112,0.09002619190141559,1.035254414420783
wanda-block4x4-90,wanda,block4,0.8999970013405377,8754422.698619125,q_proj,32,csr_random,5,0.8999922771843112,0.09246250847354531,1.008008677681302
wanda-block4x4-90,wanda,block4,0.8999970013405377,8754422.698619125,q_proj,32,csr_rowmajor,5,0.8999922771843112,0.04604822024703026,2.0239568743397203
wanda-block4x4-90,wanda,block4,0.8999970013405377,8754422.698619125,q_proj,32,dense,5,0.8999922771843112,0.09318981319665909,1.0
wanda-block4x4-90,wanda,block4,0.8999970013405377,8754422.698619125,q_proj,128,csr,5,0.8999922771843112,0.2558325766585767,0.6682526484509727
wanda-block4x4-90,wanda,block4,0.8999970013405377,8754422.698619125,q_proj,128,csr_random,5,0.8999922771843112,0.26040251832455397,0.6564475553600722
wanda-block4x4-90,wanda,block4,0.8999970013405377,8754422.698619125,q_proj,128,csr_rowmajor,5,0.8999922771843112,0.09454821702092886,1.8087826187633558
wanda-block4x4-90,wanda,block4,0.8999970013405377,8754422.698619125,q_proj,128,dense,5,0.8999922771843112,0.1709386706352234,1.0
wanda-block4x4-90,wanda,block4,0.8999970013405377,8754422.698619125,q_proj,512,csr,5,0.8999922771843112,0.9970188839361072,0.44675475090400124
wanda-block4x4-90,wanda,block4,0.8999970013405377,8754422.698619125,q_proj,512,csr_random,5,0.8999922771843112,1.0756973875686526,0.41442791113431066
wanda-block4x4-90,wanda,block4,0.8999970013405377,8754422.698619125,q_proj,512,csr_rowmajor,5,0.8999922771843112,0.3226195927709341,1.3873358847042936
wanda-block4x4-90,wanda,block4,0.8999970013405377,8754422.698619125,q_proj,512,dense,5,0.8999922771843112,0.44540447415784,1.0
wanda-block4x4-90,wanda,block4,0.8999970013405377,8754422.698619125,up_proj,1,csr,5,0.899998118465108,0.06355440709739923,0.6763480311434763
wanda-block4x4-90,wanda,block4,0.8999970013405377,8754422.698619125,up_proj,1,csr_random,5,0.899998118465108,0.06333307828754187,0.678151727290479
wanda-block4x4-90,wanda,block4,0.8999970013405377,8754422.698619125,up_proj,1,csr_rowmajor,5,0.899998118465108,0.061646325048059225,0.6972057831320035
wanda-block4x4-90,wanda,block4,0.8999970013405377,8754422.698619125,up_proj,1,dense,5,0.899998118465108,0.042914587538689375,1.0
wanda-block4x4-90,wanda,block4,0.8999970013405377,8754422.698619125,up_proj,8,csr,5,0.899998118465108,0.07594601484015584,1.3659816609859041
wanda-block4x4-90,wanda,block4,0.8999970013405377,8754422.698619125,up_proj,8,csr_random,5,0.899998118465108,0.07621400291100144,1.3614357107849122
wanda-block4x4-90,wanda,block4,0.8999970013405377,8754422.698619125,up_proj,8,csr_rowmajor,5,0.899998118465108,0.056599907111376524,1.834106880857557
wanda-block4x4-90,wanda,block4,0.8999970013405377,8754422.698619125,up_proj,8,dense,5,0.899998118465108,0.10376028949394822,1.0
wanda-block4x4-90,wanda,block4,0.8999970013405377,8754422.698619125,up_proj,32,csr,5,0.899998118465108,0.14119999250397086,3.2142969271351234
wanda-block4x4-90,wanda,block4,0.8999970013405377,8754422.698619125,up_proj,32,csr_random,5,0.899998118465108,0.15237689949572086,2.9784983688533893
wanda-block4x4-90,wanda,block4,0.8999970013405377,8754422.698619125,up_proj,32,csr_rowmajor,5,0.899998118465108,0.09847210021689534,4.6089285097653
wanda-block4x4-90,wanda,block4,0.8999970013405377,8754422.698619125,up_proj,32,dense,5,0.899998118465108,0.45385140692815185,1.0
wanda-block4x4-90,wanda,block4,0.8999970013405377,8754422.698619125,up_proj,128,csr,5,0.899998118465108,0.44220839627087116,1.7604072948458938
wanda-block4x4-90,wanda,block4,0.8999970013405377,8754422.698619125,up_proj,128,csr_random,5,0.899998118465108,0.45787510462105274,1.7020407917568947
wanda-block4x4-90,wanda,block4,0.8999970013405377,8754422.698619125,up_proj,128,csr_rowmajor,5,0.899998118465108,0.2777606947347522,2.8030615730759947
wanda-block4x4-90,wanda,block4,0.8999970013405377,8754422.698619125,up_proj,128,dense,5,0.899998118465108,0.7785352878272533,1.0
wanda-block4x4-90,wanda,block4,0.8999970013405377,8754422.698619125,up_proj,512,csr,5,0.899998118465108,2.0114914048463106,1.1078967207833925
wanda-block4x4-90,wanda,block4,0.8999970013405377,8754422.698619125,up_proj,512,csr_random,5,0.899998118465108,2.574936964083463,0.8699363210603593
wanda-block4x4-90,wanda,block4,0.8999970013405377,8754422.698619125,up_proj,512,csr_rowmajor,5,0.899998118465108,1.3744050986133516,1.6214219970742092
wanda-block4x4-90,wanda,block4,0.8999970013405377,8754422.698619125,up_proj,512,dense,5,0.899998118465108,2.2283017868176103,1.0
wanda-block4x4-90,wanda,block4,0.8999970013405377,8754422.698619125,v_proj,1,csr,5,0.8999720982142857,0.020741578191518784,0.3405545462278455
wanda-block4x4-90,wanda,block4,0.8999970013405377,8754422.698619125,v_proj,1,csr_random,5,0.8999720982142857,0.020709005184471607,0.3410959700770816
wanda-block4x4-90,wanda,block4,0.8999970013405377,8754422.698619125,v_proj,1,csr_rowmajor,5,0.8999720982142857,0.018902565352618694,0.37369922821052154
wanda-block4x4-90,wanda,block4,0.8999970013405377,8754422.698619125,v_proj,1,dense,5,0.8999720982142857,0.007063592784106731,1.0
wanda-block4x4-90,wanda,block4,0.8999970013405377,8754422.698619125,v_proj,8,csr,5,0.8999720982142857,0.03536950098350644,0.4900531387721196
wanda-block4x4-90,wanda,block4,0.8999970013405377,8754422.698619125,v_proj,8,csr_random,5,0.8999720982142857,0.03593240398913622,0.4823738521244538
wanda-block4x4-90,wanda,block4,0.8999970013405377,8754422.698619125,v_proj,8,csr_rowmajor,5,0.8999720982142857,0.017217593267560005,1.0067164445280326
wanda-block4x4-90,wanda,block4,0.8999970013405377,8754422.698619125,v_proj,8,dense,5,0.8999720982142857,0.01733279787003994,1.0
wanda-block4x4-90,wanda,block4,0.8999970013405377,8754422.698619125,v_proj,32,csr,5,0.8999720982142857,0.05703733768314123,0.38394542574875795
wanda-block4x4-90,wanda,block4,0.8999970013405377,8754422.698619125,v_proj,32,csr_random,5,0.8999720982142857,0.06286390125751495,0.34827861731671567
wanda-block4x4-90,wanda,block4,0.8999970013405377,8754422.698619125,v_proj,32,csr_rowmajor,5,0.8999720982142857,0.01879825722426176,1.1646319405438783
wanda-block4x4-90,wanda,block4,0.8999970013405377,8754422.698619125,v_proj,32,dense,5,0.8999720982142857,0.021892786026000977,1.0
wanda-block4x4-90,wanda,block4,0.8999970013405377,8754422.698619125,v_proj,128,csr,5,0.8999720982142857,0.17078908858820796,0.2586142034254477
wanda-block4x4-90,wanda,block4,0.8999970013405377,8754422.698619125,v_proj,128,csr_random,5,0.8999720982142857,0.19411967368796468,0.22738390851134074
wanda-block4x4-90,wanda,block4,0.8999970013405377,8754422.698619125,v_proj,128,csr_rowmajor,5,0.8999720982142857,0.02819499932229519,1.5651769364329595
wanda-block4x4-90,wanda,block4,0.8999970013405377,8754422.698619125,v_proj,128,dense,5,0.8999720982142857,0.0441249692812562,1.0
wanda-block4x4-90,wanda,block4,0.8999970013405377,8754422.698619125,v_proj,512,csr,5,0.8999720982142857,0.6565548130311072,0.15895237646171942
wanda-block4x4-90,wanda,block4,0.8999970013405377,8754422.698619125,v_proj,512,csr_random,5,0.8999720982142857,0.7650663843378425,0.1361988196077476
wanda-block4x4-90,wanda,block4,0.8999970013405377,8754422.698619125,v_proj,512,csr_rowmajor,5,0.8999720982142857,0.0646091066300869,1.6128911887698636
wanda-block4x4-90,wanda,block4,0.8999970013405377,8754422.698619125,v_proj,512,dense,5,0.8999720982142857,0.10419981554150581,1.0
wanda-nm1-4,wanda,1:4,0.75,26512.700783945376,down_proj,1,csr,5,0.75,0.1710854470729828,0.22616905670862458
wanda-nm1-4,wanda,1:4,0.75,26512.700783945376,down_proj,1,csr_random,5,0.75,0.17362944781780243,0.2230842731293444
wanda-nm1-4,wanda,1:4,0.75,26512.700783945376,down_proj,1,csr_rowmajor,5,0.75,0.16763806343078613,0.23108527655673614
wanda-nm1-4,wanda,1:4,0.75,26512.700783945376,down_proj,1,dense,5,0.75,0.03871247172355652,1.0
wanda-nm1-4,wanda,1:4,0.75,26512.700783945376,down_proj,8,csr,5,0.75,0.18654204905033112,0.6976640249840249
wanda-nm1-4,wanda,1:4,0.75,26512.700783945376,down_proj,8,csr_random,5,0.75,0.18551163375377655,0.7017125736464411
wanda-nm1-4,wanda,1:4,0.75,26512.700783945376,down_proj,8,csr_rowmajor,5,0.75,0.1019604504108429,1.2772828364773967
wanda-nm1-4,wanda,1:4,0.75,26512.700783945376,down_proj,8,dense,5,0.75,0.13010986149311066,1.0
wanda-nm1-4,wanda,1:4,0.75,26512.700783945376,down_proj,32,csr,5,0.75,0.4277147352695465,0.56003979624532
wanda-nm1-4,wanda,1:4,0.75,26512.700783945376,down_proj,32,csr_random,5,0.75,0.42458660900592804,0.5641691994105646
wanda-nm1-4,wanda,1:4,0.75,26512.700783945376,down_proj,32,csr_rowmajor,5,0.75,0.2472124993801117,0.9722711292664958
wanda-nm1-4,wanda,1:4,0.75,26512.700783945376,down_proj,32,dense,5,0.75,0.23953355848789215,1.0
wanda-nm1-4,wanda,1:4,0.75,26512.700783945376,down_proj,128,csr,5,0.75,1.9498314708471298,0.3123810718746942
wanda-nm1-4,wanda,1:4,0.75,26512.700783945376,down_proj,128,csr_random,5,0.75,2.0598623901605606,0.2955405510862834
wanda-nm1-4,wanda,1:4,0.75,26512.700783945376,down_proj,128,csr_rowmajor,5,0.75,1.1720772832632065,0.5198814544166861
wanda-nm1-4,wanda,1:4,0.75,26512.700783945376,down_proj,128,dense,5,0.75,0.6087031215429306,1.0
wanda-nm1-4,wanda,1:4,0.75,26512.700783945376,down_proj,512,csr,5,0.75,11.950073763728142,0.22911200392866143
wanda-nm1-4,wanda,1:4,0.75,26512.700783945376,down_proj,512,csr_random,5,0.75,11.918143182992935,0.229711109183775
wanda-nm1-4,wanda,1:4,0.75,26512.700783945376,down_proj,512,csr_rowmajor,5,0.75,8.163706958293915,0.3354376730762177
wanda-nm1-4,wanda,1:4,0.75,26512.700783945376,down_proj,512,dense,5,0.75,2.7375780045986176,1.0
wanda-nm1-4,wanda,1:4,0.75,26512.700783945376,gate_proj,1,csr,5,0.75,0.1333780586719513,0.27500477368313686
wanda-nm1-4,wanda,1:4,0.75,26512.700783945376,gate_proj,1,csr_random,5,0.75,0.1397855579853058,0.26265819509044136
wanda-nm1-4,wanda,1:4,0.75,26512.700783945376,gate_proj,1,csr_rowmajor,5,0.75,0.1310337334871292,0.2799223800435251
wanda-nm1-4,wanda,1:4,0.75,26512.700783945376,gate_proj,1,dense,5,0.75,0.03667697310447693,1.0
wanda-nm1-4,wanda,1:4,0.75,26512.700783945376,gate_proj,8,csr,5,0.75,0.12048669159412384,0.7047350529712719
wanda-nm1-4,wanda,1:4,0.75,26512.700783945376,gate_proj,8,csr_random,5,0.75,0.12436807155609131,0.6843157406540797
wanda-nm1-4,wanda,1:4,0.75,26512.700783945376,gate_proj,8,csr_rowmajor,5,0.75,0.09823217988014221,0.8646730004425981
wanda-nm1-4,wanda,1:4,0.75,26512.700783945376,gate_proj,8,dense,5,0.75,0.08494928479194641,1.0
wanda-nm1-4,wanda,1:4,0.75,26512.700783945376,gate_proj,32,csr,5,0.75,0.25246143341064453,0.9183746925814615
wanda-nm1-4,wanda,1:4,0.75,26512.700783945376,gate_proj,32,csr_random,5,0.75,0.2535127103328705,0.9146702394197641
wanda-nm1-4,wanda,1:4,0.75,26512.700783945376,gate_proj,32,csr_rowmajor,5,0.75,0.2088598906993866,1.1101170224871049
wanda-nm1-4,wanda,1:4,0.75,26512.700783945376,gate_proj,32,dense,5,0.75,0.2318497747182846,1.0
wanda-nm1-4,wanda,1:4,0.75,26512.700783945376,gate_proj,128,csr,5,0.75,0.9653206914663315,0.7961789559828143
wanda-nm1-4,wanda,1:4,0.75,26512.700783945376,gate_proj,128,csr_random,5,0.75,0.9141106158494949,0.8426990657258904
wanda-nm1-4,wanda,1:4,0.75,26512.700783945376,gate_proj,128,csr_rowmajor,5,0.75,0.8806545287370682,0.8735076611983825
wanda-nm1-4,wanda,1:4,0.75,26512.700783945376,gate_proj,128,dense,5,0.75,0.7685843855142593,1.0
wanda-nm1-4,wanda,1:4,0.75,26512.700783945376,gate_proj,512,csr,5,0.75,4.155540466308594,0.5371801957790361
wanda-nm1-4,wanda,1:4,0.75,26512.700783945376,gate_proj,512,csr_random,5,0.75,4.321198537945747,0.5173829476092371
wanda-nm1-4,wanda,1:4,0.75,26512.700783945376,gate_proj,512,csr_rowmajor,5,0.75,3.4170683473348618,0.6531516753557111
wanda-nm1-4,wanda,1:4,0.75,26512.700783945376,gate_proj,512,dense,5,0.75,2.2232886403799057,1.0
wanda-nm1-4,wanda,1:4,0.75,26512.700783945376,k_proj,1,csr,5,0.75,0.026747584342956543,0.26083638176718843
wanda-nm1-4,wanda,1:4,0.75,26512.700783945376,k_proj,1,csr_random,5,0.75,0.026864558458328247,0.25971549346496614
wanda-nm1-4,wanda,1:4,0.75,26512.700783945376,k_proj,1,csr_rowmajor,5,0.75,0.02505183219909668,0.2784970802054674
wanda-nm1-4,wanda,1:4,0.75,26512.700783945376,k_proj,1,dense,5,0.75,0.006976723670959473,1.0
wanda-nm1-4,wanda,1:4,0.75,26512.700783945376,k_proj,8,csr,5,0.75,0.04224441945552826,0.27640793143716313
wanda-nm1-4,wanda,1:4,0.75,26512.700783945376,k_proj,8,csr_random,5,0.75,0.04214942455291748,0.2770333261632676
wanda-nm1-4,wanda,1:4,0.75,26512.700783945376,k_proj,8,csr_rowmajor,5,0.75,0.023324042558670044,0.5006313091459207
wanda-nm1-4,wanda,1:4,0.75,26512.700783945376,k_proj,8,dense,5,0.75,0.011676549911499023,1.0
wanda-nm1-4,wanda,1:4,0.75,26512.700783945376,k_proj,32,csr,5,0.75,0.0676669180393219,0.2382249544912484
wanda-nm1-4,wanda,1:4,0.75,26512.700783945376,k_proj,32,csr_random,5,0.75,0.06802938878536224,0.23696302990477483
wanda-nm1-4,wanda,1:4,0.75,26512.700783945376,k_proj,32,csr_rowmajor,5,0.75,0.02574026584625244,0.6262789849743943
wanda-nm1-4,wanda,1:4,0.75,26512.700783945376,k_proj,32,dense,5,0.75,0.01611970365047455,1.0
wanda-nm1-4,wanda,1:4,0.75,26512.700783945376,k_proj,128,csr,5,0.75,0.209006667137146,0.15348613486171214
wanda-nm1-4,wanda,1:4,0.75,26512.700783945376,k_proj,128,csr_random,5,0.75,0.21203234791755676,0.15130242612590636
wanda-nm1-4,wanda,1:4,0.75,26512.700783945376,k_proj,128,csr_rowmajor,5,0.75,0.04205778241157532,0.7630162229955941
wanda-nm1-4,wanda,1:4,0.75,26512.700783945376,k_proj,128,dense,5,0.75,0.03207698464393616,1.0
wanda-nm1-4,wanda,1:4,0.75,26512.700783945376,k_proj,512,csr,5,0.75,0.8461683988571167,0.09353646730850615
wanda-nm1-4,wanda,1:4,0.75,26512.700783945376,k_proj,512,csr_random,5,0.75,0.8651867508888245,0.09147046677627689
wanda-nm1-4,wanda,1:4,0.75,26512.700783945376,k_proj,512,csr_rowmajor,5,0.75,0.133485347032547,0.5935764282272507
wanda-nm1-4,wanda,1:4,0.75,26512.700783945376,k_proj,512,dense,5,0.75,0.07908418774604797,1.0
wanda-nm1-4,wanda,1:4,0.75,26512.700783945376,o_proj,1,csr,5,0.75,0.04408210515975952,0.2612614695024247
wanda-nm1-4,wanda,1:4,0.75,26512.700783945376,o_proj,1,csr_random,5,0.75,0.043741241097450256,0.26327347716663557
wanda-nm1-4,wanda,1:4,0.75,26512.700783945376,o_proj,1,csr_rowmajor,5,0.75,0.04237256944179535,0.2718138108739831
wanda-nm1-4,wanda,1:4,0.75,26512.700783945376,o_proj,1,dense,5,0.75,0.011513382196426392,1.0
wanda-nm1-4,wanda,1:4,0.75,26512.700783945376,o_proj,8,csr,5,0.75,0.052585452795028687,0.6324899546981538
wanda-nm1-4,wanda,1:4,0.75,26512.700783945376,o_proj,8,csr_random,5,0.75,0.05251690745353699,0.6333345712995366
wanda-nm1-4,wanda,1:4,0.75,26512.700783945376,o_proj,8,csr_rowmajor,5,0.75,0.03295093774795532,1.0092757436539803
wanda-nm1-4,wanda,1:4,0.75,26512.700783945376,o_proj,8,dense,5,0.75,0.0332564115524292,1.0
wanda-nm1-4,wanda,1:4,0.75,26512.700783945376,o_proj,32,csr,5,0.75,0.10062940418720245,0.5225826514129567
wanda-nm1-4,wanda,1:4,0.75,26512.700783945376,o_proj,32,csr_random,5,0.75,0.10137706995010376,0.5187046990151151
wanda-nm1-4,wanda,1:4,0.75,26512.700783945376,o_proj,32,csr_rowmajor,5,0.75,0.057509541511535645,0.9142801756918346
wanda-nm1-4,wanda,1:4,0.75,26512.700783945376,o_proj,32,dense,5,0.75,0.05257949233055115,1.0
wanda-nm1-4,wanda,1:4,0.75,26512.700783945376,o_proj,128,csr,5,0.75,0.3336150199174881,0.38672347256292233
wanda-nm1-4,wanda,1:4,0.75,26512.700783945376,o_proj,128,csr_random,5,0.75,0.3328200429677963,0.38763554572794046
wanda-nm1-4,wanda,1:4,0.75,26512.700783945376,o_proj,128,csr_rowmajor,5,0.75,0.16030743718147278,0.8055695875193182
wanda-nm1-4,wanda,1:4,0.75,26512.700783945376,o_proj,128,dense,5,0.75,0.12897439301013947,1.0
wanda-nm1-4,wanda,1:4,0.75,26512.700783945376,o_proj,512,csr,5,0.75,1.4145459979772568,0.3172998018351413
wanda-nm1-4,wanda,1:4,0.75,26512.700783945376,o_proj,512,csr_random,5,0.75,1.4524292200803757,0.3092339429128022
wanda-nm1-4,wanda,1:4,0.75,26512.700783945376,o_proj,512,csr_rowmajor,5,0.75,0.8214820176362991,0.5472095620465414
wanda-nm1-4,wanda,1:4,0.75,26512.700783945376,o_proj,512,dense,5,0.75,0.4484269767999649,1.0
wanda-nm1-4,wanda,1:4,0.75,26512.700783945376,q_proj,1,csr,5,0.75,0.04421994090080261,0.2613723491064348
wanda-nm1-4,wanda,1:4,0.75,26512.700783945376,q_proj,1,csr_random,5,0.75,0.04381239414215088,0.26378567396175256
wanda-nm1-4,wanda,1:4,0.75,26512.700783945376,q_proj,1,csr_rowmajor,5,0.75,0.042471662163734436,0.2721450653960628
wanda-nm1-4,wanda,1:4,0.75,26512.700783945376,q_proj,1,dense,5,0.75,0.01155659556388855,1.0
wanda-nm1-4,wanda,1:4,0.75,26512.700783945376,q_proj,8,csr,5,0.75,0.05313381552696228,0.6261935801867653
wanda-nm1-4,wanda,1:4,0.75,26512.700783945376,q_proj,8,csr_random,5,0.75,0.052881985902786255,0.6291718917850604
wanda-nm1-4,wanda,1:4,0.75,26512.700783945376,q_proj,8,csr_rowmajor,5,0.75,0.03307834267616272,1.0058004355670263
wanda-nm1-4,wanda,1:4,0.75,26512.700783945376,q_proj,8,dense,5,0.75,0.03326982259750366,1.0
wanda-nm1-4,wanda,1:4,0.75,26512.700783945376,q_proj,32,csr,5,0.75,0.099906325340271,0.5252683116096639
wanda-nm1-4,wanda,1:4,0.75,26512.700783945376,q_proj,32,csr_random,5,0.75,0.1016128808259964,0.5165127194562845
wanda-nm1-4,wanda,1:4,0.75,26512.700783945376,q_proj,32,csr_rowmajor,5,0.75,0.056668370962142944,0.9260641358131101
wanda-nm1-4,wanda,1:4,0.75,26512.700783945376,q_proj,32,dense,5,0.75,0.05247332155704498,1.0
wanda-nm1-4,wanda,1:4,0.75,26512.700783945376,q_proj,128,csr,5,0.75,0.3306359052658081,0.390314128461915
wanda-nm1-4,wanda,1:4,0.75,26512.700783945376,q_proj,128,csr_random,5,0.75,0.33025480806827545,0.39075936226591224
wanda-nm1-4,wanda,1:4,0.75,26512.700783945376,q_proj,128,csr_rowmajor,5,0.75,0.1645747572183609,0.7855678076696536
wanda-nm1-4,wanda,1:4,0.75,26512.700783945376,q_proj,128,dense,5,0.75,0.12900829315185547,1.0
wanda-nm1-4,wanda,1:4,0.75,26512.700783945376,q_proj,512,csr,5,0.75,1.3918612152338028,0.32523776674597127
wanda-nm1-4,wanda,1:4,0.75,26512.700783945376,q_proj,512,csr_random,5,0.75,1.4679625630378723,0.30724159828419034
wanda-nm1-4,wanda,1:4,0.75,26512.700783945376,q_proj,512,csr_rowmajor,5,0.75,0.7513895630836487,0.6102510227540765
wanda-nm1-4,wanda,1:4,0.75,26512.700783945376,q_proj,512,dense,5,0.75,0.45095495879650116,1.0
wanda-nm1-4,wanda,1:4,0.75,26512.700783945376,up_proj,1,csr,5,0.75,0.13590790331363678,0.2684342450911248
wanda-nm1-4,wanda,1:4,0.75,26512.700783945376,up_proj,1,csr_random,5,0.75,0.13735666871070862,0.26584648247420717
wanda-nm1-4,wanda,1:4,0.75,26512.700783945376,up_proj,1,csr_rowmajor,5,0.75,0.13440698385238647,0.27134696568982164
wanda-nm1-4,wanda,1:4,0.75,26512.700783945376,up_proj,1,dense,5,0.75,0.03646761178970337,1.0
wanda-nm1-4,wanda,1:4,0.75,26512.700783945376,up_proj,8,csr,5,0.75,0.12090876698493958,0.7072307638267562
wanda-nm1-4,wanda,1:4,0.75,26512.700783945376,up_proj,8,csr_random,5,0.75,0.12211278080940247,0.7010834120622395
wanda-nm1-4,wanda,1:4,0.75,26512.700783945376,up_proj,8,csr_rowmajor,5,0.75,0.10014250874519348,0.8537130628510093
wanda-nm1-4,wanda,1:4,0.75,26512.700783945376,up_proj,8,dense,5,0.75,0.08543506264686584,1.0
wanda-nm1-4,wanda,1:4,0.75,26512.700783945376,up_proj,32,csr,5,0.75,0.25401078164577484,0.9125876964845807
wanda-nm1-4,wanda,1:4,0.75,26512.700783945376,up_proj,32,csr_random,5,0.75,0.2531856298446655,0.9156824700571757
wanda-nm1-4,wanda,1:4,0.75,26512.700783945376,up_proj,32,csr_rowmajor,5,0.75,0.2100784331560135,1.1034541786080185
wanda-nm1-4,wanda,1:4,0.75,26512.700783945376,up_proj,32,dense,5,0.75,0.2317909151315689,1.0
wanda-nm1-4,wanda,1:4,0.75,26512.700783945376,up_proj,128,csr,5,0.75,0.9626727551221848,0.7945460866779999
wanda-nm1-4,wanda,1:4,0.75,26512.700783945376,up_proj,128,csr_random,5,0.75,0.9477622807025909,0.807051125121789
wanda-nm1-4,wanda,1:4,0.75,26512.700783945376,up_proj,128,csr_rowmajor,5,0.75,0.8688803762197495,0.8803277078681352
wanda-nm1-4,wanda,1:4,0.75,26512.700783945376,up_proj,128,dense,5,0.75,0.764896348118782,1.0
wanda-nm1-4,wanda,1:4,0.75,26512.700783945376,up_proj,512,csr,5,0.75,4.276265949010849,0.5230915057706236
wanda-nm1-4,wanda,1:4,0.75,26512.700783945376,up_proj,512,csr_random,5,0.75,4.362938553094864,0.5138770581326473
wanda-nm1-4,wanda,1:4,0.75,26512.700783945376,up_proj,512,csr_rowmajor,5,0.75,3.5632364451885223,0.6267490962843986
wanda-nm1-4,wanda,1:4,0.75,26512.700783945376,up_proj,512,dense,5,0.75,2.226484939455986,1.0
wanda-nm1-4,wanda,1:4,0.75,26512.700783945376,v_proj,1,csr,5,0.75,0.026685744524002075,0.26096688803884954
wanda-nm1-4,wanda,1:4,0.75,26512.700783945376,v_proj,1,csr_random,5,0.75,0.026632100343704224,0.261493924440398
wanda-nm1-4,wanda,1:4,0.75,26512.700783945376,v_proj,1,csr_rowmajor,5,0.75,0.024972856044769287,0.2788692351979972
wanda-nm1-4,wanda,1:4,0.75,26512.700783945376,v_proj,1,dense,5,0.75,0.006964057683944702,1.0
wanda-nm1-4,wanda,1:4,0.75,26512.700783945376,v_proj,8,csr,5,0.75,0.04217773675918579,0.27645388116446495
wanda-nm1-4,wanda,1:4,0.75,26512.700783945376,v_proj,8,csr_random,5,0.75,0.04215613007545471,0.2765932848793876
wanda-nm1-4,wanda,1:4,0.75,26512.700783945376,v_proj,8,csr_rowmajor,5,0.75,0.023321807384490967,0.49990527802418566
wanda-nm1-4,wanda,1:4,0.75,26512.700783945376,v_proj,8,dense,5,0.75,0.011658668518066406,1.0
wanda-nm1-4,wanda,1:4,0.75,26512.700783945376,v_proj,32,csr,5,0.75,0.06806924939155579,0.23646835203337863
wanda-nm1-4,wanda,1:4,0.75,26512.700783945376,v_proj,32,csr_random,5,0.75,0.0682588666677475,0.23583151976295014
wanda-nm1-4,wanda,1:4,0.75,26512.700783945376,v_proj,32,csr_rowmajor,5,0.75,0.026020780205726624,0.6186064294366519
wanda-nm1-4,wanda,1:4,0.75,26512.700783945376,v_proj,32,dense,5,0.75,0.016095489263534546,1.0
wanda-nm1-4,wanda,1:4,0.75,26512.700783945376,v_proj,128,csr,5,0.75,0.20827315747737885,0.15424773823688143
wanda-nm1-4,wanda,1:4,0.75,26512.700783945376,v_proj,128,csr_random,5,0.75,0.21121688187122345,0.152086384102216
wanda-nm1-4,wanda,1:4,0.75,26512.700783945376,v_proj,128,csr_rowmajor,5,0.75,0.042141228914260864,0.7624749008041418
wanda-nm1-4,wanda,1:4,0.75,26512.700783945376,v_proj,128,dense,5,0.75,0.03211945295333862,1.0
wanda-nm1-4,wanda,1:4,0.75,26512.700783945376,v_proj,512,csr,5,0.75,0.8412908762693405,0.09526937824419168
wanda-nm1-4,wanda,1:4,0.75,26512.700783945376,v_proj,512,csr_random,5,0.75,0.8635800331830978,0.09280295859887346
wanda-nm1-4,wanda,1:4,0.75,26512.700783945376,v_proj,512,csr_rowmajor,5,0.75,0.13371706008911133,0.6005609096321953
wanda-nm1-4,wanda,1:4,0.75,26512.700783945376,v_proj,512,dense,5,0.75,0.08011572062969208,1.0
wanda-nm2-4,wanda,2:4,0.5,71.6470601215386,down_proj,1,csr,5,0.5,0.3574149217456579,0.10517436616358694
wanda-nm2-4,wanda,2:4,0.5,71.6470601215386,down_proj,1,csr_random,5,0.5,0.3589553525671363,0.10472840921258757
wanda-nm2-4,wanda,2:4,0.5,71.6470601215386,down_proj,1,csr_rowmajor,5,0.5,0.35435142926871777,0.1060913577945115
wanda-nm2-4,wanda,2:4,0.5,71.6470601215386,down_proj,1,dense,5,0.5,0.03758799284696579,1.0
wanda-nm2-4,wanda,2:4,0.5,71.6470601215386,down_proj,8,csr,5,0.5,0.33265105448663235,0.35367936239322995
wanda-nm2-4,wanda,2:4,0.5,71.6470601215386,down_proj,8,csr_random,5,0.5,0.32601775601506233,0.36085582769885394
wanda-nm2-4,wanda,2:4,0.5,71.6470601215386,down_proj,8,csr_rowmajor,5,0.5,0.25653981138020754,0.4586008062396571
wanda-nm2-4,wanda,2:4,0.5,71.6470601215386,down_proj,8,dense,5,0.5,0.11763880029320717,1.0
wanda-nm2-4,wanda,2:4,0.5,71.6470601215386,down_proj,32,csr,5,0.5,0.8125441614538431,0.5619771562973475
wanda-nm2-4,wanda,2:4,0.5,71.6470601215386,down_proj,32,csr_random,5,0.5,0.8183387806639075,0.5579570036768217
wanda-nm2-4,wanda,2:4,0.5,71.6470601215386,down_proj,32,csr_rowmajor,5,0.5,0.4757762420922518,0.9597504007632098
wanda-nm2-4,wanda,2:4,0.5,71.6470601215386,down_proj,32,dense,5,0.5,0.45657495502382517,1.0
wanda-nm2-4,wanda,2:4,0.5,71.6470601215386,down_proj,128,csr,5,0.5,4.4660868588835,0.13367696202761584
wanda-nm2-4,wanda,2:4,0.5,71.6470601215386,down_proj,128,csr_random,5,0.5,4.353013099171221,0.1371436185892809
wanda-nm2-4,wanda,2:4,0.5,71.6470601215386,down_proj,128,csr_rowmajor,5,0.5,3.5616994136944413,0.16763961214039866
wanda-nm2-4,wanda,2:4,0.5,71.6470601215386,down_proj,128,dense,5,0.5,0.5969343474134803,1.0
wanda-nm2-4,wanda,2:4,0.5,71.6470601215386,down_proj,512,csr,5,0.5,16.813680971972644,0.16113401035230537
wanda-nm2-4,wanda,2:4,0.5,71.6470601215386,down_proj,512,csr_random,5,0.5,16.61469000391662,0.16306326212180777
wanda-nm2-4,wanda,2:4,0.5,71.6470601215386,down_proj,512,csr_rowmajor,5,0.5,12.288780440576375,0.2206495977447885
wanda-nm2-4,wanda,2:4,0.5,71.6470601215386,down_proj,512,dense,5,0.5,2.7091430500149727,1.0
wanda-nm2-4,wanda,2:4,0.5,71.6470601215386,gate_proj,1,csr,5,0.5,0.32538550440222025,0.11511075211733274
wanda-nm2-4,wanda,2:4,0.5,71.6470601215386,gate_proj,1,csr_random,5,0.5,0.3277585608884692,0.11423618808490614
wanda-nm2-4,wanda,2:4,0.5,71.6470601215386,gate_proj,1,csr_rowmajor,5,0.5,0.3227769397199154,0.11604409275123041
wanda-nm2-4,wanda,2:4,0.5,71.6470601215386,gate_proj,1,dense,5,0.5,0.03744191490113735,1.0
wanda-nm2-4,wanda,2:4,0.5,71.6470601215386,gate_proj,8,csr,5,0.5,0.26390242855995893,0.3367971759501325
wanda-nm2-4,wanda,2:4,0.5,71.6470601215386,gate_proj,8,csr_random,5,0.5,0.2667261054739356,0.3332800834858389
wanda-nm2-4,wanda,2:4,0.5,71.6470601215386,gate_proj,8,csr_rowmajor,5,0.5,0.24352590553462505,0.36497770577467076
wanda-nm2-4,wanda,2:4,0.5,71.6470601215386,gate_proj,8,dense,5,0.5,0.08885497227311134,1.0
wanda-nm2-4,wanda,2:4,0.5,71.6470601215386,gate_proj,32,csr,5,0.5,0.5071273073554039,0.8941378052024466
wanda-nm2-4,wanda,2:4,0.5,71.6470601215386,gate_proj,32,csr_random,5,0.5,0.5032252054661512,0.901076127637756
wanda-nm2-4,wanda,2:4,0.5,71.6470601215386,gate_proj,32,csr_rowmajor,5,0.5,0.46765003353357315,0.9696202758499757
wanda-nm2-4,wanda,2:4,0.5,71.6470601215386,gate_proj,32,dense,5,0.5,0.4534353269264102,1.0
wanda-nm2-4,wanda,2:4,0.5,71.6470601215386,gate_proj,128,csr,5,0.5,1.6428764443844557,0.4464634842260361
wanda-nm2-4,wanda,2:4,0.5,71.6470601215386,gate_proj,128,csr_random,5,0.5,1.6328873578459024,0.44919712583475674
wanda-nm2-4,wanda,2:4,0.5,71.6470601215386,gate_proj,128,csr_rowmajor,5,0.5,1.5360812423750758,0.47746170542348976
wanda-nm2-4,wanda,2:4,0.5,71.6470601215386,gate_proj,128,dense,5,0.5,0.733390124514699,1.0
wanda-nm2-4,wanda,2:4,0.5,71.6470601215386,gate_proj,512,csr,5,0.5,7.810608227737248,0.2831834409395903
wanda-nm2-4,wanda,2:4,0.5,71.6470601215386,gate_proj,512,csr_random,5,0.5,7.917117886245251,0.27936499727488345
wanda-nm2-4,wanda,2:4,0.5,71.6470601215386,gate_proj,512,csr_rowmajor,5,0.5,7.411053194664419,0.29870785938142436
wanda-nm2-4,wanda,2:4,0.5,71.6470601215386,gate_proj,512,dense,5,0.5,2.211759751662612,1.0
wanda-nm2-4,wanda,2:4,0.5,71.6470601215386,k_proj,1,csr,5,0.5,0.030189589597284794,0.22726567003810993
wanda-nm2-4,wanda,2:4,0.5,71.6470601215386,k_proj,1,csr_random,5,0.5,0.029441295191645622,0.23273850457620898
wanda-nm2-4,wanda,2:4,0.5,71.6470601215386,k_proj,1,csr_rowmajor,5,0.5,0.02803611569106579,0.24440769059625006
wanda-nm2-4,wanda,2:4,0.5,71.6470601215386,k_proj,1,dense,5,0.5,0.006851786747574806,1.0
wanda-nm2-4,wanda,2:4,0.5,71.6470601215386,k_proj,8,csr,5,0.5,0.043992744758725166,0.3917843871332838
wanda-nm2-4,wanda,2:4,0.5,71.6470601215386,k_proj,8,csr_random,5,0.5,0.04380205646157265,0.39349102127365826
wanda-nm2-4,wanda,2:4,0.5,71.6470601215386,k_proj,8,csr_rowmajor,5,0.5,0.025441637262701988,0.6774231130929482
wanda-nm2-4,wanda,2:4,0.5,71.6470601215386,k_proj,8,dense,5,0.5,0.017234589904546738,1.0
wanda-nm2-4,wanda,2:4,0.5,71.6470601215386,k_proj,32,csr,5,0.5,0.07127912249416113,0.30473354931554136
wanda-nm2-4,wanda,2:4,0.5,71.6470601215386,k_proj,32,csr_random,5,0.5,0.07136045023798943,0.3043964230683322
wanda-nm2-4,wanda,2:4,0.5,71.6470601215386,k_proj,32,csr_rowmajor,5,0.5,0.03020400181412697,0.719136269832431
wanda-nm2-4,wanda,2:4,0.5,71.6470601215386,k_proj,32,dense,5,0.5,0.021720770746469498,1.0
wanda-nm2-4,wanda,2:4,0.5,71.6470601215386,k_proj,128,csr,5,0.5,0.23145622108131647,0.18939134843557343
wanda-nm2-4,wanda,2:4,0.5,71.6470601215386,k_proj,128,csr_random,5,0.5,0.2335025230422616,0.18776525146469536
wanda-nm2-4,wanda,2:4,0.5,71.6470601215386,k_proj,128,csr_rowmajor,5,0.5,0.060463789850473404,0.7249799134071316
wanda-nm2-4,wanda,2:4,0.5,71.6470601215386,k_proj,128,dense,5,0.5,0.04383423365652561,1.0
wanda-nm2-4,wanda,2:4,0.5,71.6470601215386,k_proj,512,csr,5,0.5,0.9620506782084703,0.10746716945152
wanda-nm2-4,wanda,2:4,0.5,71.6470601215386,k_proj,512,csr_random,5,0.5,0.9717622073367238,0.10638671865969851
wanda-nm2-4,wanda,2:4,0.5,71.6470601215386,k_proj,512,csr_rowmajor,5,0.5,0.23112166672945023,0.4474815040204036
wanda-nm2-4,wanda,2:4,0.5,71.6470601215386,k_proj,512,dense,5,0.5,0.10338835418224335,1.0
wanda-nm2-4,wanda,2:4,0.5,71.6470601215386,o_proj,1,csr,5,0.5,0.06657177582383156,0.1729212554094605
wanda-nm2-4,wanda,2:4,0.5,71.6470601215386,o_proj,1,csr_random,5,0.5,0.06546289660036564,0.1758506845616451
wanda-nm2-4,wanda,2:4,0.5,71.6470601215386,o_proj,1,csr_rowmajor,5,0.5,0.0657921889796853,0.17505183743975541
wanda-nm2-4,wanda,2:4,0.5,71.6470601215386,o_proj,1,dense,5,0.5,0.011511612683534622,1.0
wanda-nm2-4,wanda,2:4,0.5,71.6470601215386,o_proj,8,csr,5,0.5,0.06407757755368948,1.149706680879763
wanda-nm2-4,wanda,2:4,0.5,71.6470601215386,o_proj,8,csr_random,5,0.5,0.0642591156065464,1.1464581327804235
wanda-nm2-4,wanda,2:4,0.5,71.6470601215386,o_proj,8,csr_rowmajor,5,0.5,0.04459319170564413,1.652018454244818
wanda-nm2-4,wanda,2:4,0.5,71.6470601215386,o_proj,8,dense,5,0.5,0.07366861682385206,1.0
wanda-nm2-4,wanda,2:4,0.5,71.6470601215386,o_proj,32,csr,5,0.5,0.13513925950974226,0.686755240456961
wanda-nm2-4,wanda,2:4,0.5,71.6470601215386,o_proj,32,csr_random,5,0.5,0.13491481076925993,0.6878898938271198
wanda-nm2-4,wanda,2:4,0.5,71.6470601215386,o_proj,32,csr_rowmajor,5,0.5,0.0919336685910821,1.0095082460091085
wanda-nm2-4,wanda,2:4,0.5,71.6470601215386,o_proj,32,dense,5,0.5,0.09280561935156584,1.0
wanda-nm2-4,wanda,2:4,0.5,71.6470601215386,o_proj,128,csr,5,0.5,0.4553277976810932,0.3720594817780871
wanda-nm2-4,wanda,2:4,0.5,71.6470601215386,o_proj,128,csr_random,5,0.5,0.4560178844258189,0.37149885771590074
wanda-nm2-4,wanda,2:4,0.5,71.6470601215386,o_proj,128,csr_rowmajor,5,0.5,0.2811786253005266,0.6026639161921371
wanda-nm2-4,wanda,2:4,0.5,71.6470601215386,o_proj,128,dense,5,0.5,0.16931970603764057,1.0
wanda-nm2-4,wanda,2:4,0.5,71.6470601215386,o_proj,512,csr,5,0.5,1.993671664968133,0.21929912054511908
wanda-nm2-4,wanda,2:4,0.5,71.6470601215386,o_proj,512,csr_random,5,0.5,2.0061755552887917,0.21794325735763984
wanda-nm2-4,wanda,2:4,0.5,71.6470601215386,o_proj,512,csr_rowmajor,5,0.5,1.3255644589662552,0.3297439957077418
wanda-nm2-4,wanda,2:4,0.5,71.6470601215386,o_proj,512,dense,5,0.5,0.4370874026790261,1.0
wanda-nm2-4,wanda,2:4,0.5,71.6470601215386,q_proj,1,csr,5,0.5,0.0667317770421505,0.1726318262864905
wanda-nm2-4,wanda,2:4,0.5,71.6470601215386,q_proj,1,csr_random,5,0.5,0.06558899767696857,0.17555196492511113
wanda-nm2-4,wanda,2:4,0.5,71.6470601215386,q_proj,1,csr_rowmajor,5,0.5,0.0658560311421752,0.17511018099486106
wanda-nm2-4,wanda,2:4,0.5,71.6470601215386,q_proj,1,dense,5,0.5,0.011508632451295853,1.0
wanda-nm2-4,wanda,2:4,0.5,71.6470601215386,q_proj,8,csr,5,0.5,0.06376923993229866,1.155727832234109
wanda-nm2-4,wanda,2:4,0.5,71.6470601215386,q_proj,8,csr_random,5,0.5,0.06416719406843185,1.1485366148871918
wanda-nm2-4,wanda,2:4,0.5,71.6470601215386,q_proj,8,csr_rowmajor,5,0.5,0.04453402943909168,1.654799694314096
wanda-nm2-4,wanda,2:4,0.5,71.6470601215386,q_proj,8,dense,5,0.5,0.07369448430836201,1.0
wanda-nm2-4,wanda,2:4,0.5,71.6470601215386,q_proj,32,csr,5,0.5,0.13534200843423605,0.685941605992552
wanda-nm2-4,wanda,2:4,0.5,71.6470601215386,q_proj,32,csr_random,5,0.5,0.1347077079117298,0.689142605329128
wanda-nm2-4,wanda,2:4,0.5,71.6470601215386,q_proj,32,csr_rowmajor,5,0.5,0.09183313231915236,1.010904120947
wanda-nm2-4,wanda,2:4,0.5,71.6470601215386,q_proj,32,dense,5,0.5,0.09283218532800674,1.0
wanda-nm2-4,wanda,2:4,0.5,71.6470601215386,q_proj,128,csr,5,0.5,0.44930754229426384,0.37689094576824644
wanda-nm2-4,wanda,2:4,0.5,71.6470601215386,q_proj,128,csr_random,5,0.5,0.44907056726515293,0.37705782576969665
wanda-nm2-4,wanda,2:4,0.5,71.6470601215386,q_proj,128,csr_rowmajor,5,0.5,0.27733463793992996,0.610388554391582
wanda-nm2-4,wanda,2:4,0.5,71.6470601215386,q_proj,128,dense,5,0.5,0.16928112599998713,1.0
wanda-nm2-4,wanda,2:4,0.5,71.6470601215386,q_proj,512,csr,5,0.5,1.9872386939823627,0.21995457717456257
wanda-nm2-4,wanda,2:4,0.5,71.6470601215386,q_proj,512,csr_random,5,0.5,2.0345241529867053,0.21486590784221926
wanda-nm2-4,wanda,2:4,0.5,71.6470601215386,q_proj,512,csr_rowmajor,5,0.5,1.304477360099554,0.3347704031598376
wanda-nm2-4,wanda,2:4,0.5,71.6470601215386,q_proj,512,dense,5,0.5,0.4366532899439335,1.0
wanda-nm2-4,wanda,2:4,0.5,71.6470601215386,up_proj,1,csr,5,0.5,0.324099138379097,0.11194876856745134
wanda-nm2-4,wanda,2:4,0.5,71.6470601215386,up_proj,1,csr_random,5,0.5,0.3247117390856147,0.111742335319612
wanda-nm2-4,wanda,2:4,0.5,71.6470601215386,up_proj,1,csr_rowmajor,5,0.5,0.32128910534083843,0.11293112512221141
wanda-nm2-4,wanda,2:4,0.5,71.6470601215386,up_proj,1,dense,5,0.5,0.036280788481235504,1.0
wanda-nm2-4,wanda,2:4,0.5,71.6470601215386,up_proj,8,csr,5,0.5,0.2614564262330532,0.3198659923536588
wanda-nm2-4,wanda,2:4,0.5,71.6470601215386,up_proj,8,csr_random,5,0.5,0.26331909466534853,0.3176977318731907
wanda-nm2-4,wanda,2:4,0.5,71.6470601215386,up_proj,8,csr_rowmajor,5,0.5,0.2412400208413601,0.34667296269756115
wanda-nm2-4,wanda,2:4,0.5,71.6470601215386,up_proj,8,dense,5,0.5,0.08366801775991917,1.0
wanda-nm2-4,wanda,2:4,0.5,71.6470601215386,up_proj,32,csr,5,0.5,0.5042596254497766,0.8984672767529885
wanda-nm2-4,wanda,2:4,0.5,71.6470601215386,up_proj,32,csr_random,5,0.5,0.500567490234971,0.9050689652564644
wanda-nm2-4,wanda,2:4,0.5,71.6470601215386,up_proj,32,csr_rowmajor,5,0.5,0.4657910205423832,0.9726728221710389
wanda-nm2-4,wanda,2:4,0.5,71.6470601215386,up_proj,32,dense,5,0.5,0.45303383376449347,1.0
wanda-nm2-4,wanda,2:4,0.5,71.6470601215386,up_proj,128,csr,5,0.5,1.634804019704461,0.4471023605222237
wanda-nm2-4,wanda,2:4,0.5,71.6470601215386,up_proj,128,csr_random,5,0.5,1.616551191546023,0.4521476110672419
wanda-nm2-4,wanda,2:4,0.5,71.6470601215386,up_proj,128,csr_rowmajor,5,0.5,1.5282858861610293,0.47830606373195245
wanda-nm2-4,wanda,2:4,0.5,71.6470601215386,up_proj,128,dense,5,0.5,0.7308843312785029,1.0
wanda-nm2-4,wanda,2:4,0.5,71.6470601215386,up_proj,512,csr,5,0.5,7.842979999259114,0.2822535942426189
wanda-nm2-4,wanda,2:4,0.5,71.6470601215386,up_proj,512,csr_random,5,0.5,7.9291937639936805,0.2791731591934813
wanda-nm2-4,wanda,2:4,0.5,71.6470601215386,up_proj,512,csr_rowmajor,5,0.5,7.379105663858354,0.30120142340683587
wanda-nm2-4,wanda,2:4,0.5,71.6470601215386,up_proj,512,dense,5,0.5,2.213624771684408,1.0
wanda-nm2-4,wanda,2:4,0.5,71.6470601215386,v_proj,1,csr,5,0.5,0.029569468460977077,0.23224010333388423
wanda-nm2-4,wanda,2:4,0.5,71.6470601215386,v_proj,1,csr_random,5,0.5,0.029424577951431274,0.23338227537935866
wanda-nm2-4,wanda,2:4,0.5,71.6470601215386,v_proj,1,csr_rowmajor,5,0.5,0.027684355154633522,0.24805383329067907
wanda-nm2-4,wanda,2:4,0.5,71.6470601215386,v_proj,1,dense,5,0.5,0.006867013871669769,1.0
wanda-nm2-4,wanda,2:4,0.5,71.6470601215386,v_proj,8,csr,5,0.5,0.044187577441334724,0.39127574463495884
wanda-nm2-4,wanda,2:4,0.5,71.6470601215386,v_proj,8,csr_random,5,0.5,0.044146995060145855,0.3916320811276777
wanda-nm2-4,wanda,2:4,0.5,71.6470601215386,v_proj,8,csr_rowmajor,5,0.5,0.025392347015440464,0.6808911740427682
wanda-nm2-4,wanda,2:4,0.5,71.6470601215386,v_proj,8,dense,5,0.5,0.017289328388869762,1.0
wanda-nm2-4,wanda,2:4,0.5,71.6470601215386,v_proj,32,csr,5,0.5,0.07163640111684799,0.30417570509896563
wanda-nm2-4,wanda,2:4,0.5,71.6470601215386,v_proj,32,csr_random,5,0.5,0.07159127853810787,0.30437917346878574
wanda-nm2-4,wanda,2:4,0.5,71.6470601215386,v_proj,32,csr_rowmajor,5,0.5,0.03022847231477499,0.7208460501873348
wanda-nm2-4,wanda,2:4,0.5,71.6470601215386,v_proj,32,dense,5,0.5,0.021789735183119774,1.0
wanda-nm2-4,wanda,2:4,0.5,71.6470601215386,v_proj,128,csr,5,0.5,0.2306259935721755,0.19024549509081562
wanda-nm2-4,wanda,2:4,0.5,71.6470601215386,v_proj,128,csr_random,5,0.5,0.23175743408501148,0.18934854932122094
wanda-nm2-4,wanda,2:4,0.5,71.6470601215386,v_proj,128,csr_rowmajor,5,0.5,0.06057231221348047,0.7243662176216833
wanda-nm2-4,wanda,2:4,0.5,71.6470601215386,v_proj,128,dense,5,0.5,0.04387493245303631,1.0
wanda-nm2-4,wanda,2:4,0.5,71.6470601215386,v_proj,512,csr,5,0.5,0.9635889669880271,0.10415576513398375
wanda-nm2-4,wanda,2:4,0.5,71.6470601215386,v_proj,512,csr_random,5,0.5,0.9698289446532726,0.10350402860148572
wanda-nm2-4,wanda,2:4,0.5,71.6470601215386,v_proj,512,csr_rowmajor,5,0.5,0.23248230572789907,0.4323284699664817
wanda-nm2-4,wanda,2:4,0.5,71.6470601215386,v_proj,512,dense,5,0.5,0.10036341845989227,1.0
wanda-nm4-8,wanda,4:8,0.5,39.435354206060296,down_proj,1,csr,5,0.5,0.35102739930152893,0.10899269459280057
wanda-nm4-8,wanda,4:8,0.5,39.435354206060296,down_proj,1,csr_random,5,0.5,0.35127848386764526,0.10891670058525448
wanda-nm4-8,wanda,4:8,0.5,39.435354206060296,down_proj,1,csr_rowmajor,5,0.5,0.3493860363960266,0.1095039794091086
wanda-nm4-8,wanda,4:8,0.5,39.435354206060296,down_proj,1,dense,5,0.5,0.03825873136520386,1.0
wanda-nm4-8,wanda,4:8,0.5,39.435354206060296,down_proj,8,csr,5,0.5,0.32259970903396606,0.4295224440453091
wanda-nm4-8,wanda,4:8,0.5,39.435354206060296,down_proj,8,csr_random,5,0.5,0.3191933035850525,0.4340391023970649
wanda-nm4-8,wanda,4:8,0.5,39.435354206060296,down_proj,8,csr_rowmajor,5,0.5,0.2469174563884735,0.5611445695627519
wanda-nm4-8,wanda,4:8,0.5,39.435354206060296,down_proj,8,dense,5,0.5,0.13853907585144043,1.0
wanda-nm4-8,wanda,4:8,0.5,39.435354206060296,down_proj,32,csr,5,0.5,0.7926926016807556,0.5782656046436055
wanda-nm4-8,wanda,4:8,0.5,39.435354206060296,down_proj,32,csr_random,5,0.5,0.7928110659122467,0.5779082919410904
wanda-nm4-8,wanda,4:8,0.5,39.435354206060296,down_proj,32,csr_rowmajor,5,0.5,0.47912001609802246,0.9519292953869036
wanda-nm4-8,wanda,4:8,0.5,39.435354206060296,down_proj,32,dense,5,0.5,0.45604854822158813,1.0
wanda-nm4-8,wanda,4:8,0.5,39.435354206060296,down_proj,128,csr,5,0.5,4.7160424292087555,0.12705790783417942
wanda-nm4-8,wanda,4:8,0.5,39.435354206060296,down_proj,128,csr_random,5,0.5,4.661598801612854,0.12853144163558927
wanda-nm4-8,wanda,4:8,0.5,39.435354206060296,down_proj,128,csr_rowmajor,5,0.5,3.8193389773368835,0.15698410739029253
wanda-nm4-8,wanda,4:8,0.5,39.435354206060296,down_proj,128,dense,5,0.5,0.599120557308197,1.0
wanda-nm4-8,wanda,4:8,0.5,39.435354206060296,down_proj,512,csr,5,0.5,17.740238457918167,0.15440269498687137
wanda-nm4-8,wanda,4:8,0.5,39.435354206060296,down_proj,512,csr_random,5,0.5,17.74762272834778,0.15432598015406307
wanda-nm4-8,wanda,4:8,0.5,39.435354206060296,down_proj,512,csr_rowmajor,5,0.5,13.95033672451973,0.19614482396289648
wanda-nm4-8,wanda,4:8,0.5,39.435354206060296,down_proj,512,dense,5,0.5,2.7354270219802856,1.0
wanda-nm4-8,wanda,4:8,0.5,39.435354206060296,gate_proj,1,csr,5,0.5,0.31363070011138916,0.11588773952080535
wanda-nm4-8,wanda,4:8,0.5,39.435354206060296,gate_proj,1,csr_random,5,0.5,0.3159619867801666,0.11502276256578571
wanda-nm4-8,wanda,4:8,0.5,39.435354206060296,gate_proj,1,csr_rowmajor,5,0.5,0.3116130828857422,0.1166384920868587
wanda-nm4-8,wanda,4:8,0.5,39.435354206060296,gate_proj,1,dense,5,0.5,0.03634244203567505,1.0
wanda-nm4-8,wanda,4:8,0.5,39.435354206060296,gate_proj,8,csr,5,0.5,0.25129765272140503,0.33696162592704504
wanda-nm4-8,wanda,4:8,0.5,39.435354206060296,gate_proj,8,csr_random,5,0.5,0.25504007935523987,0.3320118328371712
wanda-nm4-8,wanda,4:8,0.5,39.435354206060296,gate_proj,8,csr_rowmajor,5,0.5,0.2321794629096985,0.36470654754335324
wanda-nm4-8,wanda,4:8,0.5,39.435354206060296,gate_proj,8,dense,5,0.5,0.08467808365821838,1.0
wanda-nm4-8,wanda,4:8,0.5,39.435354206060296,gate_proj,32,csr,5,0.5,0.4979163408279419,0.9099259479124729
wanda-nm4-8,wanda,4:8,0.5,39.435354206060296,gate_proj,32,csr_random,5,0.5,0.4970744252204895,0.9114659022850999
wanda-nm4-8,wanda,4:8,0.5,39.435354206060296,gate_proj,32,csr_rowmajor,5,0.5,0.45664161443710327,0.9921792751657036
wanda-nm4-8,wanda,4:8,0.5,39.435354206060296,gate_proj,32,dense,5,0.5,0.45306459069252014,1.0
wanda-nm4-8,wanda,4:8,0.5,39.435354206060296,gate_proj,128,csr,5,0.5,1.6266591846942902,0.4545078914329832
wanda-nm4-8,wanda,4:8,0.5,39.435354206060296,gate_proj,128,csr_random,5,0.5,1.6234882175922394,0.45540086649564093
wanda-nm4-8,wanda,4:8,0.5,39.435354206060296,gate_proj,128,csr_rowmajor,5,0.5,1.5667349100112915,0.4728768237416157
wanda-nm4-8,wanda,4:8,0.5,39.435354206060296,gate_proj,128,dense,5,0.5,0.7393188774585724,1.0
wanda-nm4-8,wanda,4:8,0.5,39.435354206060296,gate_proj,512,csr,5,0.5,7.9096198081970215,0.2802562606265767
wanda-nm4-8,wanda,4:8,0.5,39.435354206060296,gate_proj,512,csr_random,5,0.5,8.082472532987595,0.2742863976014861
wanda-nm4-8,wanda,4:8,0.5,39.435354206060296,gate_proj,512,csr_rowmajor,5,0.5,7.481604069471359,0.296313506203066
wanda-nm4-8,wanda,4:8,0.5,39.435354206060296,gate_proj,512,dense,5,0.5,2.2156469523906708,1.0
wanda-nm4-8,wanda,4:8,0.5,39.435354206060296,k_proj,1,csr,5,0.5,0.029449164867401123,0.23341764193069123
wanda-nm4-8,wanda,4:8,0.5,39.435354206060296,k_proj,1,csr_random,5,0.5,0.02927035093307495,0.23484612317195974
wanda-nm4-8,wanda,4:8,0.5,39.435354206060296,k_proj,1,csr_rowmajor,5,0.5,0.02752542495727539,0.2497297076741756
wanda-nm4-8,wanda,4:8,0.5,39.435354206060296,k_proj,1,dense,5,0.5,0.006873905658721924,1.0
wanda-nm4-8,wanda,4:8,0.5,39.435354206060296,k_proj,8,csr,5,0.5,0.04464983940124512,0.38261873348851017
wanda-nm4-8,wanda,4:8,0.5,39.435354206060296,k_proj,8,csr_random,5,0.5,0.04477798938751221,0.3815371541844217
wanda-nm4-8,wanda,4:8,0.5,39.435354206060296,k_proj,8,csr_rowmajor,5,0.5,0.025476515293121338,0.6704971853928952
wanda-nm4-8,wanda,4:8,0.5,39.435354206060296,k_proj,8,dense,5,0.5,0.01708120107650757,1.0
wanda-nm4-8,wanda,4:8,0.5,39.435354206060296,k_proj,32,csr,5,0.5,0.07171332836151123,0.30256123423669806
wanda-nm4-8,wanda,4:8,0.5,39.435354206060296,k_proj,32,csr_random,5,0.5,0.07180720567703247,0.302165006617444
wanda-nm4-8,wanda,4:8,0.5,39.435354206060296,k_proj,32,csr_rowmajor,5,0.5,0.029996037483215332,0.723310933901041
wanda-nm4-8,wanda,4:8,0.5,39.435354206060296,k_proj,32,dense,5,0.5,0.021696090698242188,1.0
wanda-nm4-8,wanda,4:8,0.5,39.435354206060296,k_proj,128,csr,5,0.5,0.23113638162612915,0.18963582702972712
wanda-nm4-8,wanda,4:8,0.5,39.435354206060296,k_proj,128,csr_random,5,0.5,0.23516789078712463,0.18639961891422763
wanda-nm4-8,wanda,4:8,0.5,39.435354206060296,k_proj,128,csr_rowmajor,5,0.5,0.061830878257751465,0.7095531215576093
wanda-nm4-8,wanda,4:8,0.5,39.435354206060296,k_proj,128,dense,5,0.5,0.043830275535583496,1.0
wanda-nm4-8,wanda,4:8,0.5,39.435354206060296,k_proj,512,csr,5,0.5,0.9695835411548615,0.10485177872451956
wanda-nm4-8,wanda,4:8,0.5,39.435354206060296,k_proj,512,csr_random,5,0.5,0.973471999168396,0.10442642708629357
wanda-nm4-8,wanda,4:8,0.5,39.435354206060296,k_proj,512,csr_rowmajor,5,0.5,0.22047311067581177,0.4617979883574899
wanda-nm4-8,wanda,4:8,0.5,39.435354206060296,k_proj,512,dense,5,0.5,0.10165199637413025,1.0
wanda-nm4-8,wanda,4:8,0.5,39.435354206060296,o_proj,1,csr,5,0.5,0.06593912839889526,0.17371211238533768
wanda-nm4-8,wanda,4:8,0.5,39.435354206060296,o_proj,1,csr_random,5,0.5,0.06569623947143555,0.174388722244414
wanda-nm4-8,wanda,4:8,0.5,39.435354206060296,o_proj,1,csr_rowmajor,5,0.5,0.06396174430847168,0.17909718278042464
wanda-nm4-8,wanda,4:8,0.5,39.435354206060296,o_proj,1,dense,5,0.5,0.011453032493591309,1.0
wanda-nm4-8,wanda,4:8,0.5,39.435354206060296,o_proj,8,csr,5,0.5,0.06385445594787598,1.1524090600352404
wanda-nm4-8,wanda,4:8,0.5,39.435354206060296,o_proj,8,csr_random,5,0.5,0.06407871842384338,1.1483471604679971
wanda-nm4-8,wanda,4:8,0.5,39.435354206060296,o_proj,8,csr_rowmajor,5,0.5,0.04456564784049988,1.6511051483653398
wanda-nm4-8,wanda,4:8,0.5,39.435354206060296,o_proj,8,dense,5,0.5,0.07358193397521973,1.0
wanda-nm4-8,wanda,4:8,0.5,39.435354206060296,o_proj,32,csr,5,0.5,0.13526827096939087,0.6865206713518935
wanda-nm4-8,wanda,4:8,0.5,39.435354206060296,o_proj,32,csr_random,5,0.5,0.13543367385864258,0.6856851499601657
wanda-nm4-8,wanda,4:8,0.5,39.435354206060296,o_proj,32,csr_rowmajor,5,0.5,0.09168088436126709,1.0129096099030883
wanda-nm4-8,wanda,4:8,0.5,39.435354206060296,o_proj,32,dense,5,0.5,0.0928640365600586,1.0
wanda-nm4-8,wanda,4:8,0.5,39.435354206060296,o_proj,128,csr,5,0.5,0.45705586671829224,0.3721699554394318
wanda-nm4-8,wanda,4:8,0.5,39.435354206060296,o_proj,128,csr_random,5,0.5,0.45901909470558167,0.3705759944140735
wanda-nm4-8,wanda,4:8,0.5,39.435354206060296,o_proj,128,csr_rowmajor,5,0.5,0.2834029495716095,0.6006577076701798
wanda-nm4-8,wanda,4:8,0.5,39.435354206060296,o_proj,128,dense,5,0.5,0.17000511288642883,1.0
wanda-nm4-8,wanda,4:8,0.5,39.435354206060296,o_proj,512,csr,5,0.5,2.007894217967987,0.21950087356683368
wanda-nm4-8,wanda,4:8,0.5,39.435354206060296,o_proj,512,csr_random,5,0.5,2.025257796049118,0.21756925072142075
wanda-nm4-8,wanda,4:8,0.5,39.435354206060296,o_proj,512,csr_rowmajor,5,0.5,1.3470128178596497,0.3271945492508718
wanda-nm4-8,wanda,4:8,0.5,39.435354206060296,o_proj,512,dense,5,0.5,0.4405371844768524,1.0
wanda-nm4-8,wanda,4:8,0.5,39.435354206060296,q_proj,1,csr,5,0.5,0.06476566195487976,0.17701706542111725
wanda-nm4-8,wanda,4:8,0.5,39.435354206060296,q_proj,1,csr_random,5,0.5,0.06450414657592773,0.1777581085169073
wanda-nm4-8,wanda,4:8,0.5,39.435354206060296,q_proj,1,csr_rowmajor,5,0.5,0.06270259618759155,0.1828398709162137
wanda-nm4-8,wanda,4:8,0.5,39.435354206060296,q_proj,1,dense,5,0.5,0.011463463306427002,1.0
wanda-nm4-8,wanda,4:8,0.5,39.435354206060296,q_proj,8,csr,5,0.5,0.06374269723892212,1.1551041966123177
wanda-nm4-8,wanda,4:8,0.5,39.435354206060296,q_proj,8,csr_random,5,0.5,0.06416290998458862,1.1475296391631233
wanda-nm4-8,wanda,4:8,0.5,39.435354206060296,q_proj,8,csr_rowmajor,5,0.5,0.04450678825378418,1.6543070724827973
wanda-nm4-8,wanda,4:8,0.5,39.435354206060296,q_proj,8,dense,5,0.5,0.07362663745880127,1.0
wanda-nm4-8,wanda,4:8,0.5,39.435354206060296,q_proj,32,csr,5,0.5,0.13465583324432373,0.690087431971469
wanda-nm4-8,wanda,4:8,0.5,39.435354206060296,q_proj,32,csr_random,5,0.5,0.13486742973327637,0.6889969210082735
wanda-nm4-8,wanda,4:8,0.5,39.435354206060296,q_proj,32,csr_rowmajor,5,0.5,0.09100586175918579,1.021058460214183
wanda-nm4-8,wanda,4:8,0.5,39.435354206060296,q_proj,32,dense,5,0.5,0.0929221510887146,1.0
wanda-nm4-8,wanda,4:8,0.5,39.435354206060296,q_proj,128,csr,5,0.5,0.4565492272377014,0.3726700758914755
wanda-nm4-8,wanda,4:8,0.5,39.435354206060296,q_proj,128,csr_random,5,0.5,0.4583194851875305,0.37120981642779205
wanda-nm4-8,wanda,4:8,0.5,39.435354206060296,q_proj,128,csr_rowmajor,5,0.5,0.28770267963409424,0.5918143230661734
wanda-nm4-8,wanda,4:8,0.5,39.435354206060296,q_proj,128,dense,5,0.5,0.1700468361377716,1.0
wanda-nm4-8,wanda,4:8,0.5,39.435354206060296,q_proj,512,csr,5,0.5,1.9692204892635345,0.2237371752396939
wanda-nm4-8,wanda,4:8,0.5,39.435354206060296,q_proj,512,csr_random,5,0.5,2.0226798951625824,0.21778913720470544
wanda-nm4-8,wanda,4:8,0.5,39.435354206060296,q_proj,512,csr_rowmajor,5,0.5,1.3270139694213867,0.3322615051980434
wanda-nm4-8,wanda,4:8,0.5,39.435354206060296,q_proj,512,dense,5,0.5,0.44043734669685364,1.0
wanda-nm4-8,wanda,4:8,0.5,39.435354206060296,up_proj,1,csr,5,0.5,0.31404346227645874,0.11598800648014584
wanda-nm4-8,wanda,4:8,0.5,39.435354206060296,up_proj,1,csr_random,5,0.5,0.3138713538646698,0.11605560654714499
wanda-nm4-8,wanda,4:8,0.5,39.435354206060296,up_proj,1,csr_rowmajor,5,0.5,0.31112954020500183,0.11707414730359891
wanda-nm4-8,wanda,4:8,0.5,39.435354206060296,up_proj,1,dense,5,0.5,0.03642439842224121,1.0
wanda-nm4-8,wanda,4:8,0.5,39.435354206060296,up_proj,8,csr,5,0.5,0.24997815489768982,0.3372895198327147
wanda-nm4-8,wanda,4:8,0.5,39.435354206060296,up_proj,8,csr_random,5,0.5,0.2530410885810852,0.3331697968022529
wanda-nm4-8,wanda,4:8,0.5,39.435354206060296,up_proj,8,csr_rowmajor,5,0.5,0.23015066981315613,0.3663408389092271
wanda-nm4-8,wanda,4:8,0.5,39.435354206060296,up_proj,8,dense,5,0.5,0.08428245782852173,1.0
wanda-nm4-8,wanda,4:8,0.5,39.435354206060296,up_proj,32,csr,5,0.5,0.4971414804458618,0.9113502883356356
wanda-nm4-8,wanda,4:8,0.5,39.435354206060296,up_proj,32,csr_random,5,0.5,0.49505382776260376,0.9151956735987313
wanda-nm4-8,wanda,4:8,0.5,39.435354206060296,up_proj,32,csr_rowmajor,5,0.5,0.4554040729999542,0.9948722433790116
wanda-nm4-8,wanda,4:8,0.5,39.435354206060296,up_proj,32,dense,5,0.5,0.4530675709247589,1.0
wanda-nm4-8,wanda,4:8,0.5,39.435354206060296,up_proj,128,csr,5,0.5,1.6646385192871094,0.4459728165877296
wanda-nm4-8,wanda,4:8,0.5,39.435354206060296,up_proj,128,csr_random,5,0.5,1.6634710133075714,0.44631298225738303
wanda-nm4-8,wanda,4:8,0.5,39.435354206060296,up_proj,128,csr_rowmajor,5,0.5,1.6301438212394714,0.45495224040645277
wanda-nm4-8,wanda,4:8,0.5,39.435354206060296,up_proj,128,dense,5,0.5,0.7416032254695892,1.0
wanda-nm4-8,wanda,4:8,0.5,39.435354206060296,up_proj,512,csr,5,0.5,7.997032254934311,0.27686622322938886
wanda-nm4-8,wanda,4:8,0.5,39.435354206060296,up_proj,512,csr_random,5,0.5,8.148876577615738,0.2716214709175528
wanda-nm4-8,wanda,4:8,0.5,39.435354206060296,up_proj,512,csr_rowmajor,5,0.5,7.278694212436676,0.30427045062746144
wanda-nm4-8,wanda,4:8,0.5,39.435354206060296,up_proj,512,dense,5,0.5,2.2116824984550476,1.0
wanda-nm4-8,wanda,4:8,0.5,39.435354206060296,v_proj,1,csr,5,0.5,0.029809772968292236,0.23085723260845278
wanda-nm4-8,wanda,4:8,0.5,39.435354206060296,v_proj,1,csr_random,5,0.5,0.029502809047698975,0.2332536073657706
wanda-nm4-8,wanda,4:8,0.5,39.435354206060296,v_proj,1,csr_rowmajor,5,0.5,0.027729570865631104,0.24817150122803938
wanda-nm4-8,wanda,4:8,0.5,39.435354206060296,v_proj,1,dense,5,0.5,0.006881356239318848,1.0
wanda-nm4-8,wanda,4:8,0.5,39.435354206060296,v_proj,8,csr,5,0.5,0.044599175453186035,0.38426831936002254
wanda-nm4-8,wanda,4:8,0.5,39.435354206060296,v_proj,8,csr_random,5,0.5,0.044639408588409424,0.38390406862314547
wanda-nm4-8,wanda,4:8,0.5,39.435354206060296,v_proj,8,csr_rowmajor,5,0.5,0.025519728660583496,0.6714390313260282
wanda-nm4-8,wanda,4:8,0.5,39.435354206060296,v_proj,8,dense,5,0.5,0.01713484525680542,1.0
wanda-nm4-8,wanda,4:8,0.5,39.435354206060296,v_proj,32,csr,5,0.5,0.07171779870986938,0.3025022463268802
wanda-nm4-8,wanda,4:8,0.5,39.435354206060296,v_proj,32,csr_random,5,0.5,0.07202625274658203,0.30120345061937787
wanda-nm4-8,wanda,4:8,0.5,39.435354206060296,v_proj,32,csr_rowmajor,5,0.5,0.02993941307067871,0.7246141874854418
wanda-nm4-8,wanda,4:8,0.5,39.435354206060296,v_proj,32,dense,5,0.5,0.021694600582122803,1.0
wanda-nm4-8,wanda,4:8,0.5,39.435354206060296,v_proj,128,csr,5,0.5,0.23196637630462646,0.18884744746484566
wanda-nm4-8,wanda,4:8,0.5,39.435354206060296,v_proj,128,csr_random,5,0.5,0.233440101146698,0.1876896447780771
wanda-nm4-8,wanda,4:8,0.5,39.435354206060296,v_proj,128,csr_rowmajor,5,0.5,0.06216913461685181,0.7051598355320895
wanda-nm4-8,wanda,4:8,0.5,39.435354206060296,v_proj,128,dense,5,0.5,0.043804943561553955,1.0
wanda-nm4-8,wanda,4:8,0.5,39.435354206060296,v_proj,512,csr,5,0.5,0.9681664407253265,0.10490111149494565
wanda-nm4-8,wanda,4:8,0.5,39.435354206060296,v_proj,512,csr_random,5,0.5,0.9731128811836243,0.10438698214483814
wanda-nm4-8,wanda,4:8,0.5,39.435354206060296,v_proj,512,csr_rowmajor,5,0.5,0.22164881229400635,0.4588785354784513
wanda-nm4-8,wanda,4:8,0.5,39.435354206060296,v_proj,512,dense,5,0.5,0.10154843330383301,1.0
wanda-u30,wanda,unstructured,0.2993561126373626,14.079897873671388,down_proj,1,csr,5,0.29995888157894735,0.5816895514726639,0.07039002014889816
wanda-u30,wanda,unstructured,0.2993561126373626,14.079897873671388,down_proj,1,csr_random,5,0.29995888157894735,0.5700209178030491,0.0716555554073351
wanda-u30,wanda,unstructured,0.2993561126373626,14.079897873671388,down_proj,1,csr_rowmajor,5,0.29995888157894735,0.5780062638223171,0.0708516624460799
wanda-u30,wanda,unstructured,0.2993561126373626,14.079897873671388,down_proj,1,dense,5,0.29995888157894735,0.04095453768968582,1.0
wanda-u30,wanda,unstructured,0.2993561126373626,14.079897873671388,down_proj,8,csr,5,0.29995888157894735,0.558222271502018,0.24064448663772464
wanda-u30,wanda,unstructured,0.2993561126373626,14.079897873671388,down_proj,8,csr_random,5,0.29995888157894735,0.5432462319731712,0.24634434636352834
wanda-u30,wanda,unstructured,0.2993561126373626,14.079897873671388,down_proj,8,csr_rowmajor,5,0.29995888157894735,0.4698826000094414,0.2863798911355414
wanda-u30,wanda,unstructured,0.2993561126373626,14.079897873671388,down_proj,8,dense,5,0.29995888157894735,0.13442197814583778,1.0
wanda-u30,wanda,unstructured,0.2993561126373626,14.079897873671388,down_proj,32,csr,5,0.29995888157894735,1.0137036442756653,0.23632122341569048
wanda-u30,wanda,unstructured,0.2993561126373626,14.079897873671388,down_proj,32,csr_random,5,0.29995888157894735,1.0176035575568676,0.23557354434580896
wanda-u30,wanda,unstructured,0.2993561126373626,14.079897873671388,down_proj,32,csr_rowmajor,5,0.29995888157894735,1.0673712939023972,0.24887268762248232
wanda-u30,wanda,unstructured,0.2993561126373626,14.079897873671388,down_proj,32,dense,5,0.29995888157894735,0.23907748982310295,1.0
wanda-u30,wanda,unstructured,0.2993561126373626,14.079897873671388,down_proj,128,csr,5,0.29995888157894735,6.748130451887846,0.08955107195082766
wanda-u30,wanda,unstructured,0.2993561126373626,14.079897873671388,down_proj,128,csr_random,5,0.29995888157894735,6.742178834974766,0.08962942704941818
wanda-u30,wanda,unstructured,0.2993561126373626,14.079897873671388,down_proj,128,csr_rowmajor,5,0.29995888157894735,5.9497445821762085,0.10156817546564562
wanda-u30,wanda,unstructured,0.2993561126373626,14.079897873671388,down_proj,128,dense,5,0.29995888157894735,0.604300107806921,1.0
wanda-u30,wanda,unstructured,0.2993561126373626,14.079897873671388,down_proj,512,csr,5,0.29995888157894735,23.331498820334673,0.11978913448708911
wanda-u30,wanda,unstructured,0.2993561126373626,14.079897873671388,down_proj,512,csr_random,5,0.29995888157894735,23.272248171269894,0.12009598453546633
wanda-u30,wanda,unstructured,0.2993561126373626,14.079897873671388,down_proj,512,csr_rowmajor,5,0.29995888157894735,20.098648127168417,0.13987245314580085
wanda-u30,wanda,unstructured,0.2993561126373626,14.079897873671388,down_proj,512,dense,5,0.29995888157894735,2.7945641428232193,1.0
wanda-u30,wanda,unstructured,0.2993561126373626,14.079897873671388,gate_proj,1,csr,5,0.2991071428571429,0.5698392167687416,0.08053899925717362
wanda-u30,wanda,unstructured,0.2993561126373626,14.079897873671388,gate_proj,1,csr_random,5,0.2991071428571429,0.5444617010653019,0.0842516077470539
wanda-u30,wanda,unstructured,0.2993561126373626,14.079897873671388,gate_proj,1,csr_rowmajor,5,0.2991071428571429,0.5653596483170986,0.08113948007393353
wanda-u30,wanda,unstructured,0.2993561126373626,14.079897873671388,gate_proj,1,dense,5,0.2991071428571429,0.04586800932884216,1.0
wanda-u30,wanda,unstructured,0.2993561126373626,14.079897873671388,gate_proj,8,csr,5,0.2991071428571429,0.5173870362341404,0.21975055006633104
wanda-u30,wanda,unstructured,0.2993561126373626,14.079897873671388,gate_proj,8,csr_random,5,0.2991071428571429,0.49172304570674896,0.2322772363586564
wanda-u30,wanda,unstructured,0.2993561126373626,14.079897873671388,gate_proj,8,csr_rowmajor,5,0.2991071428571429,0.49187298864126205,0.23062128314003025
wanda-u30,wanda,unstructured,0.2993561126373626,14.079897873671388,gate_proj,8,dense,5,0.2991071428571429,0.1139545813202858,1.0
wanda-u30,wanda,unstructured,0.2993561126373626,14.079897873671388,gate_proj,32,csr,5,0.2991071428571429,0.800851546227932,0.29476284238271544
wanda-u30,wanda,unstructured,0.2993561126373626,14.079897873671388,gate_proj,32,csr_random,5,0.2991071428571429,0.7728909142315388,0.3052521306217681
wanda-u30,wanda,unstructured,0.2993561126373626,14.079897873671388,gate_proj,32,csr_rowmajor,5,0.2991071428571429,0.7797637023031712,0.30272370425422784
wanda-u30,wanda,unstructured,0.2993561126373626,14.079897873671388,gate_proj,32,dense,5,0.2991071428571429,0.2359301783144474,1.0
wanda-u30,wanda,unstructured,0.2993561126373626,14.079897873671388,gate_proj,128,csr,5,0.2991071428571429,2.319781668484211,0.3367577629072071
wanda-u30,wanda,unstructured,0.2993561126373626,14.079897873671388,gate_proj,128,csr_random,5,0.2991071428571429,2.304842881858349,0.338850026657731
wanda-u30,wanda,unstructured,0.2993561126373626,14.079897873671388,gate_proj,128,csr_rowmajor,5,0.2991071428571429,3.1028268858790398,0.2677710836822422
wanda-u30,wanda,unstructured,0.2993561126373626,14.079897873671388,gate_proj,128,dense,5,0.2991071428571429,0.7812323980033398,1.0
wanda-u30,wanda,unstructured,0.2993561126373626,14.079897873671388,gate_proj,512,csr,5,0.2991071428571429,12.836289871484041,0.1766616075463802
wanda-u30,wanda,unstructured,0.2993561126373626,14.079897873671388,gate_proj,512,csr_random,5,0.2991071428571429,12.906509730964899,0.17567110213687326
wanda-u30,wanda,unstructured,0.2993561126373626,14.079897873671388,gate_proj,512,csr_rowmajor,5,0.2991071428571429,12.96168128028512,0.17817563015347612
wanda-u30,wanda,unstructured,0.2993561126373626,14.079897873671388,gate_proj,512,dense,5,0.2991071428571429,2.266616001725197,1.0
wanda-u30,wanda,unstructured,0.2993561126373626,14.079897873671388,k_proj,1,csr,5,0.2991071428571429,0.03332076594233513,0.206204806616805
wanda-u30,wanda,unstructured,0.2993561126373626,14.079897873671388,k_proj,1,csr_random,5,0.2991071428571429,0.033332034945487976,0.20612857316107522
wanda-u30,wanda,unstructured,0.2993561126373626,14.079897873671388,k_proj,1,csr_rowmajor,5,0.2991071428571429,0.03160182386636734,0.21745482155988152
wanda-u30,wanda,unstructured,0.2993561126373626,14.079897873671388,k_proj,1,dense,5,0.2991071428571429,0.006870552897453308,1.0
wanda-u30,wanda,unstructured,0.2993561126373626,14.079897873671388,k_proj,8,csr,5,0.2991071428571429,0.04627741873264313,0.2530746954864814
wanda-u30,wanda,unstructured,0.2993561126373626,14.079897873671388,k_proj,8,csr_random,5,0.2991071428571429,0.04628608003258705,0.2530245846153986
wanda-u30,wanda,unstructured,0.2993561126373626,14.079897873671388,k_proj,8,csr_rowmajor,5,0.2991071428571429,0.02729184925556183,0.4291381669332049
wanda-u30,wanda,unstructured,0.2993561126373626,14.079897873671388,k_proj,8,dense,5,0.2991071428571429,0.011711567640304565,1.0
wanda-u30,wanda,unstructured,0.2993561126373626,14.079897873671388,k_proj,32,csr,5,0.2991071428571429,0.0809086486697197,0.19933325907100238
wanda-u30,wanda,unstructured,0.2993561126373626,14.079897873671388,k_proj,32,csr_random,5,0.2991071428571429,0.08070860058069229,0.1998396956218133
wanda-u30,wanda,unstructured,0.2993561126373626,14.079897873671388,k_proj,32,csr_rowmajor,5,0.2991071428571429,0.0362493097782135,0.4445751895187927
wanda-u30,wanda,unstructured,0.2993561126373626,14.079897873671388,k_proj,32,dense,5,0.2991071428571429,0.01611188054084778,1.0
wanda-u30,wanda,unstructured,0.2993561126373626,14.079897873671388,k_proj,128,csr,5,0.2991071428571429,0.2517274580895901,0.12708664475776238
wanda-u30,wanda,unstructured,0.2993561126373626,14.079897873671388,k_proj,128,csr_random,5,0.2991071428571429,0.2571285702288151,0.12432971573647848
wanda-u30,wanda,unstructured,0.2993561126373626,14.079897873671388,k_proj,128,csr_rowmajor,5,0.2991071428571429,0.09999647736549377,0.3360808583181237
wanda-u30,wanda,unstructured,0.2993561126373626,14.079897873671388,k_proj,128,dense,5,0.2991071428571429,0.03192052245140076,1.0
wanda-u30,wanda,unstructured,0.2993561126373626,14.079897873671388,k_proj,512,csr,5,0.2991071428571429,1.0705185122787952,0.07635387066719415
wanda-u30,wanda,unstructured,0.2993561126373626,14.079897873671388,k_proj,512,csr_random,5,0.2991071428571429,1.0938008315861225,0.07474166047969678
wanda-u30,wanda,unstructured,0.2993561126373626,14.079897873671388,k_proj,512,csr_rowmajor,5,0.2991071428571429,0.3586946055293083,0.2291600966691078
wanda-u30,wanda,unstructured,0.2993561126373626,14.079897873671388,k_proj,512,dense,5,0.2991071428571429,0.08174628019332886,1.0
wanda-u30,wanda,unstructured,0.2993561126373626,14.079897873671388,o_proj,1,csr,5,0.2991071428571429,0.08138874545693398,0.14115061240639837
wanda-u30,wanda,unstructured,0.2993561126373626,14.079897873671388,o_proj,1,csr_random,5,0.2991071428571429,0.08172187954187393,0.1405623386838329
wanda-u30,wanda,unstructured,0.2993561126373626,14.079897873671388,o_proj,1,csr_rowmajor,5,0.2991071428571429,0.08103828877210617,0.14202926215961556
wanda-u30,wanda,unstructured,0.2993561126373626,14.079897873671388,o_proj,1,dense,5,0.2991071428571429,0.011484883725643158,1.0
wanda-u30,wanda,unstructured,0.2993561126373626,14.079897873671388,o_proj,8,csr,5,0.2991071428571429,0.07218997925519943,0.4599889847188424
wanda-u30,wanda,unstructured,0.2993561126373626,14.079897873671388,o_proj,8,csr_random,5,0.2991071428571429,0.07231822237372398,0.45874415531083795
wanda-u30,wanda,unstructured,0.2993561126373626,14.079897873671388,o_proj,8,csr_rowmajor,5,0.2991071428571429,0.05229823291301727,0.6350071745131531
wanda-u30,wanda,unstructured,0.2993561126373626,14.079897873671388,o_proj,8,dense,5,0.2991071428571429,0.03316439688205719,1.0
wanda-u30,wanda,unstructured,0.2993561126373626,14.079897873671388,o_proj,32,csr,5,0.2991071428571429,0.15620291233062744,0.3343567329145958
wanda-u30,wanda,unstructured,0.2993561126373626,14.079897873671388,o_proj,32,csr_random,5,0.2991071428571429,0.1572510227560997,0.3321422378583067
wanda-u30,wanda,unstructured,0.2993561126373626,14.079897873671388,o_proj,32,csr_rowmajor,5,0.2991071428571429,0.11320170015096664,0.46140683980865776
wanda-u30,wanda,unstructured,0.2993561126373626,14.079897873671388,o_proj,32,dense,5,0.2991071428571429,0.05222167819738388,1.0
wanda-u30,wanda,unstructured,0.2993561126373626,14.079897873671388,o_proj,128,csr,5,0.2991071428571429,0.7555659860372543,0.1772924967191388
wanda-u30,wanda,unstructured,0.2993561126373626,14.079897873671388,o_proj,128,csr_random,5,0.2991071428571429,0.8435304276645184,0.1529066263400024
wanda-u30,wanda,unstructured,0.2993561126373626,14.079897873671388,o_proj,128,csr_rowmajor,5,0.2991071428571429,0.3706661984324455,0.3456007030895457
wanda-u30,wanda,unstructured,0.2993561126373626,14.079897873671388,o_proj,128,dense,5,0.2991071428571429,0.12810016050934792,1.0
wanda-u30,wanda,unstructured,0.2993561126373626,14.079897873671388,o_proj,512,csr,5,0.2991071428571429,2.921469695866108,0.1525833977024778
wanda-u30,wanda,unstructured,0.2993561126373626,14.079897873671388,o_proj,512,csr_random,5,0.2991071428571429,2.9736225493252277,0.14983698506202892
wanda-u30,wanda,unstructured,0.2993561126373626,14.079897873671388,o_proj,512,csr_rowmajor,5,0.2991071428571429,2.373965922743082,0.1885185601424955
wanda-u30,wanda,unstructured,0.2993561126373626,14.079897873671388,o_proj,512,dense,5,0.2991071428571429,0.4413318820297718,1.0
wanda-u30,wanda,unstructured,0.2993561126373626,14.079897873671388,q_proj,1,csr,5,0.2991071428571429,0.08033197373151779,0.14365423405543817
wanda-u30,wanda,unstructured,0.2993561126373626,14.079897873671388,q_proj,1,csr_random,5,0.2991071428571429,0.0776871107518673,0.14796982977319786
wanda-u30,wanda,unstructured,0.2993561126373626,14.079897873671388,q_proj,1,csr_rowmajor,5,0.2991071428571429,0.07876725867390633,0.14656539734725538
wanda-u30,wanda,unstructured,0.2993561126373626,14.079897873671388,q_proj,1,dense,5,0.2991071428571429,0.011491216719150543,1.0
wanda-u30,wanda,unstructured,0.2993561126373626,14.079897873671388,q_proj,8,csr,5,0.2991071428571429,0.06961040198802948,0.4766338224865664
wanda-u30,wanda,unstructured,0.2993561126373626,14.079897873671388,q_proj,8,csr_random,5,0.2991071428571429,0.06939498707652092,0.4779972629606147
wanda-u30,wanda,unstructured,0.2993561126373626,14.079897873671388,q_proj,8,csr_rowmajor,5,0.2991071428571429,0.05006520077586174,0.6629328690967525
wanda-u30,wanda,unstructured,0.2993561126373626,14.079897873671388,q_proj,8,dense,5,0.2991071428571429,0.03316253423690796,1.0
wanda-u30,wanda,unstructured,0.2993561126373626,14.079897873671388,q_proj,32,csr,5,0.2991071428571429,0.15503447502851486,0.3369611970666806
wanda-u30,wanda,unstructured,0.2993561126373626,14.079897873671388,q_proj,32,csr_random,5,0.2991071428571429,0.1565800979733467,0.3336675542494063
wanda-u30,wanda,unstructured,0.2993561126373626,14.079897873671388,q_proj,32,csr_rowmajor,5,0.2991071428571429,0.11168047785758972,0.4678404771623938
wanda-u30,wanda,unstructured,0.2993561126373626,14.079897873671388,q_proj,32,dense,5,0.2991071428571429,0.05223546177148819,1.0
wanda-u30,wanda,unstructured,0.2993561126373626,14.079897873671388,q_proj,128,csr,5,0.2991071428571429,0.5467904731631279,0.23449828034081124
wanda-u30,wanda,unstructured,0.2993561126373626,14.079897873671388,q_proj,128,csr_random,5,0.2991071428571429,0.5857817828655243,0.2224231726821405
wanda-u30,wanda,unstructured,0.2993561126373626,14.079897873671388,q_proj,128,csr_rowmajor,5,0.2991071428571429,0.368636567145586,0.3477282394161455
wanda-u30,wanda,unstructured,0.2993561126373626,14.079897873671388,q_proj,128,dense,5,0.2991071428571429,0.12817969545722008,1.0
wanda-u30,wanda,unstructured,0.2993561126373626,14.079897873671388,q_proj,512,csr,5,0.2991071428571429,3.3074275590479374,0.1359607818669944
wanda-u30,wanda,unstructured,0.2993561126373626,14.079897873671388,q_proj,512,csr_random,5,0.2991071428571429,3.334550652652979,0.13469458869472342
wanda-u30,wanda,unstructured,0.2993561126373626,14.079897873671388,q_proj,512,csr_rowmajor,5,0.2991071428571429,2.370012551546097,0.1906871561226414
wanda-u30,wanda,unstructured,0.2993561126373626,14.079897873671388,q_proj,512,dense,5,0.2991071428571429,0.441525224596262,1.0
wanda-u30,wanda,unstructured,0.2993561126373626,14.079897873671388,up_proj,1,csr,5,0.2991071428571429,0.5378543399274349,0.0807068643869931
wanda-u30,wanda,unstructured,0.2993561126373626,14.079897873671388,up_proj,1,csr_random,5,0.2991071428571429,0.5712741985917091,0.07643155190223473
wanda-u30,wanda,unstructured,0.2993561126373626,14.079897873671388,up_proj,1,csr_rowmajor,5,0.2991071428571429,0.5328292027115822,0.08146663334835204
wanda-u30,wanda,unstructured,0.2993561126373626,14.079897873671388,up_proj,1,dense,5,0.2991071428571429,0.04360564053058624,1.0
wanda-u30,wanda,unstructured,0.2993561126373626,14.079897873671388,up_proj,8,csr,5,0.2991071428571429,0.4839180037379265,0.22115047915231872
wanda-u30,wanda,unstructured,0.2993561126373626,14.079897873671388,up_proj,8,csr_random,5,0.2991071428571429,0.52061527967453,0.20748066445128632
wanda-u30,wanda,unstructured,0.2993561126373626,14.079897873671388,up_proj,8,csr_rowmajor,5,0.2991071428571429,0.45887595042586327,0.23333044570475836
wanda-u30,wanda,unstructured,0.2993561126373626,14.079897873671388,up_proj,8,dense,5,0.2991071428571429,0.10770987719297409,1.0
wanda-u30,wanda,unstructured,0.2993561126373626,14.079897873671388,up_proj,32,csr,5,0.2991071428571429,0.822287704795599,0.2864608531485432
wanda-u30,wanda,unstructured,0.2993561126373626,14.079897873671388,up_proj,32,csr_random,5,0.2991071428571429,0.8022614754736423,0.29255295275900034
wanda-u30,wanda,unstructured,0.2993561126373626,14.079897873671388,up_proj,32,csr_rowmajor,5,0.2991071428571429,0.7772766053676605,0.3028602715970937
wanda-u30,wanda,unstructured,0.2993561126373626,14.079897873671388,up_proj,32,dense,5,0.2991071428571429,0.23462120443582535,1.0
wanda-u30,wanda,unstructured,0.2993561126373626,14.079897873671388,up_proj,128,csr,5,0.2991071428571429,2.3239470086991787,0.33366840546178317
wanda-u30,wanda,unstructured,0.2993561126373626,14.079897873671388,up_proj,128,csr_random,5,0.2991071428571429,2.3445365019142628,0.3306728128822057
wanda-u30,wanda,unstructured,0.2993561126373626,14.079897873671388,up_proj,128,csr_rowmajor,5,0.2991071428571429,2.301687281578779,0.3383017899809258
wanda-u30,wanda,unstructured,0.2993561126373626,14.079897873671388,up_proj,128,dense,5,0.2991071428571429,0.77624237164855,1.0
wanda-u30,wanda,unstructured,0.2993561126373626,14.079897873671388,up_proj,512,csr,5,0.2991071428571429,12.734513357281685,0.1771766429430034
wanda-u30,wanda,unstructured,0.2993561126373626,14.079897873671388,up_proj,512,csr_random,5,0.2991071428571429,12.816464621573687,0.17598536221363864
wanda-u30,wanda,unstructured,0.2993561126373626,14.079897873671388,up_proj,512,csr_rowmajor,5,0.2991071428571429,11.955112963914871,0.188485951863106
wanda-u30,wanda,unstructured,0.2993561126373626,14.079897873671388,up_proj,512,dense,5,0.2991071428571429,2.253155317157507,1.0
wanda-u30,wanda,unstructured,0.2993561126373626,14.079897873671388,v_proj,1,csr,5,0.2991071428571429,0.033556949347257614,0.20429742036620094
wanda-u30,wanda,unstructured,0.2993561126373626,14.079897873671388,v_proj,1,csr_random,5,0.2991071428571429,0.03375057131052017,0.20316323086321775
wanda-u30,wanda,unstructured,0.2993561126373626,14.079897873671388,v_proj,1,csr_rowmajor,5,0.2991071428571429,0.031675584614276886,0.21644415984992876
wanda-u30,wanda,unstructured,0.2993561126373626,14.079897873671388,v_proj,1,dense,5,0.2991071428571429,0.006854347884654999,1.0
wanda-u30,wanda,unstructured,0.2993561126373626,14.079897873671388,v_proj,8,csr,5,0.2991071428571429,0.04618559032678604,0.2526008718081533
wanda-u30,wanda,unstructured,0.2993561126373626,14.079897873671388,v_proj,8,csr_random,5,0.2991071428571429,0.04624854773283005,0.25225607948201856
wanda-u30,wanda,unstructured,0.2993561126373626,14.079897873671388,v_proj,8,csr_rowmajor,5,0.2991071428571429,0.027282163500785828,0.4276067652246819
wanda-u30,wanda,unstructured,0.2993561126373626,14.079897873671388,v_proj,8,dense,5,0.2991071428571429,0.011665746569633484,1.0
wanda-u30,wanda,unstructured,0.2993561126373626,14.079897873671388,v_proj,32,csr,5,0.2991071428571429,0.07899822667241096,0.20410367328093687
wanda-u30,wanda,unstructured,0.2993561126373626,14.079897873671388,v_proj,32,csr_random,5,0.2991071428571429,0.07937168702483177,0.20319427973936405
wanda-u30,wanda,unstructured,0.2993561126373626,14.079897873671388,v_proj,32,csr_rowmajor,5,0.2991071428571429,0.03602541983127594,0.447101454155983
wanda-u30,wanda,unstructured,0.2993561126373626,14.079897873671388,v_proj,32,dense,5,0.2991071428571429,0.01610666513442993,1.0
wanda-u30,wanda,unstructured,0.2993561126373626,14.079897873671388,v_proj,128,csr,5,0.2991071428571429,0.24613132700324059,0.1298149734068062
wanda-u30,wanda,unstructured,0.2993561126373626,14.079897873671388,v_proj,128,csr_random,5,0.2991071428571429,0.2504521980881691,0.1275749242820315
wanda-u30,wanda,unstructured,0.2993561126373626,14.079897873671388,v_proj,128,csr_rowmajor,5,0.2991071428571429,0.0768197700381279,0.4159724804248904
wanda-u30,wanda,unstructured,0.2993561126373626,14.079897873671388,v_proj,128,dense,5,0.2991071428571429,0.0319506973028183,1.0
wanda-u30,wanda,unstructured,0.2993561126373626,14.079897873671388,v_proj,512,csr,5,0.2991071428571429,1.1091037653386593,0.07427980279498865
wanda-u30,wanda,unstructured,0.2993561126373626,14.079897873671388,v_proj,512,csr_random,5,0.2991071428571429,1.1398929171264172,0.07226457235553803
wanda-u30,wanda,unstructured,0.2993561126373626,14.079897873671388,v_proj,512,csr_rowmajor,5,0.2991071428571429,0.3439269959926605,0.23912562012523214
wanda-u30,wanda,unstructured,0.2993561126373626,14.079897873671388,v_proj,512,dense,5,0.2991071428571429,0.08221790194511414,1.0
wanda-u50,wanda,unstructured,0.5,23.22864353047331,down_proj,1,csr,5,0.5,0.3699558787047863,0.1270497604052579
wanda-u50,wanda,unstructured,0.5,23.22864353047331,down_proj,1,csr_random,5,0.5,0.36618042504414916,0.12809003530270902
wanda-u50,wanda,unstructured,0.5,23.22864353047331,down_proj,1,csr_rowmajor,5,0.5,0.3670834004878998,0.12792944362351016
wanda-u50,wanda,unstructured,0.5,23.22864353047331,down_proj,1,dense,5,0.5,0.046979403123259544,1.0
wanda-u50,wanda,unstructured,0.5,23.22864353047331,down_proj,8,csr,5,0.5,0.3442218992859125,0.41114718672265776
wanda-u50,wanda,unstructured,0.5,23.22864353047331,down_proj,8,csr_random,5,0.5,0.33968366915360093,0.4165741421832543
wanda-u50,wanda,unstructured,0.5,23.22864353047331,down_proj,8,csr_rowmajor,5,0.5,0.26508058654144406,0.5337727999625501
wanda-u50,wanda,unstructured,0.5,23.22864353047331,down_proj,8,dense,5,0.5,0.1414088997989893,1.0
wanda-u50,wanda,unstructured,0.5,23.22864353047331,down_proj,32,csr,5,0.5,0.883760186843574,0.5192248761608402
wanda-u50,wanda,unstructured,0.5,23.22864353047331,down_proj,32,csr_random,5,0.5,0.8937113103456795,0.5133407959009357
wanda-u50,wanda,unstructured,0.5,23.22864353047331,down_proj,32,csr_rowmajor,5,0.5,0.615044787991792,0.7455153529042661
wanda-u50,wanda,unstructured,0.5,23.22864353047331,down_proj,32,dense,5,0.5,0.4585066228173673,1.0
wanda-u50,wanda,unstructured,0.5,23.22864353047331,down_proj,128,csr,5,0.5,5.136761208996177,0.11902956141353054
wanda-u50,wanda,unstructured,0.5,23.22864353047331,down_proj,128,csr_random,5,0.5,5.19481326919049,0.11769743958794494
wanda-u50,wanda,unstructured,0.5,23.22864353047331,down_proj,128,csr_rowmajor,5,0.5,4.382212983909994,0.13959373643925596
wanda-u50,wanda,unstructured,0.5,23.22864353047331,down_proj,128,dense,5,0.5,0.6114235031418502,1.0
wanda-u50,wanda,unstructured,0.5,23.22864353047331,down_proj,512,csr,5,0.5,20.003860513679683,0.13769492937035713
wanda-u50,wanda,unstructured,0.5,23.22864353047331,down_proj,512,csr_random,5,0.5,20.02981749828905,0.13750563601159632
wanda-u50,wanda,unstructured,0.5,23.22864353047331,down_proj,512,csr_rowmajor,5,0.5,16.573986189905554,0.16594612339624482
wanda-u50,wanda,unstructured,0.5,23.22864353047331,down_proj,512,dense,5,0.5,2.749079803470522,1.0
wanda-u50,wanda,unstructured,0.5,23.22864353047331,gate_proj,1,csr,5,0.5,0.3351308638229966,0.11097974521105107
wanda-u50,wanda,unstructured,0.5,23.22864353047331,gate_proj,1,csr_random,5,0.5,0.33709248527884483,0.11033453921234658
wanda-u50,wanda,unstructured,0.5,23.22864353047331,gate_proj,1,csr_rowmajor,5,0.5,0.3321350086480379,0.11198849701269134
wanda-u50,wanda,unstructured,0.5,23.22864353047331,gate_proj,1,dense,5,0.5,0.037215021438896656,1.0
wanda-u50,wanda,unstructured,0.5,23.22864353047331,gate_proj,8,csr,5,0.5,0.2777061890810728,0.311836889401456
wanda-u50,wanda,unstructured,0.5,23.22864353047331,gate_proj,8,csr_random,5,0.5,0.2810581121593714,0.3080899759599299
wanda-u50,wanda,unstructured,0.5,23.22864353047331,gate_proj,8,csr_rowmajor,5,0.5,0.25727140018716455,0.3366161912498774
wanda-u50,wanda,unstructured,0.5,23.22864353047331,gate_proj,8,dense,5,0.5,0.08681849576532841,1.0
wanda-u50,wanda,unstructured,0.5,23.22864353047331,gate_proj,32,csr,5,0.5,0.5191660020500422,0.8735252567326595
wanda-u50,wanda,unstructured,0.5,23.22864353047331,gate_proj,32,csr_random,5,0.5,0.5189677118323743,0.8738019316808114
wanda-u50,wanda,unstructured,0.5,23.22864353047331,gate_proj,32,csr_rowmajor,5,0.5,0.47726110788062215,0.9501820492913116
wanda-u50,wanda,unstructured,0.5,23.22864353047331,gate_proj,32,dense,5,0.5,0.4534477018751204,1.0
wanda-u50,wanda,unstructured,0.5,23.22864353047331,gate_proj,128,csr,5,0.5,1.7106098355725408,0.44726856890564326
wanda-u50,wanda,unstructured,0.5,23.22864353047331,gate_proj,128,csr_random,5,0.5,1.7165723023936152,0.44571307730785203
wanda-u50,wanda,unstructured,0.5,23.22864353047331,gate_proj,128,csr_rowmajor,5,0.5,1.6108747804537416,0.47546269191578006
wanda-u50,wanda,unstructured,0.5,23.22864353047331,gate_proj,128,dense,5,0.5,0.7647647638805211,1.0
wanda-u50,wanda,unstructured,0.5,23.22864353047331,gate_proj,512,csr,5,0.5,7.904156309086829,0.2829224082202806
wanda-u50,wanda,unstructured,0.5,23.22864353047331,gate_proj,512,csr_random,5,0.5,8.066322305239737,0.27720477335496696
wanda-u50,wanda,unstructured,0.5,23.22864353047331,gate_proj,512,csr_rowmajor,5,0.5,8.245639118831605,0.27750453879953063
wanda-u50,wanda,unstructured,0.5,23.22864353047331,gate_proj,512,dense,5,0.5,2.2359576891176403,1.0
wanda-u50,wanda,unstructured,0.5,23.22864353047331,k_proj,1,csr,5,0.5,0.030067190527915955,0.23903630284891303
wanda-u50,wanda,unstructured,0.5,23.22864353047331,k_proj,1,csr_random,5,0.5,0.03002260345965624,0.2393750625689399
wanda-u50,wanda,unstructured,0.5,23.22864353047331,k_proj,1,csr_rowmajor,5,0.5,0.027993647381663322,0.25672520202842725
wanda-u50,wanda,unstructured,0.5,23.22864353047331,k_proj,1,dense,5,0.5,0.007186434231698513,1.0
wanda-u50,wanda,unstructured,0.5,23.22864353047331,k_proj,8,csr,5,0.5,0.044397078454494476,0.3933626601197468
wanda-u50,wanda,unstructured,0.5,23.22864353047331,k_proj,8,csr_random,5,0.5,0.0442883581854403,0.3943290863955454
wanda-u50,wanda,unstructured,0.5,23.22864353047331,k_proj,8,csr_rowmajor,5,0.5,0.025800219736993313,0.6768040708060196
wanda-u50,wanda,unstructured,0.5,23.22864353047331,k_proj,8,dense,5,0.5,0.017461017705500126,1.0
wanda-u50,wanda,unstructured,0.5,23.22864353047331,k_proj,32,csr,5,0.5,0.07531479932367802,0.29661015909809607
wanda-u50,wanda,unstructured,0.5,23.22864353047331,k_proj,32,csr_random,5,0.5,0.07524967659264803,0.29689291038552407
wanda-u50,wanda,unstructured,0.5,23.22864353047331,k_proj,32,csr_rowmajor,5,0.5,0.030766380950808525,0.7251551197339564
wanda-u50,wanda,unstructured,0.5,23.22864353047331,k_proj,32,dense,5,0.5,0.022299715783447027,1.0
wanda-u50,wanda,unstructured,0.5,23.22864353047331,k_proj,128,csr,5,0.5,0.23245880147442222,0.1911930320255581
wanda-u50,wanda,unstructured,0.5,23.22864353047331,k_proj,128,csr_random,5,0.5,0.2353865886107087,0.18881781399285077
wanda-u50,wanda,unstructured,0.5,23.22864353047331,k_proj,128,csr_rowmajor,5,0.5,0.07031518034636974,0.6348343217381613
wanda-u50,wanda,unstructured,0.5,23.22864353047331,k_proj,128,dense,5,0.5,0.04442920908331871,1.0
wanda-u50,wanda,unstructured,0.5,23.22864353047331,k_proj,512,csr,5,0.5,0.9866524604149163,0.1044987107646336
wanda-u50,wanda,unstructured,0.5,23.22864353047331,k_proj,512,csr_random,5,0.5,0.9997245040722191,0.10313057822238175
wanda-u50,wanda,unstructured,0.5,23.22864353047331,k_proj,512,csr_rowmajor,5,0.5,0.26283765910193324,0.3938235965387055
wanda-u50,wanda,unstructured,0.5,23.22864353047331,k_proj,512,dense,5,0.5,0.1031060004606843,1.0
wanda-u50,wanda,unstructured,0.5,23.22864353047331,o_proj,1,csr,5,0.5,0.06764798890799284,0.17171902311492193
wanda-u50,wanda,unstructured,0.5,23.22864353047331,o_proj,1,csr_random,5,0.5,0.06572871934622526,0.1766558858697149
wanda-u50,wanda,unstructured,0.5,23.22864353047331,o_proj,1,csr_rowmajor,5,0.5,0.0655073905363679,0.17729130190018355
wanda-u50,wanda,unstructured,0.5,23.22864353047331,o_proj,1,dense,5,0.5,0.011610169894993305,1.0
wanda-u50,wanda,unstructured,0.5,23.22864353047331,o_proj,8,csr,5,0.5,0.06451960653066635,1.1474706525009233
wanda-u50,wanda,unstructured,0.5,23.22864353047331,o_proj,8,csr_random,5,0.5,0.06453498499467969,1.1472198516209255
wanda-u50,wanda,unstructured,0.5,23.22864353047331,o_proj,8,csr_rowmajor,5,0.5,0.04529980942606926,1.6345005156013521
wanda-u50,wanda,unstructured,0.5,23.22864353047331,o_proj,8,dense,5,0.5,0.07402970222756267,1.0
wanda-u50,wanda,unstructured,0.5,23.22864353047331,o_proj,32,csr,5,0.5,0.1368574914522469,0.6844419777108577
wanda-u50,wanda,unstructured,0.5,23.22864353047331,o_proj,32,csr_random,5,0.5,0.13683378929272294,0.6845921506654721
wanda-u50,wanda,unstructured,0.5,23.22864353047331,o_proj,32,csr_rowmajor,5,0.5,0.09331172332167625,1.003859987886072
wanda-u50,wanda,unstructured,0.5,23.22864353047331,o_proj,32,dense,5,0.5,0.09367009624838829,1.0
wanda-u50,wanda,unstructured,0.5,23.22864353047331,o_proj,128,csr,5,0.5,0.4619926796294749,0.3724754109807983
wanda-u50,wanda,unstructured,0.5,23.22864353047331,o_proj,128,csr_random,5,0.5,0.46667567221447825,0.3687282046463891
wanda-u50,wanda,unstructured,0.5,23.22864353047331,o_proj,128,csr_rowmajor,5,0.5,0.30184800270944834,0.5700951401959315
wanda-u50,wanda,unstructured,0.5,23.22864353047331,o_proj,128,dense,5,0.5,0.1720741973258555,1.0
wanda-u50,wanda,unstructured,0.5,23.22864353047331,o_proj,512,csr,5,0.5,2.0676139974966645,0.21718923628115827
wanda-u50,wanda,unstructured,0.5,23.22864353047331,o_proj,512,csr_random,5,0.5,2.1353503922000527,0.2103650053754076
wanda-u50,wanda,unstructured,0.5,23.22864353047331,o_proj,512,csr_rowmajor,5,0.5,1.3722938601858914,0.3277815380705971
wanda-u50,wanda,unstructured,0.5,23.22864353047331,o_proj,512,dense,5,0.5,0.4487619851715863,1.0
wanda-u50,wanda,unstructured,0.5,23.22864353047331,q_proj,1,csr,5,0.5,0.06589916301891208,0.1761952869841425
wanda-u50,wanda,unstructured,0.5,23.22864353047331,q_proj,1,csr_random,5,0.5,0.06523741176351905,0.17792342879701628
wanda-u50,wanda,unstructured,0.5,23.22864353047331,q_proj,1,csr_rowmajor,5,0.5,0.06395853124558926,0.18155651005124776
wanda-u50,wanda,unstructured,0.5,23.22864353047331,q_proj,1,dense,5,0.5,0.01160439569503069,1.0
wanda-u50,wanda,unstructured,0.5,23.22864353047331,q_proj,8,csr,5,0.5,0.0645295949652791,1.1475277865351818
wanda-u50,wanda,unstructured,0.5,23.22864353047331,q_proj,8,csr_random,5,0.5,0.06457231938838959,1.1468307011108956
wanda-u50,wanda,unstructured,0.5,23.22864353047331,q_proj,8,csr_rowmajor,5,0.5,0.045385409612208605,1.6315340368664302
wanda-u50,wanda,unstructured,0.5,23.22864353047331,q_proj,8,dense,5,0.5,0.07404738571494818,1.0
wanda-u50,wanda,unstructured,0.5,23.22864353047331,q_proj,32,csr,5,0.5,0.1364164287224412,0.6869155211648048
wanda-u50,wanda,unstructured,0.5,23.22864353047331,q_proj,32,csr_random,5,0.5,0.136792310513556,0.6850223809800857
wanda-u50,wanda,unstructured,0.5,23.22864353047331,q_proj,32,csr_rowmajor,5,0.5,0.09309040615335107,1.0067259604098706
wanda-u50,wanda,unstructured,0.5,23.22864353047331,q_proj,32,dense,5,0.5,0.0937027856707573,1.0
wanda-u50,wanda,unstructured,0.5,23.22864353047331,q_proj,128,csr,5,0.5,0.4578304127790034,0.37613993691110426
wanda-u50,wanda,unstructured,0.5,23.22864353047331,q_proj,128,csr_random,5,0.5,0.4613588913343847,0.37324013430500885
wanda-u50,wanda,unstructured,0.5,23.22864353047331,q_proj,128,csr_rowmajor,5,0.5,0.29700183076784015,0.5804214657212421
wanda-u50,wanda,unstructured,0.5,23.22864353047331,q_proj,128,dense,5,0.5,0.1721557811833918,1.0
wanda-u50,wanda,unstructured,0.5,23.22864353047331,q_proj,512,csr,5,0.5,2.179280307609588,0.20713489079089467
wanda-u50,wanda,unstructured,0.5,23.22864353047331,q_proj,512,csr_random,5,0.5,2.263196720741689,0.1993835145145826
wanda-u50,wanda,unstructured,0.5,23.22864353047331,q_proj,512,csr_rowmajor,5,0.5,1.6325610922649503,0.2807556040648281
wanda-u50,wanda,unstructured,0.5,23.22864353047331,q_proj,512,dense,5,0.5,0.4478459246456623,1.0
wanda-u50,wanda,unstructured,0.5,23.22864353047331,up_proj,1,csr,5,0.5,0.3354378277435899,0.11092597978451084
wanda-u50,wanda,unstructured,0.5,23.22864353047331,up_proj,1,csr_random,5,0.5,0.33323977841064334,0.11165237739926226
wanda-u50,wanda,unstructured,0.5,23.22864353047331,up_proj,1,csr_rowmajor,5,0.5,0.33157230354845524,0.11223290060003106
wanda-u50,wanda,unstructured,0.5,23.22864353047331,up_proj,1,dense,5,0.5,0.037191587034612894,1.0
wanda-u50,wanda,unstructured,0.5,23.22864353047331,up_proj,8,csr,5,0.5,0.27387531008571386,0.3156845516281127
wanda-u50,wanda,unstructured,0.5,23.22864353047331,up_proj,8,csr_random,5,0.5,0.2777354675345123,0.31145600089163217
wanda-u50,wanda,unstructured,0.5,23.22864353047331,up_proj,8,csr_rowmajor,5,0.5,0.2532274229452014,0.34156467406509994
wanda-u50,wanda,unstructured,0.5,23.22864353047331,up_proj,8,dense,5,0.5,0.08634636178612709,1.0
wanda-u50,wanda,unstructured,0.5,23.22864353047331,up_proj,32,csr,5,0.5,0.5142369889654219,0.8821928300062192
wanda-u50,wanda,unstructured,0.5,23.22864353047331,up_proj,32,csr_random,5,0.5,0.5163573194295168,0.8785582480304972
wanda-u50,wanda,unstructured,0.5,23.22864353047331,up_proj,32,csr_rowmajor,5,0.5,0.47373741399496794,0.9575978388785268
wanda-u50,wanda,unstructured,0.5,23.22864353047331,up_proj,32,dense,5,0.5,0.4536361899226904,1.0
wanda-u50,wanda,unstructured,0.5,23.22864353047331,up_proj,128,csr,5,0.5,1.7157322028651834,0.44506411047003586
wanda-u50,wanda,unstructured,0.5,23.22864353047331,up_proj,128,csr_random,5,0.5,1.7180905095301569,0.44445150649186616
wanda-u50,wanda,unstructured,0.5,23.22864353047331,up_proj,128,csr_rowmajor,5,0.5,1.6429512994363904,0.4644171664397333
wanda-u50,wanda,unstructured,0.5,23.22864353047331,up_proj,128,dense,5,0.5,0.7630230975337327,1.0
wanda-u50,wanda,unstructured,0.5,23.22864353047331,up_proj,512,csr,5,0.5,9.339786798227578,0.2459008321517215
wanda-u50,wanda,unstructured,0.5,23.22864353047331,up_proj,512,csr_random,5,0.5,9.379877580795437,0.244586712086982
wanda-u50,wanda,unstructured,0.5,23.22864353047331,up_proj,512,csr_rowmajor,5,0.5,8.39992972323671,0.2682555361945811
wanda-u50,wanda,unstructured,0.5,23.22864353047331,up_proj,512,dense,5,0.5,2.230706822592765,1.0
wanda-u50,wanda,unstructured,0.5,23.22864353047331,v_proj,1,csr,5,0.5,0.030236225575208664,0.24498489696937245
wanda-u50,wanda,unstructured,0.5,23.22864353047331,v_proj,1,csr_random,5,0.5,0.029898493085056543,0.24772922410808382
wanda-u50,wanda,unstructured,0.5,23.22864353047331,v_proj,1,csr_rowmajor,5,0.5,0.028111878782510757,0.26348752401183656
wanda-u50,wanda,unstructured,0.5,23.22864353047331,v_proj,1,dense,5,0.5,0.007406226359307766,1.0
wanda-u50,wanda,unstructured,0.5,23.22864353047331,v_proj,8,csr,5,0.5,0.04445379599928856,0.3931110295218969
wanda-u50,wanda,unstructured,0.5,23.22864353047331,v_proj,8,csr_random,5,0.5,0.04424483049660921,0.3949526345977184
wanda-u50,wanda,unstructured,0.5,23.22864353047331,v_proj,8,csr_rowmajor,5,0.5,0.02582299057394266,0.6766073816852333
wanda-u50,wanda,unstructured,0.5,23.22864353047331,v_proj,8,dense,5,0.5,0.017470389138907194,1.0
wanda-u50,wanda,unstructured,0.5,23.22864353047331,v_proj,32,csr,5,0.5,0.07698052795603871,0.2903428739845519
wanda-u50,wanda,unstructured,0.5,23.22864353047331,v_proj,32,csr_random,5,0.5,0.07511141011491418,0.2973267561328901
wanda-u50,wanda,unstructured,0.5,23.22864353047331,v_proj,32,csr_rowmajor,5,0.5,0.030814216006547213,0.7244421934888226
wanda-u50,wanda,unstructured,0.5,23.22864353047331,v_proj,32,dense,5,0.5,0.022304174490273,1.0
wanda-u50,wanda,unstructured,0.5,23.22864353047331,v_proj,128,csr,5,0.5,0.2345512853935361,0.18976415167039784
wanda-u50,wanda,unstructured,0.5,23.22864353047331,v_proj,128,csr_random,5,0.5,0.23594768717885017,0.1886127932467853
wanda-u50,wanda,unstructured,0.5,23.22864353047331,v_proj,128,csr_rowmajor,5,0.5,0.06986339576542377,0.6379466526133417
wanda-u50,wanda,unstructured,0.5,23.22864353047331,v_proj,128,dense,5,0.5,0.04449867410585284,1.0
wanda-u50,wanda,unstructured,0.5,23.22864353047331,v_proj,512,csr,5,0.5,0.9761944296769798,0.10590533042820578
wanda-u50,wanda,unstructured,0.5,23.22864353047331,v_proj,512,csr_random,5,0.5,0.9894151007756591,0.10450587156634047
wanda-u50,wanda,unstructured,0.5,23.22864353047331,v_proj,512,csr_rowmajor,5,0.5,0.25758747942745686,0.4025796041578255
wanda-u50,wanda,unstructured,0.5,23.22864353047331,v_proj,512,dense,5,0.5,0.10337278945371509,1.0
wanda-u60,wanda,unstructured,0.5995020604395604,77.3841008413636,down_proj,1,csr,5,0.5999177631578947,0.2766069024801254,0.13584235886081958
wanda-u60,wanda,unstructured,0.5995020604395604,77.3841008413636,down_proj,1,csr_random,5,0.5999177631578947,0.2760663628578186,0.13609375277852656
wanda-u60,wanda,unstructured,0.5995020604395604,77.3841008413636,down_proj,1,csr_rowmajor,5,0.5999177631578947,0.2740669995546341,0.13710036470829975
wanda-u60,wanda,unstructured,0.5995020604395604,77.3841008413636,down_proj,1,dense,5,0.5999177631578947,0.03756582736968994,1.0
wanda-u60,wanda,unstructured,0.5995020604395604,77.3841008413636,down_proj,8,csr,5,0.5999177631578947,0.25712549686431885,0.451061014432387
wanda-u60,wanda,unstructured,0.5995020604395604,77.3841008413636,down_proj,8,csr_random,5,0.5999177631578947,0.2569913864135742,0.45129913804183314
wanda-u60,wanda,unstructured,0.5995020604395604,77.3841008413636,down_proj,8,csr_rowmajor,5,0.5999177631578947,0.18059350550174713,0.6424959476152523
wanda-u60,wanda,unstructured,0.5995020604395604,77.3841008413636,down_proj,8,dense,5,0.5999177631578947,0.11601522564888,1.0
wanda-u60,wanda,unstructured,0.5995020604395604,77.3841008413636,down_proj,32,csr,5,0.5999177631578947,0.5462564527988434,0.835165718459105
wanda-u60,wanda,unstructured,0.5995020604395604,77.3841008413636,down_proj,32,csr_random,5,0.5999177631578947,0.5502384155988693,0.8290869628279268
wanda-u60,wanda,unstructured,0.5995020604395604,77.3841008413636,down_proj,32,csr_rowmajor,5,0.5999177631578947,0.3615237772464752,1.2618223359334508
wanda-u60,wanda,unstructured,0.5995020604395604,77.3841008413636,down_proj,32,dense,5,0.5999177631578947,0.4561658948659897,1.0
wanda-u60,wanda,unstructured,0.5995020604395604,77.3841008413636,down_proj,128,csr,5,0.5999177631578947,3.139558434486389,0.19182997097134893
wanda-u60,wanda,unstructured,0.5995020604395604,77.3841008413636,down_proj,128,csr_random,5,0.5999177631578947,3.2433170825242996,0.18560839827873682
wanda-u60,wanda,unstructured,0.5995020604395604,77.3841008413636,down_proj,128,csr_rowmajor,5,0.5999177631578947,2.1273627877235413,0.28224564842037264
wanda-u60,wanda,unstructured,0.5995020604395604,77.3841008413636,down_proj,128,dense,5,0.5999177631578947,0.6003584712743759,1.0
wanda-u60,wanda,unstructured,0.5995020604395604,77.3841008413636,down_proj,512,csr,5,0.5999177631578947,15.170637145638466,0.17837701984410084
wanda-u60,wanda,unstructured,0.5995020604395604,77.3841008413636,down_proj,512,csr_random,5,0.5999177631578947,15.175158903002739,0.17833928205123134
wanda-u60,wanda,unstructured,0.5995020604395604,77.3841008413636,down_proj,512,csr_rowmajor,5,0.5999177631578947,10.889099910855293,0.2493077423796474
wanda-u60,wanda,unstructured,0.5995020604395604,77.3841008413636,down_proj,512,dense,5,0.5999177631578947,2.7056314051151276,1.0
wanda-u60,wanda,unstructured,0.5995020604395604,77.3841008413636,gate_proj,1,csr,5,0.5993303571428572,0.2391606569290161,0.1506201720071068
wanda-u60,wanda,unstructured,0.5995020604395604,77.3841008413636,gate_proj,1,csr_random,5,0.5993303571428572,0.2390209585428238,0.1507081767843395
wanda-u60,wanda,unstructured,0.5995020604395604,77.3841008413636,gate_proj,1,csr_rowmajor,5,0.5993303571428572,0.23649893701076508,0.15231691877290496
wanda-u60,wanda,unstructured,0.5995020604395604,77.3841008413636,gate_proj,1,dense,5,0.5993303571428572,0.03602281212806702,1.0
wanda-u60,wanda,unstructured,0.5995020604395604,77.3841008413636,gate_proj,8,csr,5,0.5993303571428572,0.19251815974712372,0.43004626411520164
wanda-u60,wanda,unstructured,0.5995020604395604,77.3841008413636,gate_proj,8,csr_random,5,0.5993303571428572,0.19228458404541016,0.43057595734094073
wanda-u60,wanda,unstructured,0.5995020604395604,77.3841008413636,gate_proj,8,csr_rowmajor,5,0.5993303571428572,0.17363019287586212,0.4768220860317075
wanda-u60,wanda,unstructured,0.5995020604395604,77.3841008413636,gate_proj,8,dense,5,0.5993303571428572,0.08280277252197266,1.0
wanda-u60,wanda,unstructured,0.5995020604395604,77.3841008413636,gate_proj,32,csr,5,0.5993303571428572,0.38574934005737305,1.1740847237880565
wanda-u60,wanda,unstructured,0.5995020604395604,77.3841008413636,gate_proj,32,csr_random,5,0.5993303571428572,0.3868617117404938,1.1707075723497022
wanda-u60,wanda,unstructured,0.5995020604395604,77.3841008413636,gate_proj,32,csr_rowmajor,5,0.5993303571428572,0.3483463078737259,1.3001473192626671
wanda-u60,wanda,unstructured,0.5995020604395604,77.3841008413636,gate_proj,32,dense,5,0.5993303571428572,0.4528868943452835,1.0
wanda-u60,wanda,unstructured,0.5995020604395604,77.3841008413636,gate_proj,128,csr,5,0.5993303571428572,1.3821553438901901,0.5369201614038883
wanda-u60,wanda,unstructured,0.5995020604395604,77.3841008413636,gate_proj,128,csr_random,5,0.5993303571428572,1.385195180773735,0.5357443752393857
wanda-u60,wanda,unstructured,0.5995020604395604,77.3841008413636,gate_proj,128,csr_rowmajor,5,0.5993303571428572,1.2415889650583267,0.5977296658578007
wanda-u60,wanda,unstructured,0.5995020604395604,77.3841008413636,gate_proj,128,dense,5,0.5993303571428572,0.741254910826683,1.0
wanda-u60,wanda,unstructured,0.5995020604395604,77.3841008413636,gate_proj,512,csr,5,0.5993303571428572,6.411582976579666,0.34675981037309517
wanda-u60,wanda,unstructured,0.5995020604395604,77.3841008413636,gate_proj,512,csr_random,5,0.5993303571428572,6.52463398873806,0.3405643906045302
wanda-u60,wanda,unstructured,0.5995020604395604,77.3841008413636,gate_proj,512,csr_rowmajor,5,0.5993303571428572,5.699741095304489,0.38994945888968674
wanda-u60,wanda,unstructured,0.5995020604395604,77.3841008413636,gate_proj,512,dense,5,0.5993303571428572,2.2185344249010086,1.0
wanda-u60,wanda,unstructured,0.5995020604395604,77.3841008413636,k_proj,1,csr,5,0.5993303571428572,0.027798861265182495,0.24843052574422683
wanda-u60,wanda,unstructured,0.5995020604395604,77.3841008413636,k_proj,1,csr_random,5,0.5993303571428572,0.027832016348838806,0.24813264914624888
wanda-u60,wanda,unstructured,0.5995020604395604,77.3841008413636,k_proj,1,csr_rowmajor,5,0.5993303571428572,0.025903433561325073,0.2666051886289545
wanda-u60,wanda,unstructured,0.5995020604395604,77.3841008413636,k_proj,1,dense,5,0.5993303571428572,0.006905943155288696,1.0
wanda-u60,wanda,unstructured,0.5995020604395604,77.3841008413636,k_proj,8,csr,5,0.5993303571428572,0.042338669300079346,0.4099882811450899
wanda-u60,wanda,unstructured,0.5995020604395604,77.3841008413636,k_proj,8,csr_random,5,0.5993303571428572,0.04231482744216919,0.4102205806021278
wanda-u60,wanda,unstructured,0.5995020604395604,77.3841008413636,k_proj,8,csr_rowmajor,5,0.5993303571428572,0.023989006876945496,0.7236019963893606
wanda-u60,wanda,unstructured,0.5995020604395604,77.3841008413636,k_proj,8,dense,5,0.5993303571428572,0.017358362674713135,1.0
wanda-u60,wanda,unstructured,0.5995020604395604,77.3841008413636,k_proj,32,csr,5,0.5993303571428572,0.06863623857498169,0.3181344516714745
wanda-u60,wanda,unstructured,0.5995020604395604,77.3841008413636,k_proj,32,csr_random,5,0.5993303571428572,0.06905682384967804,0.3162099736169872
wanda-u60,wanda,unstructured,0.5995020604395604,77.3841008413636,k_proj,32,csr_rowmajor,5,0.5993303571428572,0.027330219745635986,0.7989537293426606
wanda-u60,wanda,unstructured,0.5995020604395604,77.3841008413636,k_proj,32,dense,5,0.5993303571428572,0.021835416555404663,1.0
wanda-u60,wanda,unstructured,0.5995020604395604,77.3841008413636,k_proj,128,csr,5,0.5993303571428572,0.2193160355091095,0.20011420578343955
wanda-u60,wanda,unstructured,0.5995020604395604,77.3841008413636,k_proj,128,csr_random,5,0.5993303571428572,0.22265836596488953,0.19712928987467224
wanda-u60,wanda,unstructured,0.5995020604395604,77.3841008413636,k_proj,128,csr_rowmajor,5,0.5993303571428572,0.05229152739048004,0.8392715773286291
wanda-u60,wanda,unstructured,0.5995020604395604,77.3841008413636,k_proj,128,dense,5,0.5993303571428572,0.04388391971588135,1.0
wanda-u60,wanda,unstructured,0.5995020604395604,77.3841008413636,k_proj,512,csr,5,0.5993303571428572,0.9156648069620132,0.1120311076335876
wanda-u60,wanda,unstructured,0.5995020604395604,77.3841008413636,k_proj,512,csr_random,5,0.5993303571428572,0.9155873209238052,0.11207007302017187
wanda-u60,wanda,unstructured,0.5995020604395604,77.3841008413636,k_proj,512,csr_rowmajor,5,0.5993303571428572,0.18486902117729187,0.5556533444790229
wanda-u60,wanda,unstructured,0.5995020604395604,77.3841008413636,k_proj,512,dense,5,0.5993303571428572,0.10256282985210419,1.0
wanda-u60,wanda,unstructured,0.5995020604395604,77.3841008413636,o_proj,1,csr,5,0.5993303571428572,0.06037764251232147,0.18878309784719732
wanda-u60,wanda,unstructured,0.5995020604395604,77.3841008413636,o_proj,1,csr_random,5,0.5993303571428572,0.058915093541145325,0.19347104938370346
wanda-u60,wanda,unstructured,0.5995020604395604,77.3841008413636,o_proj,1,csr_rowmajor,5,0.5993303571428572,0.058465078473091125,0.19499922023176905
wanda-u60,wanda,unstructured,0.5995020604395604,77.3841008413636,o_proj,1,dense,5,0.5993303571428572,0.01139715313911438,1.0
wanda-u60,wanda,unstructured,0.5995020604395604,77.3841008413636,o_proj,8,csr,5,0.5993303571428572,0.06273016333580017,1.1765446527771821
wanda-u60,wanda,unstructured,0.5995020604395604,77.3841008413636,o_proj,8,csr_random,5,0.5993303571428572,0.061608850955963135,1.1978633217671506
wanda-u60,wanda,unstructured,0.5995020604395604,77.3841008413636,o_proj,8,csr_rowmajor,5,0.5993303571428572,0.04364922642707825,1.6909136163355736
wanda-u60,wanda,unstructured,0.5995020604395604,77.3841008413636,o_proj,8,dense,5,0.5993303571428572,0.07379427552223206,1.0
wanda-u60,wanda,unstructured,0.5995020604395604,77.3841008413636,o_proj,32,csr,5,0.5993303571428572,0.12332722544670105,0.7544227380678251
wanda-u60,wanda,unstructured,0.5995020604395604,77.3841008413636,o_proj,32,csr_random,5,0.5993303571428572,0.12399479746818542,0.750359398524333
wanda-u60,wanda,unstructured,0.5995020604395604,77.3841008413636,o_proj,32,csr_rowmajor,5,0.5993303571428572,0.0798441469669342,1.1653653314568821
wanda-u60,wanda,unstructured,0.5995020604395604,77.3841008413636,o_proj,32,dense,5,0.5993303571428572,0.09303689002990723,1.0
wanda-u60,wanda,unstructured,0.5995020604395604,77.3841008413636,o_proj,128,csr,5,0.5993303571428572,0.4025854170322418,0.4202745417096709
wanda-u60,wanda,unstructured,0.5995020604395604,77.3841008413636,o_proj,128,csr_random,5,0.5993303571428572,0.4047263413667679,0.41805359271470105
wanda-u60,wanda,unstructured,0.5995020604395604,77.3841008413636,o_proj,128,csr_rowmajor,5,0.5993303571428572,0.22925063967704773,0.7377680364646642
wanda-u60,wanda,unstructured,0.5995020604395604,77.3841008413636,o_proj,128,dense,5,0.5993303571428572,0.16913264989852905,1.0
wanda-u60,wanda,unstructured,0.5995020604395604,77.3841008413636,o_proj,512,csr,5,0.5993303571428572,1.695837825536728,0.2596342450149765
wanda-u60,wanda,unstructured,0.5995020604395604,77.3841008413636,o_proj,512,csr_random,5,0.5993303571428572,1.7570510506629944,0.25074201618143327
wanda-u60,wanda,unstructured,0.5995020604395604,77.3841008413636,o_proj,512,csr_rowmajor,5,0.5993303571428572,1.0914906859397888,0.4075299176862946
wanda-u60,wanda,unstructured,0.5995020604395604,77.3841008413636,o_proj,512,dense,5,0.5993303571428572,0.4400458186864853,1.0
wanda-u60,wanda,unstructured,0.5995020604395604,77.3841008413636,q_proj,1,csr,5,0.5993303571428572,0.059187039732933044,0.19337846963082977
wanda-u60,wanda,unstructured,0.5995020604395604,77.3841008413636,q_proj,1,csr_random,5,0.5993303571428572,0.05847029387950897,0.1956909397623271
wanda-u60,wanda,unstructured,0.5995020604395604,77.3841008413636,q_proj,1,csr_rowmajor,5,0.5993303571428572,0.05732625722885132,0.19963679974734472
wanda-u60,wanda,unstructured,0.5995020604395604,77.3841008413636,q_proj,1,dense,5,0.5993303571428572,0.01144111156463623,1.0
wanda-u60,wanda,unstructured,0.5995020604395604,77.3841008413636,q_proj,8,csr,5,0.5993303571428572,0.06270855665206909,1.177083119412415
wanda-u60,wanda,unstructured,0.5995020604395604,77.3841008413636,q_proj,8,csr_random,5,0.5993303571428572,0.06125159561634064,1.205119401236699
wanda-u60,wanda,unstructured,0.5995020604395604,77.3841008413636,q_proj,8,csr_rowmajor,5,0.5993303571428572,0.0433899462223053,1.7011385733416007
wanda-u60,wanda,unstructured,0.5995020604395604,77.3841008413636,q_proj,8,dense,5,0.5993303571428572,0.07381215691566467,1.0
wanda-u60,wanda,unstructured,0.5995020604395604,77.3841008413636,q_proj,32,csr,5,0.5993303571428572,0.12302286922931671,0.7561093820030389
wanda-u60,wanda,unstructured,0.5995020604395604,77.3841008413636,q_proj,32,csr_random,5,0.5993303571428572,0.1230284571647644,0.7561002665278856
wanda-u60,wanda,unstructured,0.5995020604395604,77.3841008413636,q_proj,32,csr_rowmajor,5,0.5993303571428572,0.08020177483558655,1.1598576362263306
wanda-u60,wanda,unstructured,0.5995020604395604,77.3841008413636,q_proj,32,dense,5,0.5993303571428572,0.09301789104938507,1.0
wanda-u60,wanda,unstructured,0.5995020604395604,77.3841008413636,q_proj,128,csr,5,0.5993303571428572,0.4062846302986145,0.4166749718293364
wanda-u60,wanda,unstructured,0.5995020604395604,77.3841008413636,q_proj,128,csr_random,5,0.5993303571428572,0.4086598753929138,0.4142943075601405
wanda-u60,wanda,unstructured,0.5995020604395604,77.3841008413636,q_proj,128,csr_rowmajor,5,0.5993303571428572,0.2334699034690857,0.7257229411069448
wanda-u60,wanda,unstructured,0.5995020604395604,77.3841008413636,q_proj,128,dense,5,0.5993303571428572,0.16921460628509521,1.0
wanda-u60,wanda,unstructured,0.5995020604395604,77.3841008413636,q_proj,512,csr,5,0.5993303571428572,1.712137833237648,0.2569307628190337
wanda-u60,wanda,unstructured,0.5995020604395604,77.3841008413636,q_proj,512,csr_random,5,0.5993303571428572,1.780955120921135,0.24696147125677853
wanda-u60,wanda,unstructured,0.5995020604395604,77.3841008413636,q_proj,512,csr_rowmajor,5,0.5993303571428572,1.0190926492214203,0.43153900040218013
wanda-u60,wanda,unstructured,0.5995020604395604,77.3841008413636,q_proj,512,dense,5,0.5993303571428572,0.4392474889755249,1.0
wanda-u60,wanda,unstructured,0.5995020604395604,77.3841008413636,up_proj,1,csr,5,0.5993303571428572,0.23829303681850433,0.15114890906449752
wanda-u60,wanda,unstructured,0.5995020604395604,77.3841008413636,up_proj,1,csr_random,5,0.5993303571428572,0.239630788564682,0.15030494554252202
wanda-u60,wanda,unstructured,0.5995020604395604,77.3841008413636,up_proj,1,csr_rowmajor,5,0.5993303571428572,0.23567043244838715,0.1528313730184647
wanda-u60,wanda,unstructured,0.5995020604395604,77.3841008413636,up_proj,1,dense,5,0.5993303571428572,0.03601834177970886,1.0
wanda-u60,wanda,unstructured,0.5995020604395604,77.3841008413636,up_proj,8,csr,5,0.5993303571428572,0.192892923951149,0.43221415522513684
wanda-u60,wanda,unstructured,0.5995020604395604,77.3841008413636,up_proj,8,csr_random,5,0.5993303571428572,0.1928858458995819,0.4322332158488516
wanda-u60,wanda,unstructured,0.5995020604395604,77.3841008413636,up_proj,8,csr_rowmajor,5,0.5993303571428572,0.17349794507026672,0.4805663934588707
wanda-u60,wanda,unstructured,0.5995020604395604,77.3841008413636,up_proj,8,dense,5,0.5993303571428572,0.08337795734405518,1.0
wanda-u60,wanda,unstructured,0.5995020604395604,77.3841008413636,up_proj,32,csr,5,0.5993303571428572,0.3860451281070709,1.1739624491391887
wanda-u60,wanda,unstructured,0.5995020604395604,77.3841008413636,up_proj,32,csr_random,5,0.5993303571428572,0.3860577940940857,1.1739128880068639
wanda-u60,wanda,unstructured,0.5995020604395604,77.3841008413636,up_proj,32,csr_rowmajor,5,0.5993303571428572,0.34752413630485535,1.3040700394717832
wanda-u60,wanda,unstructured,0.5995020604395604,77.3841008413636,up_proj,32,dense,5,0.5993303571428572,0.45319199562072754,1.0
wanda-u60,wanda,unstructured,0.5995020604395604,77.3841008413636,up_proj,128,csr,5,0.5993303571428572,1.3619985431432724,0.5433671767214507
wanda-u60,wanda,unstructured,0.5995020604395604,77.3841008413636,up_proj,128,csr_random,5,0.5993303571428572,1.3637393712997437,0.5427144437964365
wanda-u60,wanda,unstructured,0.5995020604395604,77.3841008413636,up_proj,128,csr_rowmajor,5,0.5993303571428572,1.2186914682388306,0.6062464826804096
wanda-u60,wanda,unstructured,0.5995020604395604,77.3841008413636,up_proj,128,dense,5,0.5993303571428572,0.7388144731521606,1.0
wanda-u60,wanda,unstructured,0.5995020604395604,77.3841008413636,up_proj,512,csr,5,0.5993303571428572,6.322456523776054,0.35093954780777975
wanda-u60,wanda,unstructured,0.5995020604395604,77.3841008413636,up_proj,512,csr_random,5,0.5993303571428572,6.418734788894653,0.34567007636614416
wanda-u60,wanda,unstructured,0.5995020604395604,77.3841008413636,up_proj,512,csr_rowmajor,5,0.5993303571428572,5.945234373211861,0.3745417256958882
wanda-u60,wanda,unstructured,0.5995020604395604,77.3841008413636,up_proj,512,dense,5,0.5993303571428572,2.216546982526779,1.0
wanda-u60,wanda,unstructured,0.5995020604395604,77.3841008413636,v_proj,1,csr,5,0.5993303571428572,0.02804398536682129,0.24718186799328065
wanda-u60,wanda,unstructured,0.5995020604395604,77.3841008413636,v_proj,1,csr_random,5,0.5993303571428572,0.02777203917503357,0.24961422779301998
wanda-u60,wanda,unstructured,0.5995020604395604,77.3841008413636,v_proj,1,csr_rowmajor,5,0.5993303571428572,0.025925785303115845,0.2673762131700882
wanda-u60,wanda,unstructured,0.5995020604395604,77.3841008413636,v_proj,1,dense,5,0.5993303571428572,0.00693202018737793,1.0
wanda-u60,wanda,unstructured,0.5995020604395604,77.3841008413636,v_proj,8,csr,5,0.5993303571428572,0.04240088164806366,0.40811191714555645
wanda-u60,wanda,unstructured,0.5995020604395604,77.3841008413636,v_proj,8,csr_random,5,0.5993303571428572,0.042407214641571045,0.40805752500546927
wanda-u60,wanda,unstructured,0.5995020604395604,77.3841008413636,v_proj,8,csr_rowmajor,5,0.5993303571428572,0.02392977476119995,0.7231288635781938
wanda-u60,wanda,unstructured,0.5995020604395604,77.3841008413636,v_proj,8,dense,5,0.5993303571428572,0.01730397343635559,1.0
wanda-u60,wanda,unstructured,0.5995020604395604,77.3841008413636,v_proj,32,csr,5,0.5993303571428572,0.06871260702610016,0.31761018910101607
wanda-u60,wanda,unstructured,0.5995020604395604,77.3841008413636,v_proj,32,csr_random,5,0.5993303571428572,0.06882511079311371,0.3170949088123159
wanda-u60,wanda,unstructured,0.5995020604395604,77.3841008413636,v_proj,32,csr_rowmajor,5,0.5993303571428572,0.027295202016830444,0.7995429006517525
wanda-u60,wanda,unstructured,0.5995020604395604,77.3841008413636,v_proj,32,dense,5,0.5993303571428572,0.021823495626449585,1.0
wanda-u60,wanda,unstructured,0.5995020604395604,77.3841008413636,v_proj,128,csr,5,0.5993303571428572,0.21932944655418396,0.2003527734231385
wanda-u60,wanda,unstructured,0.5995020604395604,77.3841008413636,v_proj,128,csr_random,5,0.5993303571428572,0.22204220294952393,0.1978743972380093
wanda-u60,wanda,unstructured,0.5995020604395604,77.3841008413636,v_proj,128,csr_rowmajor,5,0.5993303571428572,0.05199313163757324,0.8450010998134383
wanda-u60,wanda,unstructured,0.5995020604395604,77.3841008413636,v_proj,128,dense,5,0.5993303571428572,0.04393383860588074,1.0
wanda-u60,wanda,unstructured,0.5995020604395604,77.3841008413636,v_proj,512,csr,5,0.5993303571428572,0.9039726108312607,0.11253552450421672
wanda-u60,wanda,unstructured,0.5995020604395604,77.3841008413636,v_proj,512,csr_random,5,0.5993303571428572,0.918380543589592,0.11055273123140592
wanda-u60,wanda,unstructured,0.5995020604395604,77.3841008413636,v_proj,512,csr_rowmajor,5,0.5993303571428572,0.186287984251976,0.5467261503211097
wanda-u60,wanda,unstructured,0.5995020604395604,77.3841008413636,v_proj,512,dense,5,0.5993303571428572,0.10152533650398254,1.0
wanda-u70,wanda,unstructured,0.699793956043956,479.0990164716423,down_proj,1,csr,5,0.6998355263157895,0.20791180431842804,0.18261157034824416
wanda-u70,wanda,unstructured,0.699793956043956,479.0990164716423,down_proj,1,csr_random,5,0.6998355263157895,0.20827613770961761,0.18231296268449776
wanda-u70,wanda,unstructured,0.699793956043956,479.0990164716423,down_proj,1,csr_rowmajor,5,0.6998355263157895,0.20509064197540283,0.18512449119793684
wanda-u70,wanda,unstructured,0.699793956043956,479.0990164716423,down_proj,1,dense,5,0.6998355263157895,0.03796666860580444,1.0
wanda-u70,wanda,unstructured,0.699793956043956,479.0990164716423,down_proj,8,csr,5,0.6998355263157895,0.21526552736759186,0.6105384374785454
wanda-u70,wanda,unstructured,0.699793956043956,479.0990164716423,down_proj,8,csr_random,5,0.6998355263157895,0.21445229649543762,0.6126467959454047
wanda-u70,wanda,unstructured,0.699793956043956,479.0990164716423,down_proj,8,csr_rowmajor,5,0.6998355263157895,0.1312393695116043,1.001868465877453
wanda-u70,wanda,unstructured,0.699793956043956,479.0990164716423,down_proj,8,dense,5,0.6998355263157895,0.1313723623752594,1.0
wanda-u70,wanda,unstructured,0.699793956043956,479.0990164716423,down_proj,32,csr,5,0.6998355263157895,0.6707742810249329,0.38010580467546234
wanda-u70,wanda,unstructured,0.699793956043956,479.0990164716423,down_proj,32,csr_random,5,0.6998355263157895,0.6822369992733002,0.37547624894572457
wanda-u70,wanda,unstructured,0.699793956043956,479.0990164716423,down_proj,32,csr_rowmajor,5,0.6998355263157895,0.5058001726865768,0.5484422965492368
wanda-u70,wanda,unstructured,0.699793956043956,479.0990164716423,down_proj,32,dense,5,0.6998355263157895,0.23867301642894745,1.0
wanda-u70,wanda,unstructured,0.699793956043956,479.0990164716423,down_proj,128,csr,5,0.6998355263157895,2.6210274547338486,0.24402581643411705
wanda-u70,wanda,unstructured,0.699793956043956,479.0990164716423,down_proj,128,csr_random,5,0.6998355263157895,2.7145452797412872,0.23395747944161638
wanda-u70,wanda,unstructured,0.699793956043956,479.0990164716423,down_proj,128,csr_rowmajor,5,0.6998355263157895,1.833290234208107,0.3590267987002735
wanda-u70,wanda,unstructured,0.699793956043956,479.0990164716423,down_proj,128,dense,5,0.6998355263157895,0.6271552294492722,1.0
wanda-u70,wanda,unstructured,0.699793956043956,479.0990164716423,down_proj,512,csr,5,0.6998355263157895,13.968801870942116,0.19399521888461102
wanda-u70,wanda,unstructured,0.699793956043956,479.0990164716423,down_proj,512,csr_random,5,0.6998355263157895,13.985683396458626,0.19375357458155076
wanda-u70,wanda,unstructured,0.699793956043956,479.0990164716423,down_proj,512,csr_rowmajor,5,0.6998355263157895,9.83932837843895,0.27567849325968047
wanda-u70,wanda,unstructured,0.699793956043956,479.0990164716423,down_proj,512,dense,5,0.6998355263157895,2.70937941968441,1.0
wanda-u70,wanda,unstructured,0.699793956043956,479.0990164716423,gate_proj,1,csr,5,0.6997767857142857,0.17107315361499786,0.2413291213461858
wanda-u70,wanda,unstructured,0.699793956043956,479.0990164716423,gate_proj,1,csr_random,5,0.6997767857142857,0.17133019864559174,0.2410493673050972
wanda-u70,wanda,unstructured,0.699793956043956,479.0990164716423,gate_proj,1,csr_rowmajor,5,0.6997767857142857,0.16817376017570496,0.24549978313750992
wanda-u70,wanda,unstructured,0.699793956043956,479.0990164716423,gate_proj,1,dense,5,0.6997767857142857,0.04128590226173401,1.0
wanda-u70,wanda,unstructured,0.699793956043956,479.0990164716423,gate_proj,8,csr,5,0.6997767857142857,0.14793351292610168,0.669418122745987
wanda-u70,wanda,unstructured,0.699793956043956,479.0990164716423,gate_proj,8,csr_random,5,0.6997767857142857,0.1491788774728775,0.665093207288961
wanda-u70,wanda,unstructured,0.699793956043956,479.0990164716423,gate_proj,8,csr_rowmajor,5,0.6997767857142857,0.12714117765426636,0.7797661225694916
wanda-u70,wanda,unstructured,0.699793956043956,479.0990164716423,gate_proj,8,dense,5,0.6997767857142857,0.09913221001625061,1.0
wanda-u70,wanda,unstructured,0.699793956043956,479.0990164716423,gate_proj,32,csr,5,0.6997767857142857,0.29632896184921265,0.7907840424351802
wanda-u70,wanda,unstructured,0.699793956043956,479.0990164716423,gate_proj,32,csr_random,5,0.6997767857142857,0.2988819032907486,0.7840696111705465
wanda-u70,wanda,unstructured,0.699793956043956,479.0990164716423,gate_proj,32,csr_rowmajor,5,0.6997767857142857,0.25567561388015747,0.9164707904700433
wanda-u70,wanda,unstructured,0.699793956043956,479.0990164716423,gate_proj,32,dense,5,0.6997767857142857,0.23433417081832886,1.0
wanda-u70,wanda,unstructured,0.699793956043956,479.0990164716423,gate_proj,128,csr,5,0.6997767857142857,1.138736680150032,0.6829992667455576
wanda-u70,wanda,unstructured,0.699793956043956,479.0990164716423,gate_proj,128,csr_random,5,0.6997767857142857,1.1498406529426575,0.6767653939871606
wanda-u70,wanda,unstructured,0.699793956043956,479.0990164716423,gate_proj,128,csr_rowmajor,5,0.6997767857142857,1.0703198611736298,0.7337196771299457
wanda-u70,wanda,unstructured,0.699793956043956,479.0990164716423,gate_proj,128,dense,5,0.6997767857142857,0.7771153002977371,1.0
wanda-u70,wanda,unstructured,0.699793956043956,479.0990164716423,gate_proj,512,csr,5,0.6997767857142857,6.3518282026052475,0.381038397966058
wanda-u70,wanda,unstructured,0.699793956043956,479.0990164716423,gate_proj,512,csr_random,5,0.6997767857142857,6.468628346920013,0.3728710955259148
wanda-u70,wanda,unstructured,0.699793956043956,479.0990164716423,gate_proj,512,csr_rowmajor,5,0.6997767857142857,4.65436764061451,0.5107535783862805
wanda-u70,wanda,unstructured,0.699793956043956,479.0990164716423,gate_proj,512,dense,5,0.6997767857142857,2.2337540984153748,1.0
wanda-u70,wanda,unstructured,0.699793956043956,479.0990164716423,k_proj,1,csr,5,0.6997767857142857,0.025555118918418884,0.27343420037417576
wanda-u70,wanda,unstructured,0.699793956043956,479.0990164716423,k_proj,1,csr_random,5,0.6997767857142857,0.02542734146118164,0.27481061874682566
wanda-u70,wanda,unstructured,0.699793956043956,479.0990164716423,k_proj,1,csr_rowmajor,5,0.6997767857142857,0.02353489398956299,0.29691869877890353
wanda-u70,wanda,unstructured,0.699793956043956,479.0990164716423,k_proj,1,dense,5,0.6997767857142857,0.006987154483795166,1.0
wanda-u70,wanda,unstructured,0.699793956043956,479.0990164716423,k_proj,8,csr,5,0.6997767857142857,0.039998069405555725,0.29359010972474336
wanda-u70,wanda,unstructured,0.699793956043956,479.0990164716423,k_proj,8,csr_random,5,0.6997767857142857,0.039960816502571106,0.2938712759846217
wanda-u70,wanda,unstructured,0.699793956043956,479.0990164716423,k_proj,8,csr_rowmajor,5,0.6997767857142857,0.021482259035110474,0.5466436401655654
wanda-u70,wanda,unstructured,0.699793956043956,479.0990164716423,k_proj,8,dense,5,0.6997767857142857,0.011742860078811646,1.0
wanda-u70,wanda,unstructured,0.699793956043956,479.0990164716423,k_proj,32,csr,5,0.6997767857142857,0.06620064377784729,0.2448477275891746
wanda-u70,wanda,unstructured,0.699793956043956,479.0990164716423,k_proj,32,csr_random,5,0.6997767857142857,0.06683245301246643,0.24253755274083352
wanda-u70,wanda,unstructured,0.699793956043956,479.0990164716423,k_proj,32,csr_rowmajor,5,0.6997767857142857,0.02408251166343689,0.6730640287945039
wanda-u70,wanda,unstructured,0.699793956043956,479.0990164716423,k_proj,32,dense,5,0.6997767857142857,0.016208738088607788,1.0
wanda-u70,wanda,unstructured,0.699793956043956,479.0990164716423,k_proj,128,csr,5,0.6997767857142857,0.20555108785629272,0.15766482956895198
wanda-u70,wanda,unstructured,0.699793956043956,479.0990164716423,k_proj,128,csr_random,5,0.6997767857142857,0.20945295691490173,0.15471983402666722
wanda-u70,wanda,unstructured,0.699793956043956,479.0990164716423,k_proj,128,csr_rowmajor,5,0.6997767857142857,0.046018511056900024,0.7064509004777279
wanda-u70,wanda,unstructured,0.699793956043956,479.0990164716423,k_proj,128,dense,5,0.6997767857142857,0.032401829957962036,1.0
wanda-u70,wanda,unstructured,0.699793956043956,479.0990164716423,k_proj,512,csr,5,0.6997767857142857,0.8878085762262344,0.0886554522505116
wanda-u70,wanda,unstructured,0.699793956043956,479.0990164716423,k_proj,512,csr_random,5,0.6997767857142857,0.9162008762359619,0.0859089459627164
wanda-u70,wanda,unstructured,0.699793956043956,479.0990164716423,k_proj,512,csr_rowmajor,5,0.6997767857142857,0.15709735453128815,0.5171419642565385
wanda-u70,wanda,unstructured,0.699793956043956,479.0990164716423,k_proj,512,dense,5,0.6997767857142857,0.07872842252254486,1.0
wanda-u70,wanda,unstructured,0.699793956043956,479.0990164716423,o_proj,1,csr,5,0.6997767857142857,0.05040392279624939,0.23074482676275607
wanda-u70,wanda,unstructured,0.699793956043956,479.0990164716423,o_proj,1,csr_random,5,0.6997767857142857,0.047431886196136475,0.24482877508210585
wanda-u70,wanda,unstructured,0.699793956043956,479.0990164716423,o_proj,1,csr_rowmajor,5,0.6997767857142857,0.04790164530277252,0.2429501989161681
wanda-u70,wanda,unstructured,0.699793956043956,479.0990164716423,o_proj,1,dense,5,0.6997767857142857,0.011608749628067017,1.0
wanda-u70,wanda,unstructured,0.699793956043956,479.0990164716423,o_proj,8,csr,5,0.6997767857142857,0.05757361650466919,0.580390116910279
wanda-u70,wanda,unstructured,0.699793956043956,479.0990164716423,o_proj,8,csr_random,5,0.6997767857142857,0.05490519106388092,0.6076334497170578
wanda-u70,wanda,unstructured,0.699793956043956,479.0990164716423,o_proj,8,csr_rowmajor,5,0.6997767857142857,0.03772899508476257,0.8871252782663143
wanda-u70,wanda,unstructured,0.699793956043956,479.0990164716423,o_proj,8,dense,5,0.6997767857142857,0.033361464738845825,1.0
wanda-u70,wanda,unstructured,0.699793956043956,479.0990164716423,o_proj,32,csr,5,0.6997767857142857,0.11070258915424347,0.4772875413460567
wanda-u70,wanda,unstructured,0.699793956043956,479.0990164716423,o_proj,32,csr_random,5,0.6997767857142857,0.10958760976791382,0.48188188036518853
wanda-u70,wanda,unstructured,0.699793956043956,479.0990164716423,o_proj,32,csr_rowmajor,5,0.6997767857142857,0.06514713168144226,0.8119482142836101
wanda-u70,wanda,unstructured,0.699793956043956,479.0990164716423,o_proj,32,dense,5,0.6997767857142857,0.05280449986457825,1.0
wanda-u70,wanda,unstructured,0.699793956043956,479.0990164716423,o_proj,128,csr,5,0.6997767857142857,0.36408938467502594,0.3583347095661506
wanda-u70,wanda,unstructured,0.699793956043956,479.0990164716423,o_proj,128,csr_random,5,0.6997767857142857,0.383932888507843,0.3409810377082749
wanda-u70,wanda,unstructured,0.699793956043956,479.0990164716423,o_proj,128,csr_rowmajor,5,0.6997767857142857,0.20071007311344147,0.6576044027233738
wanda-u70,wanda,unstructured,0.699793956043956,479.0990164716423,o_proj,128,dense,5,0.6997767857142857,0.13033971190452576,1.0
wanda-u70,wanda,unstructured,0.699793956043956,479.0990164716423,o_proj,512,csr,5,0.6997767857142857,1.5108007937669754,0.2987305483948819
wanda-u70,wanda,unstructured,0.699793956043956,479.0990164716423,o_proj,512,csr_random,5,0.6997767857142857,1.5534445643424988,0.2908640244291014
wanda-u70,wanda,unstructured,0.699793956043956,479.0990164716423,o_proj,512,csr_rowmajor,5,0.6997767857142857,1.194654032588005,0.3948927973648811
wanda-u70,wanda,unstructured,0.699793956043956,479.0990164716423,o_proj,512,dense,5,0.6997767857142857,0.4512142390012741,1.0
wanda-u70,wanda,unstructured,0.699793956043956,479.0990164716423,q_proj,1,csr,5,0.6997767857142857,0.049392133951187134,0.23555180017486346
wanda-u70,wanda,unstructured,0.699793956043956,479.0990164716423,q_proj,1,csr_random,5,0.6997767857142857,0.047661736607551575,0.24339229174838803
wanda-u70,wanda,unstructured,0.699793956043956,479.0990164716423,q_proj,1,csr_rowmajor,5,0.6997767857142857,0.04723891615867615,0.24635468542212413
wanda-u70,wanda,unstructured,0.699793956043956,479.0990164716423,q_proj,1,dense,5,0.6997767857142857,0.01159757375717163,1.0
wanda-u70,wanda,unstructured,0.699793956043956,479.0990164716423,q_proj,8,csr,5,0.6997767857142857,0.05659870803356171,0.5908787486315463
wanda-u70,wanda,unstructured,0.699793956043956,479.0990164716423,q_proj,8,csr_random,5,0.6997767857142857,0.054573267698287964,0.6111964163182995
wanda-u70,wanda,unstructured,0.699793956043956,479.0990164716423,q_proj,8,csr_rowmajor,5,0.6997767857142857,0.037119537591934204,0.9022061865177695
wanda-u70,wanda,unstructured,0.699793956043956,479.0990164716423,q_proj,8,dense,5,0.6997767857142857,0.0333540141582489,1.0
wanda-u70,wanda,unstructured,0.699793956043956,479.0990164716423,q_proj,32,csr,5,0.6997767857142857,0.10892115533351898,0.48504097577868033
wanda-u70,wanda,unstructured,0.699793956043956,479.0990164716423,q_proj,32,csr_random,5,0.6997767857142857,0.10833479464054108,0.4871719956681389
wanda-u70,wanda,unstructured,0.699793956043956,479.0990164716423,q_proj,32,csr_rowmajor,5,0.6997767857142857,0.06415173411369324,0.8245107896124947
wanda-u70,wanda,unstructured,0.699793956043956,479.0990164716423,q_proj,32,dense,5,0.6997767857142857,0.05277693271636963,1.0
wanda-u70,wanda,unstructured,0.699793956043956,479.0990164716423,q_proj,128,csr,5,0.6997767857142857,0.3513157367706299,0.3722735118477476
wanda-u70,wanda,unstructured,0.699793956043956,479.0990164716423,q_proj,128,csr_random,5,0.6997767857142857,0.3597121685743332,0.3639848763326307
wanda-u70,wanda,unstructured,0.699793956043956,479.0990164716423,q_proj,128,csr_rowmajor,5,0.6997767857142857,0.20475983619689941,0.6421437681331311
wanda-u70,wanda,unstructured,0.699793956043956,479.0990164716423,q_proj,128,dense,5,0.6997767857142857,0.13078227639198303,1.0
wanda-u70,wanda,unstructured,0.699793956043956,479.0990164716423,q_proj,512,csr,5,0.6997767857142857,1.4889657497406006,0.3024635895150442
wanda-u70,wanda,unstructured,0.699793956043956,479.0990164716423,q_proj,512,csr_random,5,0.6997767857142857,1.573149859905243,0.2865029436276714
wanda-u70,wanda,unstructured,0.699793956043956,479.0990164716423,q_proj,512,csr_rowmajor,5,0.6997767857142857,1.2616850435733795,0.3712895352900511
wanda-u70,wanda,unstructured,0.699793956043956,479.0990164716423,q_proj,512,dense,5,0.6997767857142857,0.4501156508922577,1.0
wanda-u70,wanda,unstructured,0.699793956043956,479.0990164716423,up_proj,1,csr,5,0.6997767857142857,0.17228424549102783,0.21141816416089673
wanda-u70,wanda,unstructured,0.699793956043956,479.0990164716423,up_proj,1,csr_random,5,0.6997767857142857,0.17233528196811676,0.21132166606151379
wanda-u70,wanda,unstructured,0.699793956043956,479.0990164716423,up_proj,1,csr_rowmajor,5,0.6997767857142857,0.16943812370300293,0.21496856193136132
wanda-u70,wanda,unstructured,0.699793956043956,479.0990164716423,up_proj,1,dense,5,0.6997767857142857,0.036416202783584595,1.0
wanda-u70,wanda,unstructured,0.699793956043956,479.0990164716423,up_proj,8,csr,5,0.6997767857142857,0.14934726059436798,0.5479316332497748
wanda-u70,wanda,unstructured,0.699793956043956,479.0990164716423,up_proj,8,csr_random,5,0.6997767857142857,0.1494932919740677,0.5472943726893681
wanda-u70,wanda,unstructured,0.699793956043956,479.0990164716423,up_proj,8,csr_rowmajor,5,0.6997767857142857,0.12803003191947937,0.6390716853771745
wanda-u70,wanda,unstructured,0.699793956043956,479.0990164716423,up_proj,8,dense,5,0.6997767857142857,0.08182376623153687,1.0
wanda-u70,wanda,unstructured,0.699793956043956,479.0990164716423,up_proj,32,csr,5,0.6997767857142857,0.2950746566057205,0.7850530580218281
wanda-u70,wanda,unstructured,0.699793956043956,479.0990164716423,up_proj,32,csr_random,5,0.6997767857142857,0.2965584397315979,0.7810858603769814
wanda-u70,wanda,unstructured,0.699793956043956,479.0990164716423,up_proj,32,csr_rowmajor,5,0.6997767857142857,0.25831758975982666,0.8966794257164226
wanda-u70,wanda,unstructured,0.699793956043956,479.0990164716423,up_proj,32,dense,5,0.6997767857142857,0.23162178695201874,1.0
wanda-u70,wanda,unstructured,0.699793956043956,479.0990164716423,up_proj,128,csr,5,0.6997767857142857,1.1473774909973145,0.6714781752548421
wanda-u70,wanda,unstructured,0.699793956043956,479.0990164716423,up_proj,128,csr_random,5,0.6997767857142857,1.1684190481901169,0.6601301727506361
wanda-u70,wanda,unstructured,0.699793956043956,479.0990164716423,up_proj,128,csr_rowmajor,5,0.6997767857142857,1.128104329109192,0.6823729123206447
wanda-u70,wanda,unstructured,0.699793956043956,479.0990164716423,up_proj,128,dense,5,0.6997767857142857,0.7665477693080902,1.0
wanda-u70,wanda,unstructured,0.699793956043956,479.0990164716423,up_proj,512,csr,5,0.6997767857142857,5.5304523557424545,0.4251785723943443
wanda-u70,wanda,unstructured,0.699793956043956,479.0990164716423,up_proj,512,csr_random,5,0.6997767857142857,5.66277839243412,0.4140209735156037
wanda-u70,wanda,unstructured,0.699793956043956,479.0990164716423,up_proj,512,csr_rowmajor,5,0.6997767857142857,4.696527868509293,0.5030481048544527
wanda-u70,wanda,unstructured,0.699793956043956,479.0990164716423,up_proj,512,dense,5,0.6997767857142857,2.218157798051834,1.0
wanda-u70,wanda,unstructured,0.699793956043956,479.0990164716423,v_proj,1,csr,5,0.6997767857142857,0.025670230388641357,0.27217638804633265
wanda-u70,wanda,unstructured,0.699793956043956,479.0990164716423,v_proj,1,csr_random,5,0.6997767857142857,0.0253923237323761,0.2751461083640276
wanda-u70,wanda,unstructured,0.699793956043956,479.0990164716423,v_proj,1,csr_rowmajor,5,0.6997767857142857,0.023564323782920837,0.2964918082968714
wanda-u70,wanda,unstructured,0.699793956043956,479.0990164716423,v_proj,1,dense,5,0.6997767857142857,0.006986409425735474,1.0
wanda-u70,wanda,unstructured,0.699793956043956,479.0990164716423,v_proj,8,csr,5,0.6997767857142857,0.04007592797279358,0.29366703389337534
wanda-u70,wanda,unstructured,0.699793956043956,479.0990164716423,v_proj,8,csr_random,5,0.6997767857142857,0.039980560541152954,0.29437266720594396
wanda-u70,wanda,unstructured,0.699793956043956,479.0990164716423,v_proj,8,csr_rowmajor,5,0.6997767857142857,0.021460652351379395,0.5483692833826288
wanda-u70,wanda,unstructured,0.699793956043956,479.0990164716423,v_proj,8,dense,5,0.6997767857142857,0.011768192052841187,1.0
wanda-u70,wanda,unstructured,0.699793956043956,479.0990164716423,v_proj,32,csr,5,0.6997767857142857,0.06642527878284454,0.24398443008861487
wanda-u70,wanda,unstructured,0.699793956043956,479.0990164716423,v_proj,32,csr_random,5,0.6997767857142857,0.06677918136119843,0.24266731127688873
wanda-u70,wanda,unstructured,0.699793956043956,479.0990164716423,v_proj,32,csr_rowmajor,5,0.6997767857142857,0.024127960205078125,0.6715967040005754
wanda-u70,wanda,unstructured,0.699793956043956,479.0990164716423,v_proj,32,dense,5,0.6997767857142857,0.016204267740249634,1.0
wanda-u70,wanda,unstructured,0.699793956043956,479.0990164716423,v_proj,128,csr,5,0.6997767857142857,0.20728446543216705,0.15665955775297652
wanda-u70,wanda,unstructured,0.699793956043956,479.0990164716423,v_proj,128,csr_random,5,0.6997767857142857,0.21127834916114807,0.15370766076826928
wanda-u70,wanda,unstructured,0.699793956043956,479.0990164716423,v_proj,128,csr_rowmajor,5,0.6997767857142857,0.04936978220939636,0.66635118721936
wanda-u70,wanda,unstructured,0.699793956043956,479.0990164716423,v_proj,128,dense,5,0.6997767857142857,0.03247112035751343,1.0
wanda-u70,wanda,unstructured,0.699793956043956,479.0990164716423,v_proj,512,csr,5,0.6997767857142857,0.8907265961170197,0.0915201052133203
wanda-u70,wanda,unstructured,0.699793956043956,479.0990164716423,v_proj,512,csr_random,5,0.6997767857142857,0.9093627333641052,0.08963505308387648
wanda-u70,wanda,unstructured,0.699793956043956,479.0990164716423,v_proj,512,csr_rowmajor,5,0.6997767857142857,0.15898384153842926,0.5361045686592404
wanda-u70,wanda,unstructured,0.699793956043956,479.0990164716423,v_proj,512,dense,5,0.6997767857142857,0.08150823414325714,1.0
wanda-u80,wanda,unstructured,0.7993561126373626,3743.371861268363,down_proj,1,csr,5,0.7999588815789473,0.147408084012568,0.31756880950591226
wanda-u80,wanda,unstructured,0.7993561126373626,3743.371861268363,down_proj,1,csr_random,5,0.7999588815789473,0.1516356016509235,0.3107751473441432
wanda-u80,wanda,unstructured,0.7993561126373626,3743.371861268363,down_proj,1,csr_rowmajor,5,0.7999588815789473,0.1459461054764688,0.3213399080870339
wanda-u80,wanda,unstructured,0.7993561126373626,3743.371861268363,down_proj,1,dense,5,0.7999588815789473,0.04684361629188061,1.0
wanda-u80,wanda,unstructured,0.7993561126373626,3743.371861268363,down_proj,8,csr,5,0.7999588815789473,0.16240921104326844,0.9660611028146963
wanda-u80,wanda,unstructured,0.7993561126373626,3743.371861268363,down_proj,8,csr_random,5,0.7999588815789473,0.1641513779759407,0.9572932851295317
wanda-u80,wanda,unstructured,0.7993561126373626,3743.371861268363,down_proj,8,csr_rowmajor,5,0.7999588815789473,0.0796155072748661,1.9778910321486567
wanda-u80,wanda,unstructured,0.7993561126373626,3743.371861268363,down_proj,8,dense,5,0.7999588815789473,0.15709748258814216,1.0
wanda-u80,wanda,unstructured,0.7993561126373626,3743.371861268363,down_proj,32,csr,5,0.7999588815789473,0.3812285838648677,1.201806185672192
wanda-u80,wanda,unstructured,0.7993561126373626,3743.371861268363,down_proj,32,csr_random,5,0.7999588815789473,0.3872363013215363,1.183190918197925
wanda-u80,wanda,unstructured,0.7993561126373626,3743.371861268363,down_proj,32,csr_rowmajor,5,0.7999588815789473,0.25823748437687755,1.96178707463218
wanda-u80,wanda,unstructured,0.7993561126373626,3743.371861268363,down_proj,32,dense,5,0.7999588815789473,0.4581451998092234,1.0
wanda-u80,wanda,unstructured,0.7993561126373626,3743.371861268363,down_proj,128,csr,5,0.7999588815789473,1.8124765367247164,0.3459545740314877
wanda-u80,wanda,unstructured,0.7993561126373626,3743.371861268363,down_proj,128,csr_random,5,0.7999588815789473,1.9195591914467514,0.3226459335609559
wanda-u80,wanda,unstructured,0.7993561126373626,3743.371861268363,down_proj,128,csr_rowmajor,5,0.7999588815789473,0.966666778549552,0.6358744978400199
wanda-u80,wanda,unstructured,0.7993561126373626,3743.371861268363,down_proj,128,dense,5,0.7999588815789473,0.6124140811152756,1.0
wanda-u80,wanda,unstructured,0.7993561126373626,3743.371861268363,down_proj,512,csr,5,0.7999588815789473,9.725300897844136,0.28107809226986835
wanda-u80,wanda,unstructured,0.7993561126373626,3743.371861268363,down_proj,512,csr_random,5,0.7999588815789473,9.82008131686598,0.27835758464080607
wanda-u80,wanda,unstructured,0.7993561126373626,3743.371861268363,down_proj,512,csr_rowmajor,5,0.7999588815789473,5.82035097759217,0.4702930885588944
wanda-u80,wanda,unstructured,0.7993561126373626,3743.371861268363,down_proj,512,dense,5,0.7999588815789473,2.732630504760891,1.0
wanda-u80,wanda,unstructured,0.7993561126373626,3743.371861268363,gate_proj,1,csr,5,0.7991071428571428,0.10998239740729332,0.3564701478140675
wanda-u80,wanda,unstructured,0.7993561126373626,3743.371861268363,gate_proj,1,csr_random,5,0.7991071428571428,0.11005860287696123,0.3562383815448971
wanda-u80,wanda,unstructured,0.7993561126373626,3743.371861268363,gate_proj,1,csr_rowmajor,5,0.7991071428571428,0.1079313806258142,0.36332814950099673
wanda-u80,wanda,unstructured,0.7993561126373626,3743.371861268363,gate_proj,1,dense,5,0.7991071428571428,0.03918937873095274,1.0
wanda-u80,wanda,unstructured,0.7993561126373626,3743.371861268363,gate_proj,8,csr,5,0.7991071428571428,0.1019774004817009,0.9121242227573825
wanda-u80,wanda,unstructured,0.7993561126373626,3743.371861268363,gate_proj,8,csr_random,5,0.7991071428571428,0.1038365182466805,0.8973805982738736
wanda-u80,wanda,unstructured,0.7993561126373626,3743.371861268363,gate_proj,8,csr_rowmajor,5,0.7991071428571428,0.0821663998067379,1.1328596914840336
wanda-u80,wanda,unstructured,0.7993561126373626,3743.371861268363,gate_proj,8,dense,5,0.7991071428571428,0.09306820575147867,1.0
wanda-u80,wanda,unstructured,0.7993561126373626,3743.371861268363,gate_proj,32,csr,5,0.7991071428571428,0.21252748556435108,2.133604331310566
wanda-u80,wanda,unstructured,0.7993561126373626,3743.371861268363,gate_proj,32,csr_random,5,0.7991071428571428,0.21691229194402695,2.090413964472017
wanda-u80,wanda,unstructured,0.7993561126373626,3743.371861268363,gate_proj,32,csr_rowmajor,5,0.7991071428571428,0.16672140918672085,2.719662901122781
wanda-u80,wanda,unstructured,0.7993561126373626,3743.371861268363,gate_proj,32,dense,5,0.7991071428571428,0.4533866071142256,1.0
wanda-u80,wanda,unstructured,0.7993561126373626,3743.371861268363,gate_proj,128,csr,5,0.7991071428571428,0.9239258011803031,0.8304861284754812
wanda-u80,wanda,unstructured,0.7993561126373626,3743.371861268363,gate_proj,128,csr_random,5,0.7991071428571428,0.9126271237619221,0.8423556797220227
wanda-u80,wanda,unstructured,0.7993561126373626,3743.371861268363,gate_proj,128,csr_rowmajor,5,0.7991071428571428,0.7643175893463194,1.0242054080564587
wanda-u80,wanda,unstructured,0.7993561126373626,3743.371861268363,gate_proj,128,dense,5,0.7991071428571428,0.766836607363075,1.0
wanda-u80,wanda,unstructured,0.7993561126373626,3743.371861268363,gate_proj,512,csr,5,0.7991071428571428,3.528833226300776,0.6320370506954436
wanda-u80,wanda,unstructured,0.7993561126373626,3743.371861268363,gate_proj,512,csr_random,5,0.7991071428571428,3.5729143186472356,0.6244887567270804
wanda-u80,wanda,unstructured,0.7993561126373626,3743.371861268363,gate_proj,512,csr_rowmajor,5,0.7991071428571428,3.4312411793507636,0.6539657569222082
wanda-u80,wanda,unstructured,0.7993561126373626,3743.371861268363,gate_proj,512,dense,5,0.7991071428571428,2.226506976876408,1.0
wanda-u80,wanda,unstructured,0.7993561126373626,3743.371861268363,k_proj,1,csr,5,0.7991071428571428,0.024668010883033276,0.2707592706933894
wanda-u80,wanda,unstructured,0.7993561126373626,3743.371861268363,k_proj,1,csr_random,5,0.7991071428571428,0.02482600975781679,0.26902178166973595
wanda-u80,wanda,unstructured,0.7993561126373626,3743.371861268363,k_proj,1,csr_rowmajor,5,0.7991071428571428,0.022894376888871193,0.2917487691901235
wanda-u80,wanda,unstructured,0.7993561126373626,3743.371861268363,k_proj,1,dense,5,0.7991071428571428,0.006678770296275616,1.0
wanda-u80,wanda,unstructured,0.7993561126373626,3743.371861268363,k_proj,8,csr,5,0.7991071428571428,0.039406027644872665,0.43861775264007996
wanda-u80,wanda,unstructured,0.7993561126373626,3743.371861268363,k_proj,8,csr_random,5,0.7991071428571428,0.03947441000491381,0.43785412709506905
wanda-u80,wanda,unstructured,0.7993561126373626,3743.371861268363,k_proj,8,csr_rowmajor,5,0.7991071428571428,0.021131406538188457,0.8179672543862476
wanda-u80,wanda,unstructured,0.7993561126373626,3743.371861268363,k_proj,8,dense,5,0.7991071428571428,0.017283204942941666,1.0
wanda-u80,wanda,unstructured,0.7993561126373626,3743.371861268363,k_proj,32,csr,5,0.7991071428571428,0.06547860102728009,0.33531227738619285
wanda-u80,wanda,unstructured,0.7993561126373626,3743.371861268363,k_proj,32,csr_random,5,0.7991071428571428,0.0658336328342557,0.333482526310337
wanda-u80,wanda,unstructured,0.7993561126373626,3743.371861268363,k_proj,32,csr_rowmajor,5,0.7991071428571428,0.0234173028729856,0.9376855995742122
wanda-u80,wanda,unstructured,0.7993561126373626,3743.371861268363,k_proj,32,dense,5,0.7991071428571428,0.021954183466732502,1.0
wanda-u80,wanda,unstructured,0.7993561126373626,3743.371861268363,k_proj,128,csr,5,0.7991071428571428,0.20021579694002867,0.220302149192933
wanda-u80,wanda,unstructured,0.7993561126373626,3743.371861268363,k_proj,128,csr_random,5,0.7991071428571428,0.20686488132923841,0.2131708477664014
wanda-u80,wanda,unstructured,0.7993561126373626,3743.371861268363,k_proj,128,csr_rowmajor,5,0.7991071428571428,0.03696749918162823,1.194782380608327
wanda-u80,wanda,unstructured,0.7993561126373626,3743.371861268363,k_proj,128,dense,5,0.7991071428571428,0.044095003977417946,1.0
wanda-u80,wanda,unstructured,0.7993561126373626,3743.371861268363,k_proj,512,csr,5,0.7991071428571428,0.8138434146530926,0.12968593643636098
wanda-u80,wanda,unstructured,0.7993561126373626,3743.371861268363,k_proj,512,csr_random,5,0.7991071428571428,0.8454015827737749,0.12480794936522176
wanda-u80,wanda,unstructured,0.7993561126373626,3743.371861268363,k_proj,512,csr_rowmajor,5,0.7991071428571428,0.11445260606706142,0.9256794139345036
wanda-u80,wanda,unstructured,0.7993561126373626,3743.371861268363,k_proj,512,dense,5,0.7991071428571428,0.10551251471042633,1.0
wanda-u80,wanda,unstructured,0.7993561126373626,3743.371861268363,o_proj,1,csr,5,0.7991071428571428,0.04138831282034516,0.27255225830290236
wanda-u80,wanda,unstructured,0.7993561126373626,3743.371861268363,o_proj,1,csr_random,5,0.7991071428571428,0.040488888043910265,0.2785693100510258
wanda-u80,wanda,unstructured,0.7993561126373626,3743.371861268363,o_proj,1,csr_rowmajor,5,0.7991071428571428,0.0394074828363955,0.286264044733618
wanda-u80,wanda,unstructured,0.7993561126373626,3743.371861268363,o_proj,1,dense,5,0.7991071428571428,0.011276593431830406,1.0
wanda-u80,wanda,unstructured,0.7993561126373626,3743.371861268363,o_proj,8,csr,5,0.7991071428571428,0.05359579809010029,1.3772367548438142
wanda-u80,wanda,unstructured,0.7993561126373626,3743.371861268363,o_proj,8,csr_random,5,0.7991071428571428,0.0531523022800684,1.3890408610683158
wanda-u80,wanda,unstructured,0.7993561126373626,3743.371861268363,o_proj,8,csr_rowmajor,5,0.7991071428571428,0.033430918119847775,2.2069541042649843
wanda-u80,wanda,unstructured,0.7993561126373626,3743.371861268363,o_proj,8,dense,5,0.7991071428571428,0.07371976971626282,1.0
wanda-u80,wanda,unstructured,0.7993561126373626,3743.371861268363,o_proj,32,csr,5,0.7991071428571428,0.0991645734757185,0.9417790327917237
wanda-u80,wanda,unstructured,0.7993561126373626,3743.371861268363,o_proj,32,csr_random,5,0.7991071428571428,0.10094469180330634,0.9249165252504832
wanda-u80,wanda,unstructured,0.7993561126373626,3743.371861268363,o_proj,32,csr_rowmajor,5,0.7991071428571428,0.05452439654618502,1.7127057451269467
wanda-u80,wanda,unstructured,0.7993561126373626,3743.371861268363,o_proj,32,dense,5,0.7991071428571428,0.09334031492471695,1.0
wanda-u80,wanda,unstructured,0.7993561126373626,3743.371861268363,o_proj,128,csr,5,0.7991071428571428,0.3028337028808892,0.5665248317603478
wanda-u80,wanda,unstructured,0.7993561126373626,3743.371861268363,o_proj,128,csr_random,5,0.7991071428571428,0.31222148099914193,0.5496058387282389
wanda-u80,wanda,unstructured,0.7993561126373626,3743.371861268363,o_proj,128,csr_rowmajor,5,0.7991071428571428,0.13888661051169038,1.2352004566178285
wanda-u80,wanda,unstructured,0.7993561126373626,3743.371861268363,o_proj,128,dense,5,0.7991071428571428,0.17153120134025812,1.0
wanda-u80,wanda,unstructured,0.7993561126373626,3743.371861268363,o_proj,512,csr,5,0.7991071428571428,1.297433313447982,0.34564259190114
wanda-u80,wanda,unstructured,0.7993561126373626,3743.371861268363,o_proj,512,csr_random,5,0.7991071428571428,1.3334946823306382,0.33615237198980563
wanda-u80,wanda,unstructured,0.7993561126373626,3743.371861268363,o_proj,512,csr_rowmajor,5,0.7991071428571428,0.6381952087394893,0.7403965142773903
wanda-u80,wanda,unstructured,0.7993561126373626,3743.371861268363,o_proj,512,dense,5,0.7991071428571428,0.4460677853785455,1.0
wanda-u80,wanda,unstructured,0.7993561126373626,3743.371861268363,q_proj,1,csr,5,0.7991071428571428,0.040902209002524614,0.2762316835222075
wanda-u80,wanda,unstructured,0.7993561126373626,3743.371861268363,q_proj,1,csr_random,5,0.7991071428571428,0.04102380480617285,0.27541125381309484
wanda-u80,wanda,unstructured,0.7993561126373626,3743.371861268363,q_proj,1,csr_rowmajor,5,0.7991071428571428,0.039087526965886354,0.2890635730206713
wanda-u80,wanda,unstructured,0.7993561126373626,3743.371861268363,q_proj,1,dense,5,0.7991071428571428,0.01129640731960535,1.0
wanda-u80,wanda,unstructured,0.7993561126373626,3743.371861268363,q_proj,8,csr,5,0.7991071428571428,0.05219591548666358,1.4139969985145735
wanda-u80,wanda,unstructured,0.7993561126373626,3743.371861268363,q_proj,8,csr_random,5,0.7991071428571428,0.05164803005754948,1.4282395796468412
wanda-u80,wanda,unstructured,0.7993561126373626,3743.371861268363,q_proj,8,csr_rowmajor,5,0.7991071428571428,0.03222981467843056,2.2903232861247833
wanda-u80,wanda,unstructured,0.7993561126373626,3743.371861268363,q_proj,8,dense,5,0.7991071428571428,0.07374881533905864,1.0
wanda-u80,wanda,unstructured,0.7993561126373626,3743.371861268363,q_proj,32,csr,5,0.7991071428571428,0.09670697618275881,0.9652044787777411
wanda-u80,wanda,unstructured,0.7993561126373626,3743.371861268363,q_proj,32,csr_random,5,0.7991071428571428,0.09838718688115478,0.9484178450062578
wanda-u80,wanda,unstructured,0.7993561126373626,3743.371861268363,q_proj,32,csr_rowmajor,5,0.7991071428571428,0.05353057058528066,1.7477454331800186
wanda-u80,wanda,unstructured,0.7993561126373626,3743.371861268363,q_proj,32,dense,5,0.7991071428571428,0.09329132735729218,1.0
wanda-u80,wanda,unstructured,0.7993561126373626,3743.371861268363,q_proj,128,csr,5,0.7991071428571428,0.3041507792659104,0.5640865243630502
wanda-u80,wanda,unstructured,0.7993561126373626,3743.371861268363,q_proj,128,csr_random,5,0.7991071428571428,0.30734960455447435,0.558217481685415
wanda-u80,wanda,unstructured,0.7993561126373626,3743.371861268363,q_proj,128,csr_rowmajor,5,0.7991071428571428,0.14540748670697212,1.1866464731999702
wanda-u80,wanda,unstructured,0.7993561126373626,3743.371861268363,q_proj,128,dense,5,0.7991071428571428,0.17155189998447895,1.0
wanda-u80,wanda,unstructured,0.7993561126373626,3743.371861268363,q_proj,512,csr,5,0.7991071428571428,1.4205289189703763,0.3141727939715341
wanda-u80,wanda,unstructured,0.7993561126373626,3743.371861268363,q_proj,512,csr_random,5,0.7991071428571428,1.4122752356342971,0.3152120897686547
wanda-u80,wanda,unstructured,0.7993561126373626,3743.371861268363,q_proj,512,csr_rowmajor,5,0.7991071428571428,0.6766417995095253,0.6875099227032714
wanda-u80,wanda,unstructured,0.7993561126373626,3743.371861268363,q_proj,512,dense,5,0.7991071428571428,0.442815909627825,1.0
wanda-u80,wanda,unstructured,0.7993561126373626,3743.371861268363,up_proj,1,csr,5,0.7991071428571428,0.10943228844553232,0.3602941698621495
wanda-u80,wanda,unstructured,0.7993561126373626,3743.371861268363,up_proj,1,csr_random,5,0.7991071428571428,0.10973297758027911,0.35934958007669465
wanda-u80,wanda,unstructured,0.7993561126373626,3743.371861268363,up_proj,1,csr_rowmajor,5,0.7991071428571428,0.1071993145160377,0.3678302038881611
wanda-u80,wanda,unstructured,0.7993561126373626,3743.371861268363,up_proj,1,dense,5,0.7991071428571428,0.0394212082028389,1.0
wanda-u80,wanda,unstructured,0.7993561126373626,3743.371861268363,up_proj,8,csr,5,0.7991071428571428,0.10278476402163506,0.942133548244661
wanda-u80,wanda,unstructured,0.7993561126373626,3743.371861268363,up_proj,8,csr_random,5,0.7991071428571428,0.10282950242981315,0.9414129334243576
wanda-u80,wanda,unstructured,0.7993561126373626,3743.371861268363,up_proj,8,csr_rowmajor,5,0.7991071428571428,0.08209499064832926,1.1794493367515635
wanda-u80,wanda,unstructured,0.7993561126373626,3743.371861268363,up_proj,8,dense,5,0.7991071428571428,0.09681661613285542,1.0
wanda-u80,wanda,unstructured,0.7993561126373626,3743.371861268363,up_proj,32,csr,5,0.7991071428571428,0.2155823982320726,2.1043787459622414
wanda-u80,wanda,unstructured,0.7993561126373626,3743.371861268363,up_proj,32,csr_random,5,0.7991071428571428,0.21470527863129973,2.1128621516816857
wanda-u80,wanda,unstructured,0.7993561126373626,3743.371861268363,up_proj,32,csr_rowmajor,5,0.7991071428571428,0.16989039722830057,2.6706318408192
wanda-u80,wanda,unstructured,0.7993561126373626,3743.371861268363,up_proj,32,dense,5,0.7991071428571428,0.4536303924396634,1.0
wanda-u80,wanda,unstructured,0.7993561126373626,3743.371861268363,up_proj,128,csr,5,0.7991071428571428,0.9322905796580017,0.8212036068982419
wanda-u80,wanda,unstructured,0.7993561126373626,3743.371861268363,up_proj,128,csr_random,5,0.7991071428571428,0.9149242308922112,0.8374805857592417
wanda-u80,wanda,unstructured,0.7993561126373626,3743.371861268363,up_proj,128,csr_rowmajor,5,0.7991071428571428,0.7283564074896276,1.0648660191479378
wanda-u80,wanda,unstructured,0.7993561126373626,3743.371861268363,up_proj,128,dense,5,0.7991071428571428,0.7655603927560151,1.0
wanda-u80,wanda,unstructured,0.7993561126373626,3743.371861268363,up_proj,512,csr,5,0.7991071428571428,3.9314385037869215,0.5712409587273537
wanda-u80,wanda,unstructured,0.7993561126373626,3743.371861268363,up_proj,512,csr_random,5,0.7991071428571428,3.9788526948541403,0.566153859521058
wanda-u80,wanda,unstructured,0.7993561126373626,3743.371861268363,up_proj,512,csr_rowmajor,5,0.7991071428571428,3.6117526120506227,0.6296185290650176
wanda-u80,wanda,unstructured,0.7993561126373626,3743.371861268363,up_proj,512,dense,5,0.7991071428571428,2.220678306184709,1.0
wanda-u80,wanda,unstructured,0.7993561126373626,3743.371861268363,v_proj,1,csr,5,0.7991071428571428,0.024670199491083622,0.2706992054138818
wanda-u80,wanda,unstructured,0.7993561126373626,3743.371861268363,v_proj,1,csr_random,5,0.7991071428571428,0.024735648185014725,0.26998028945413655
wanda-u80,wanda,unstructured,0.7993561126373626,3743.371861268363,v_proj,1,csr_rowmajor,5,0.7991071428571428,0.022837147116661072,0.2924240084285353
wanda-u80,wanda,unstructured,0.7993561126373626,3743.371861268363,v_proj,1,dense,5,0.7991071428571428,0.006678211502730846,1.0
wanda-u80,wanda,unstructured,0.7993561126373626,3743.371861268363,v_proj,8,csr,5,0.7991071428571428,0.039510789792984724,0.437292099281532
wanda-u80,wanda,unstructured,0.7993561126373626,3743.371861268363,v_proj,8,csr_random,5,0.7991071428571428,0.03947209334000945,0.4377188308249439
wanda-u80,wanda,unstructured,0.7993561126373626,3743.371861268363,v_proj,8,csr_rowmajor,5,0.7991071428571428,0.021069590002298355,0.8200003150239663
wanda-u80,wanda,unstructured,0.7993561126373626,3743.371861268363,v_proj,8,dense,5,0.7991071428571428,0.017276802100241184,1.0
wanda-u80,wanda,unstructured,0.7993561126373626,3743.371861268363,v_proj,32,csr,5,0.7991071428571428,0.06574217695742846,0.33278145227246203
wanda-u80,wanda,unstructured,0.7993561126373626,3743.371861268363,v_proj,32,csr_random,5,0.7991071428571428,0.06614569574594498,0.3307351759923009
wanda-u80,wanda,unstructured,0.7993561126373626,3743.371861268363,v_proj,32,csr_rowmajor,5,0.7991071428571428,0.023451249580830336,0.9328346675895867
wanda-u80,wanda,unstructured,0.7993561126373626,3743.371861268363,v_proj,32,dense,5,0.7991071428571428,0.021875998936593533,1.0
wanda-u80,wanda,unstructured,0.7993561126373626,3743.371861268363,v_proj,128,csr,5,0.7991071428571428,0.2009803196415305,0.21947993532404497
wanda-u80,wanda,unstructured,0.7993561126373626,3743.371861268363,v_proj,128,csr_random,5,0.7991071428571428,0.20587958861142397,0.214225800458914
wanda-u80,wanda,unstructured,0.7993561126373626,3743.371861268363,v_proj,128,csr_rowmajor,5,0.7991071428571428,0.0372523907572031,1.1874209499848776
wanda-u80,wanda,unstructured,0.7993561126373626,3743.371861268363,v_proj,128,dense,5,0.7991071428571428,0.04409840330481529,1.0
wanda-u80,wanda,unstructured,0.7993561126373626,3743.371861268363,v_proj,512,csr,5,0.7991071428571428,0.8194755180738866,0.12818951966139905
wanda-u80,wanda,unstructured,0.7993561126373626,3743.371861268363,v_proj,512,csr_random,5,0.7991071428571428,0.8480536984279752,0.12384437935343785
wanda-u80,wanda,unstructured,0.7993561126373626,3743.371861268363,v_proj,512,csr_rowmajor,5,0.7991071428571428,0.1169774099253118,0.8990558400405673
wanda-u80,wanda,unstructured,0.7993561126373626,3743.371861268363,v_proj,512,dense,5,0.7991071428571428,0.10502139339223504,1.0
wanda-u90,wanda,unstructured,0.8996480082417583,173152.74939857077,down_proj,1,csr,5,0.8998766447368421,0.10184943675994873,0.39271282691069853
wanda-u90,wanda,unstructured,0.8996480082417583,173152.74939857077,down_proj,1,csr_random,5,0.8998766447368421,0.10155290365219116,0.3938033025749991
wanda-u90,wanda,unstructured,0.8996480082417583,173152.74939857077,down_proj,1,csr_rowmajor,5,0.8998766447368421,0.09952150285243988,0.4018570129913657
wanda-u90,wanda,unstructured,0.8996480082417583,173152.74939857077,down_proj,1,dense,5,0.8998766447368421,0.03999099135398865,1.0
wanda-u90,wanda,unstructured,0.8996480082417583,173152.74939857077,down_proj,8,csr,5,0.8998766447368421,0.1330852508544922,0.9648231299468233
wanda-u90,wanda,unstructured,0.8996480082417583,173152.74939857077,down_proj,8,csr_random,5,0.8998766447368421,0.1308642327785492,0.9812650745583871
wanda-u90,wanda,unstructured,0.8996480082417583,173152.74939857077,down_proj,8,csr_rowmajor,5,0.8998766447368421,0.05002617835998535,2.5660074009551512
wanda-u90,wanda,unstructured,0.8996480082417583,173152.74939857077,down_proj,8,dense,5,0.8998766447368421,0.12833774089813232,1.0
wanda-u90,wanda,unstructured,0.8996480082417583,173152.74939857077,down_proj,32,csr,5,0.8998766447368421,0.30714012682437897,0.7816715850082612
wanda-u90,wanda,unstructured,0.8996480082417583,173152.74939857077,down_proj,32,csr_random,5,0.8998766447368421,0.3096994012594223,0.7751181555916943
wanda-u90,wanda,unstructured,0.8996480082417583,173152.74939857077,down_proj,32,csr_rowmajor,5,0.8998766447368421,0.10544098913669586,2.2809349117738495
wanda-u90,wanda,unstructured,0.8996480082417583,173152.74939857077,down_proj,32,dense,5,0.8998766447368421,0.24005286395549774,1.0
wanda-u90,wanda,unstructured,0.8996480082417583,173152.74939857077,down_proj,128,csr,5,0.8998766447368421,1.2172792106866837,0.49965433080888444
wanda-u90,wanda,unstructured,0.8996480082417583,173152.74939857077,down_proj,128,csr_random,5,0.8998766447368421,1.2652181088924408,0.48067370660152675
wanda-u90,wanda,unstructured,0.8996480082417583,173152.74939857077,down_proj,128,csr_rowmajor,5,0.8998766447368421,0.3797195851802826,1.6102312510885015
wanda-u90,wanda,unstructured,0.8996480082417583,173152.74939857077,down_proj,128,dense,5,0.8998766447368421,0.6081528961658478,1.0
wanda-u90,wanda,unstructured,0.8996480082417583,173152.74939857077,down_proj,512,csr,5,0.8998766447368421,6.165991723537445,0.44160226994769824
wanda-u90,wanda,unstructured,0.8996480082417583,173152.74939857077,down_proj,512,csr_random,5,0.8998766447368421,6.565260514616966,0.4143006867249758
wanda-u90,wanda,unstructured,0.8996480082417583,173152.74939857077,down_proj,512,csr_rowmajor,5,0.8998766447368421,2.410624921321869,1.1340898160827646
wanda-u90,wanda,unstructured,0.8996480082417583,173152.74939857077,down_proj,512,dense,5,0.8998766447368421,2.7199674397706985,1.0
wanda-u90,wanda,unstructured,0.8996480082417583,173152.74939857077,gate_proj,1,csr,5,0.8995535714285714,0.06469078361988068,0.5555352419173383
wanda-u90,wanda,unstructured,0.8996480082417583,173152.74939857077,gate_proj,1,csr_random,5,0.8995535714285714,0.06383135914802551,0.5629964666282682
wanda-u90,wanda,unstructured,0.8996480082417583,173152.74939857077,gate_proj,1,csr_rowmajor,5,0.8995535714285714,0.06240345537662506,0.5761154454257575
wanda-u90,wanda,unstructured,0.8996480082417583,173152.74939857077,gate_proj,1,dense,5,0.8995535714285714,0.035936012864112854,1.0
wanda-u90,wanda,unstructured,0.8996480082417583,173152.74939857077,gate_proj,8,csr,5,0.8995535714285714,0.0765874981880188,1.0485792670737184
wanda-u90,wanda,unstructured,0.8996480082417583,173152.74939857077,gate_proj,8,csr_random,5,0.8995535714285714,0.0768955796957016,1.0442631331051242
wanda-u90,wanda,unstructured,0.8996480082417583,173152.74939857077,gate_proj,8,csr_rowmajor,5,0.8995535714285714,0.05688220262527466,1.4124371184455669
wanda-u90,wanda,unstructured,0.8996480082417583,173152.74939857077,gate_proj,8,dense,5,0.8995535714285714,0.08033737540245056,1.0
wanda-u90,wanda,unstructured,0.8996480082417583,173152.74939857077,gate_proj,32,csr,5,0.8995535714285714,0.14887191355228424,1.5622429819404093
wanda-u90,wanda,unstructured,0.8996480082417583,173152.74939857077,gate_proj,32,csr_random,5,0.8995535714285714,0.15258900821208954,1.5240775429554405
wanda-u90,wanda,unstructured,0.8996480082417583,173152.74939857077,gate_proj,32,csr_rowmajor,5,0.8995535714285714,0.10469220578670502,2.2215775558358626
wanda-u90,wanda,unstructured,0.8996480082417583,173152.74939857077,gate_proj,32,dense,5,0.8995535714285714,0.23255608975887299,1.0
wanda-u90,wanda,unstructured,0.8996480082417583,173152.74939857077,gate_proj,128,csr,5,0.8995535714285714,0.4550240933895111,1.6760309985726554
wanda-u90,wanda,unstructured,0.8996480082417583,173152.74939857077,gate_proj,128,csr_random,5,0.8995535714285714,0.46254806220531464,1.6484567535346333
wanda-u90,wanda,unstructured,0.8996480082417583,173152.74939857077,gate_proj,128,csr_rowmajor,5,0.8995535714285714,0.28149373829364777,2.7116065112413867
wanda-u90,wanda,unstructured,0.8996480082417583,173152.74939857077,gate_proj,128,dense,5,0.8995535714285714,0.7617983967065811,1.0
wanda-u90,wanda,unstructured,0.8996480082417583,173152.74939857077,gate_proj,512,csr,5,0.8995535714285714,2.1853648126125336,1.013411965522965
wanda-u90,wanda,unstructured,0.8996480082417583,173152.74939857077,gate_proj,512,csr_random,5,0.8995535714285714,2.4733804166316986,0.8948406397428214
wanda-u90,wanda,unstructured,0.8996480082417583,173152.74939857077,gate_proj,512,csr_rowmajor,5,0.8995535714285714,1.681799441576004,1.349104635518787
wanda-u90,wanda,unstructured,0.8996480082417583,173152.74939857077,gate_proj,512,dense,5,0.8995535714285714,2.212151885032654,1.0
wanda-u90,wanda,unstructured,0.8996480082417583,173152.74939857077,k_proj,1,csr,5,0.8995535714285714,0.020954757928848267,0.3434715035488216
wanda-u90,wanda,unstructured,0.8996480082417583,173152.74939857077,k_proj,1,csr_random,5,0.8995535714285714,0.020965933799743652,0.34328469125685107
wanda-u90,wanda,unstructured,0.8996480082417583,173152.74939857077,k_proj,1,csr_rowmajor,5,0.8995535714285714,0.01892969012260437,0.3802117516770962
wanda-u90,wanda,unstructured,0.8996480082417583,173152.74939857077,k_proj,1,dense,5,0.8995535714285714,0.007197260856628418,1.0
wanda-u90,wanda,unstructured,0.8996480082417583,173152.74939857077,k_proj,8,csr,5,0.8995535714285714,0.03629736602306366,0.3221021751205107
wanda-u90,wanda,unstructured,0.8996480082417583,173152.74939857077,k_proj,8,csr_random,5,0.8995535714285714,0.03640204668045044,0.3212049292524652
wanda-u90,wanda,unstructured,0.8996480082417583,173152.74939857077,k_proj,8,csr_rowmajor,5,0.8995535714285714,0.01729726791381836,0.6759402454967066
wanda-u90,wanda,unstructured,0.8996480082417583,173152.74939857077,k_proj,8,dense,5,0.8995535714285714,0.011691451072692871,1.0
wanda-u90,wanda,unstructured,0.8996480082417583,173152.74939857077,k_proj,32,csr,5,0.8995535714285714,0.061152130365371704,0.26551467922060246
wanda-u90,wanda,unstructured,0.8996480082417583,173152.74939857077,k_proj,32,csr_random,5,0.8995535714285714,0.06321072578430176,0.2568127205777406
wanda-u90,wanda,unstructured,0.8996480082417583,173152.74939857077,k_proj,32,csr_rowmajor,5,0.8995535714285714,0.018964707851409912,0.8559562344432807
wanda-u90,wanda,unstructured,0.8996480082417583,173152.74939857077,k_proj,32,dense,5,0.8995535714285714,0.01623295247554779,1.0
wanda-u90,wanda,unstructured,0.8996480082417583,173152.74939857077,k_proj,128,csr,5,0.8995535714285714,0.17896853387355804,0.18114381002353452
wanda-u90,wanda,unstructured,0.8996480082417583,173152.74939857077,k_proj,128,csr_random,5,0.8995535714285714,0.1917332410812378,0.1691035157232105
wanda-u90,wanda,unstructured,0.8996480082417583,173152.74939857077,k_proj,128,csr_rowmajor,5,0.8995535714285714,0.027865543961524963,1.163166253992945
wanda-u90,wanda,unstructured,0.8996480082417583,173152.74939857077,k_proj,128,dense,5,0.8995535714285714,0.03241151571273804,1.0
wanda-u90,wanda,unstructured,0.8996480082417583,173152.74939857077,k_proj,512,csr,5,0.8995535714285714,0.7087212055921555,0.11512739112130167
wanda-u90,wanda,unstructured,0.8996480082417583,173152.74939857077,k_proj,512,csr_random,5,0.8995535714285714,0.7830720394849777,0.1040987443758284
wanda-u90,wanda,unstructured,0.8996480082417583,173152.74939857077,k_proj,512,csr_rowmajor,5,0.8995535714285714,0.06784200668334961,1.2039333454373522
wanda-u90,wanda,unstructured,0.8996480082417583,173152.74939857077,k_proj,512,dense,5,0.8995535714285714,0.08149780333042145,1.0
wanda-u90,wanda,unstructured,0.8996480082417583,173152.74939857077,o_proj,1,csr,5,0.8995535714285714,0.034135207533836365,0.34337356083622805
wanda-u90,wanda,unstructured,0.8996480082417583,173152.74939857077,o_proj,1,csr_random,5,0.8995535714285714,0.03322437405586243,0.3525324227402094
wanda-u90,wanda,unstructured,0.8996480082417583,173152.74939857077,o_proj,1,csr_rowmajor,5,0.8995535714285714,0.03167092800140381,0.3702402171756454
wanda-u90,wanda,unstructured,0.8996480082417583,173152.74939857077,o_proj,1,dense,5,0.8995535714285714,0.011708587408065796,1.0
wanda-u90,wanda,unstructured,0.8996480082417583,173152.74939857077,o_proj,8,csr,5,0.8995535714285714,0.047915056347846985,0.6953863726786825
wanda-u90,wanda,unstructured,0.8996480082417583,173152.74939857077,o_proj,8,csr_random,5,0.8995535714285714,0.047894567251205444,0.6956147837618754
wanda-u90,wanda,unstructured,0.8996480082417583,173152.74939857077,o_proj,8,csr_rowmajor,5,0.8995535714285714,0.028830766677856445,1.1555539599056313
wanda-u90,wanda,unstructured,0.8996480082417583,173152.74939857077,o_proj,8,dense,5,0.8995535714285714,0.0333152711391449,1.0
wanda-u90,wanda,unstructured,0.8996480082417583,173152.74939857077,o_proj,32,csr,5,0.8995535714285714,0.08363686501979828,0.6293165418062144
wanda-u90,wanda,unstructured,0.8996480082417583,173152.74939857077,o_proj,32,csr_random,5,0.8995535714285714,0.08732043206691742,0.6028107096885585
wanda-u90,wanda,unstructured,0.8996480082417583,173152.74939857077,o_proj,32,csr_rowmajor,5,0.8995535714285714,0.04188269376754761,1.2568005820947115
wanda-u90,wanda,unstructured,0.8996480082417583,173152.74939857077,o_proj,32,dense,5,0.8995535714285714,0.05261823534965515,1.0
wanda-u90,wanda,unstructured,0.8996480082417583,173152.74939857077,o_proj,128,csr,5,0.8995535714285714,0.24640262126922607,0.5289588880732837
wanda-u90,wanda,unstructured,0.8996480082417583,173152.74939857077,o_proj,128,csr_random,5,0.8995535714285714,0.2556949853897095,0.5094810218627007
wanda-u90,wanda,unstructured,0.8996480082417583,173152.74939857077,o_proj,128,csr_rowmajor,5,0.8995535714285714,0.08007138967514038,1.62676115230974
wanda-u90,wanda,unstructured,0.8996480082417583,173152.74939857077,o_proj,128,dense,5,0.8995535714285714,0.1302529126405716,1.0
wanda-u90,wanda,unstructured,0.8996480082417583,173152.74939857077,o_proj,512,csr,5,0.8995535714285714,0.971854105591774,0.464156658145393
wanda-u90,wanda,unstructured,0.8996480082417583,173152.74939857077,o_proj,512,csr_random,5,0.8995535714285714,1.0330650955438614,0.436706121510911
wanda-u90,wanda,unstructured,0.8996480082417583,173152.74939857077,o_proj,512,csr_rowmajor,5,0.8995535714285714,0.32576918601989746,1.438044056381826
wanda-u90,wanda,unstructured,0.8996480082417583,173152.74939857077,o_proj,512,dense,5,0.8995535714285714,0.4510480910539627,1.0
wanda-u90,wanda,unstructured,0.8996480082417583,173152.74939857077,q_proj,1,csr,5,0.8995535714285714,0.03343410789966583,0.35250672064688515
wanda-u90,wanda,unstructured,0.8996480082417583,173152.74939857077,q_proj,1,csr_random,5,0.8995535714285714,0.0328943133354187,0.3582124471926558
wanda-u90,wanda,unstructured,0.8996480082417583,173152.74939857077,q_proj,1,csr_rowmajor,5,0.8995535714285714,0.031151622533798218,0.37830591873512576
wanda-u90,wanda,unstructured,0.8996480082417583,173152.74939857077,q_proj,1,dense,5,0.8995535714285714,0.011767446994781494,1.0
wanda-u90,wanda,unstructured,0.8996480082417583,173152.74939857077,q_proj,8,csr,5,0.8995535714285714,0.048035383224487305,0.6932227701463384
wanda-u90,wanda,unstructured,0.8996480082417583,173152.74939857077,q_proj,8,csr_random,5,0.8995535714285714,0.048007071018218994,0.6936059700945668
wanda-u90,wanda,unstructured,0.8996480082417583,173152.74939857077,q_proj,8,csr_rowmajor,5,0.8995535714285714,0.02887248992919922,1.1532550526194858
wanda-u90,wanda,unstructured,0.8996480082417583,173152.74939857077,q_proj,8,dense,5,0.8995535714285714,0.03329664468765259,1.0
wanda-u90,wanda,unstructured,0.8996480082417583,173152.74939857077,q_proj,32,csr,5,0.8995535714285714,0.08399747312068939,0.6274533274638086
wanda-u90,wanda,unstructured,0.8996480082417583,173152.74939857077,q_proj,32,csr_random,5,0.8995535714285714,0.0871364027261734,0.6050190890322893
wanda-u90,wanda,unstructured,0.8996480082417583,173152.74939857077,q_proj,32,csr_rowmajor,5,0.8995535714285714,0.04181526601314545,1.2604652240716718
wanda-u90,wanda,unstructured,0.8996480082417583,173152.74939857077,q_proj,32,dense,5,0.8995535714285714,0.052678585052490234,1.0
wanda-u90,wanda,unstructured,0.8996480082417583,173152.74939857077,q_proj,128,csr,5,0.8995535714285714,0.24589337408542633,0.5299991204496077
wanda-u90,wanda,unstructured,0.8996480082417583,173152.74939857077,q_proj,128,csr_random,5,0.8995535714285714,0.25556161999702454,0.5096619700614546
wanda-u90,wanda,unstructured,0.8996480082417583,173152.74939857077,q_proj,128,csr_rowmajor,5,0.8995535714285714,0.0853758305311203,1.528613164295516
wanda-u90,wanda,unstructured,0.8996480082417583,173152.74939857077,q_proj,128,dense,5,0.8995535714285714,0.13022832572460175,1.0
wanda-u90,wanda,unstructured,0.8996480082417583,173152.74939857077,q_proj,512,csr,5,0.8995535714285714,0.9728558361530304,0.46252018385369525
wanda-u90,wanda,unstructured,0.8996480082417583,173152.74939857077,q_proj,512,csr_random,5,0.8995535714285714,1.0209672152996063,0.4407241204817462
wanda-u90,wanda,unstructured,0.8996480082417583,173152.74939857077,q_proj,512,csr_rowmajor,5,0.8995535714285714,0.27155913412570953,1.6665830117811262
wanda-u90,wanda,unstructured,0.8996480082417583,173152.74939857077,q_proj,512,dense,5,0.8995535714285714,0.44995322823524475,1.0
wanda-u90,wanda,unstructured,0.8996480082417583,173152.74939857077,up_proj,1,csr,5,0.8995535714285714,0.06456747651100159,0.5967429311842295
wanda-u90,wanda,unstructured,0.8996480082417583,173152.74939857077,up_proj,1,csr_random,5,0.8995535714285714,0.06363578140735626,0.6059504726003104
wanda-u90,wanda,unstructured,0.8996480082417583,173152.74939857077,up_proj,1,csr_rowmajor,5,0.8995535714285714,0.06237328052520752,0.6178191188783115
wanda-u90,wanda,unstructured,0.8996480082417583,173152.74939857077,up_proj,1,dense,5,0.8995535714285714,0.038526952266693115,1.0
wanda-u90,wanda,unstructured,0.8996480082417583,173152.74939857077,up_proj,8,csr,5,0.8995535714285714,0.07676854729652405,1.1612471054534723
wanda-u90,wanda,unstructured,0.8996480082417583,173152.74939857077,up_proj,8,csr_random,5,0.8995535714285714,0.07716156542301178,1.1559903950593116
wanda-u90,wanda,unstructured,0.8996480082417583,173152.74939857077,up_proj,8,csr_rowmajor,5,0.8995535714285714,0.056713446974754333,1.5709793377073464
wanda-u90,wanda,unstructured,0.8996480082417583,173152.74939857077,up_proj,8,dense,5,0.8995535714285714,0.08906349539756775,1.0
wanda-u90,wanda,unstructured,0.8996480082417583,173152.74939857077,up_proj,32,csr,5,0.8995535714285714,0.15005767345428467,1.5526021382496908
wanda-u90,wanda,unstructured,0.8996480082417583,173152.74939857077,up_proj,32,csr_random,5,0.8995535714285714,0.15310347080230713,1.521669179513612
wanda-u90,wanda,unstructured,0.8996480082417583,173152.74939857077,up_proj,32,csr_rowmajor,5,0.8995535714285714,0.10591074824333191,2.1997664236601238
wanda-u90,wanda,unstructured,0.8996480082417583,173152.74939857077,up_proj,32,dense,5,0.8995535714285714,0.23297034204006195,1.0
wanda-u90,wanda,unstructured,0.8996480082417583,173152.74939857077,up_proj,128,csr,5,0.8995535714285714,0.46502165496349335,1.638544686072239
wanda-u90,wanda,unstructured,0.8996480082417583,173152.74939857077,up_proj,128,csr_random,5,0.8995535714285714,0.47130994498729706,1.6166464579989424
wanda-u90,wanda,unstructured,0.8996480082417583,173152.74939857077,up_proj,128,csr_rowmajor,5,0.8995535714285714,0.28243251144886017,2.7010334670192653
wanda-u90,wanda,unstructured,0.8996480082417583,173152.74939857077,up_proj,128,dense,5,0.8995535714285714,0.7609013468027115,1.0
wanda-u90,wanda,unstructured,0.8996480082417583,173152.74939857077,up_proj,512,csr,5,0.8995535714285714,2.22911536693573,0.996845370977315
wanda-u90,wanda,unstructured,0.8996480082417583,173152.74939857077,up_proj,512,csr_random,5,0.8995535714285714,2.4095818400382996,0.9204140986824931
wanda-u90,wanda,unstructured,0.8996480082417583,173152.74939857077,up_proj,512,csr_rowmajor,5,0.8995535714285714,1.6965527087450027,1.3147807906515008
wanda-u90,wanda,unstructured,0.8996480082417583,173152.74939857077,up_proj,512,dense,5,0.8995535714285714,2.2176072001457214,1.0
wanda-u90,wanda,unstructured,0.8996480082417583,173152.74939857077,v_proj,1,csr,5,0.8995535714285714,0.020937621593475342,0.34143988253500884
wanda-u90,wanda,unstructured,0.8996480082417583,173152.74939857077,v_proj,1,csr_random,5,0.8995535714285714,0.020954757928848267,0.3411602614644182
wanda-u90,wanda,unstructured,0.8996480082417583,173152.74939857077,v_proj,1,csr_rowmajor,5,0.8995535714285714,0.018936023116111755,0.3775296114804872
wanda-u90,wanda,unstructured,0.8996480082417583,173152.74939857077,v_proj,1,dense,5,0.8995535714285714,0.007148832082748413,1.0
wanda-u90,wanda,unstructured,0.8996480082417583,173152.74939857077,v_proj,8,csr,5,0.8995535714285714,0.036536529660224915,0.3191055441238818
wanda-u90,wanda,unstructured,0.8996480082417583,173152.74939857077,v_proj,8,csr_random,5,0.8995535714285714,0.036581605672836304,0.31870579361611734
wanda-u90,wanda,unstructured,0.8996480082417583,173152.74939857077,v_proj,8,csr_rowmajor,5,0.8995535714285714,0.017376244068145752,0.6709183259552582
wanda-u90,wanda,unstructured,0.8996480082417583,173152.74939857077,v_proj,8,dense,5,0.8995535714285714,0.011657923460006714,1.0
wanda-u90,wanda,unstructured,0.8996480082417583,173152.74939857077,v_proj,32,csr,5,0.8995535714285714,0.06166324019432068,0.2633951331447341
wanda-u90,wanda,unstructured,0.8996480082417583,173152.74939857077,v_proj,32,csr_random,5,0.8995535714285714,0.0630062073469162,0.25771670604679003
wanda-u90,wanda,unstructured,0.8996480082417583,173152.74939857077,v_proj,32,csr_rowmajor,5,0.8995535714285714,0.018952786922454834,0.8566787915673624
wanda-u90,wanda,unstructured,0.8996480082417583,173152.74939857077,v_proj,32,dense,5,0.8995535714285714,0.016236305236816406,1.0
wanda-u90,wanda,unstructured,0.8996480082417583,173152.74939857077,v_proj,128,csr,5,0.8995535714285714,0.17943494021892548,0.1805747781674635
wanda-u90,wanda,unstructured,0.8996480082417583,173152.74939857077,v_proj,128,csr_random,5,0.8995535714285714,0.19031092524528503,0.170119216969855
wanda-u90,wanda,unstructured,0.8996480082417583,173152.74939857077,v_proj,128,csr_rowmajor,5,0.8995535714285714,0.02791658043861389,1.1596492726528684
wanda-u90,wanda,unstructured,0.8996480082417583,173152.74939857077,v_proj,128,dense,5,0.8995535714285714,0.03237202763557434,1.0
wanda-u90,wanda,unstructured,0.8996480082417583,173152.74939857077,v_proj,512,csr,5,0.8995535714285714,0.7162727415561676,0.11053679561856525
wanda-u90,wanda,unstructured,0.8996480082417583,173152.74939857077,v_proj,512,csr_random,5,0.8995535714285714,0.777038186788559,0.10173049999495669
wanda-u90,wanda,unstructured,0.8996480082417583,173152.74939857077,v_proj,512,csr_rowmajor,5,0.8995535714285714,0.0677451491355896,1.1712840520414791
wanda-u90,wanda,unstructured,0.8996480082417583,173152.74939857077,v_proj,512,dense,5,0.8995535714285714,0.0790320336818695,1.0
